-- MySQL dump 10.13  Distrib 8.0.19, for Win64 (x86_64)
--
-- Host: holidate-db.c9owiuuash15.ap-southeast-1.rds.amazonaws.com    Database: holidate_db
-- ------------------------------------------------------
-- Server version	8.0.42

/*!40101 SET @OLD_CHARACTER_SET_CLIENT=@@CHARACTER_SET_CLIENT */;
/*!40101 SET @OLD_CHARACTER_SET_RESULTS=@@CHARACTER_SET_RESULTS */;
/*!40101 SET @OLD_COLLATION_CONNECTION=@@COLLATION_CONNECTION */;
/*!50503 SET NAMES utf8mb4 */;
/*!40103 SET @OLD_TIME_ZONE=@@TIME_ZONE */;
/*!40103 SET TIME_ZONE='+00:00' */;
/*!40014 SET @OLD_UNIQUE_CHECKS=@@UNIQUE_CHECKS, UNIQUE_CHECKS=0 */;
/*!40014 SET @OLD_FOREIGN_KEY_CHECKS=@@FOREIGN_KEY_CHECKS, FOREIGN_KEY_CHECKS=0 */;
/*!40101 SET @OLD_SQL_MODE=@@SQL_MODE, SQL_MODE='NO_AUTO_VALUE_ON_ZERO' */;
/*!40111 SET @OLD_SQL_NOTES=@@SQL_NOTES, SQL_NOTES=0 */;
SET @MYSQLDUMP_TEMP_LOG_BIN = @@SESSION.SQL_LOG_BIN;
SET @@SESSION.SQL_LOG_BIN= 0;

--
-- GTID state at the beginning of the backup 
--

SET @@GLOBAL.GTID_PURGED=/*!80000 '+'*/ '';

--
-- Table structure for table `amenities`
--

DROP TABLE IF EXISTS `amenities`;
/*!40101 SET @saved_cs_client     = @@character_set_client */;
/*!50503 SET character_set_client = utf8mb4 */;
CREATE TABLE `amenities` (
  `id` varchar(255) NOT NULL,
  `name` varchar(255) NOT NULL,
  `amenity_category_id` varchar(255) NOT NULL,
  `free` bit(1) NOT NULL,
  PRIMARY KEY (`id`),
  UNIQUE KEY `UKm492b3r7aa2c88y156nvic16s` (`name`),
  KEY `idx_amenities_category_id` (`amenity_category_id`),
  KEY `idx_amenities_free` (`free`),
  CONSTRAINT `FKcnhvaiek1pxiq8uo58e0g7r0h` FOREIGN KEY (`amenity_category_id`) REFERENCES `amenity_categories` (`id`)
) ENGINE=InnoDB DEFAULT CHARSET=utf8mb4 COLLATE=utf8mb4_0900_ai_ci;
/*!40101 SET character_set_client = @saved_cs_client */;

--
-- Dumping data for table `amenities`
--

LOCK TABLES `amenities` WRITE;
/*!40000 ALTER TABLE `amenities` DISABLE KEYS */;
INSERT INTO `amenities` VALUES ('2071edb6-a065-11f0-a7b7-0a6aab4924ab','Nhân viên xách hành lý','183b7f1b-a065-11f0-a7b7-0a6aab4924ab',_binary '\0'),('2071f26c-a065-11f0-a7b7-0a6aab4924ab','Thức uống chào mừng miễn phí','183b7f1b-a065-11f0-a7b7-0a6aab4924ab',_binary '\0'),('20720dfc-a065-11f0-a7b7-0a6aab4924ab','Dịch vụ concierge/hỗ trợ khách','183b7f1b-a065-11f0-a7b7-0a6aab4924ab',_binary '\0'),('20721009-a065-11f0-a7b7-0a6aab4924ab','Dịch vụ thu đổi ngoại tệ','183b7f1b-a065-11f0-a7b7-0a6aab4924ab',_binary '\0'),('20721102-a065-11f0-a7b7-0a6aab4924ab','Người gác cửa','183b7f1b-a065-11f0-a7b7-0a6aab4924ab',_binary '\0'),('20722b61-a065-11f0-a7b7-0a6aab4924ab','EARLY_CHECK_IN','183b7f1b-a065-11f0-a7b7-0a6aab4924ab',_binary '\0'),('20722d38-a065-11f0-a7b7-0a6aab4924ab','Quầy lễ tân','183b7f1b-a065-11f0-a7b7-0a6aab4924ab',_binary '\0'),('20722e6d-a065-11f0-a7b7-0a6aab4924ab','Lễ tân 24h','183b7f1b-a065-11f0-a7b7-0a6aab4924ab',_binary '\0'),('20722f24-a065-11f0-a7b7-0a6aab4924ab','Bảo vệ 24 giờ','183b7f1b-a065-11f0-a7b7-0a6aab4924ab',_binary '\0'),('20727bb3-a065-11f0-a7b7-0a6aab4924ab','Dịch vụ trả phòng muộn','183b7f1b-a065-11f0-a7b7-0a6aab4924ab',_binary '\0'),('20727dfc-a065-11f0-a7b7-0a6aab4924ab','Dịch vụ giặt ủi','183b7f1b-a065-11f0-a7b7-0a6aab4924ab',_binary '\0'),('20727f32-a065-11f0-a7b7-0a6aab4924ab','Dịch vụ lưu trữ/bảo quản hành lý','183b7f1b-a065-11f0-a7b7-0a6aab4924ab',_binary '\0'),('20728174-a065-11f0-a7b7-0a6aab4924ab','Nhân viên gác cổng','183b7f1b-a065-11f0-a7b7-0a6aab4924ab',_binary '\0'),('20728334-a065-11f0-a7b7-0a6aab4924ab','Dịch vụ hỗ trợ đặt Tour','183b7f1b-a065-11f0-a7b7-0a6aab4924ab',_binary '\0'),('2e533020-a065-11f0-a7b7-0a6aab4924ab','Bãi đậu xe','2a759d7f-a065-11f0-a7b7-0a6aab4924ab',_binary '\0'),('2e534d79-a065-11f0-a7b7-0a6aab4924ab','Nhận phòng sớm','2a759d7f-a065-11f0-a7b7-0a6aab4924ab',_binary '\0'),('2e534f38-a065-11f0-a7b7-0a6aab4924ab','Thang máy','2a759d7f-a065-11f0-a7b7-0a6aab4924ab',_binary '\0'),('2e535034-a065-11f0-a7b7-0a6aab4924ab','Dịch vụ phòng 24 giờ','2a759d7f-a065-11f0-a7b7-0a6aab4924ab',_binary '\0'),('2e5350ff-a065-11f0-a7b7-0a6aab4924ab','Trả phòng muộn','2a759d7f-a065-11f0-a7b7-0a6aab4924ab',_binary '\0'),('2e5351bb-a065-11f0-a7b7-0a6aab4924ab','Nhà hàng','2a759d7f-a065-11f0-a7b7-0a6aab4924ab',_binary '\0'),('2e535291-a065-11f0-a7b7-0a6aab4924ab','Nhà hàng phục vụ bữa sáng','2a759d7f-a065-11f0-a7b7-0a6aab4924ab',_binary '\0'),('2e535342-a065-11f0-a7b7-0a6aab4924ab','Nhà hàng phục vụ bữa tối','2a759d7f-a065-11f0-a7b7-0a6aab4924ab',_binary '\0'),('2e535458-a065-11f0-a7b7-0a6aab4924ab','Nhà hàng phục vụ bữa trưa','2a759d7f-a065-11f0-a7b7-0a6aab4924ab',_binary '\0'),('2e535526-a065-11f0-a7b7-0a6aab4924ab','Dịch vụ dọn phòng','2a759d7f-a065-11f0-a7b7-0a6aab4924ab',_binary '\0'),('2e5355ec-a065-11f0-a7b7-0a6aab4924ab','Két an toàn','2a759d7f-a065-11f0-a7b7-0a6aab4924ab',_binary '\0'),('2e535699-a065-11f0-a7b7-0a6aab4924ab','WiFi tại khu vực chung','2a759d7f-a065-11f0-a7b7-0a6aab4924ab',_binary '\0'),('35223f50-a065-11f0-a7b7-0a6aab4924ab','Ghế dài tắm nắng bãi biển','30b49c3c-a065-11f0-a7b7-0a6aab4924ab',_binary '\0'),('3522438c-a065-11f0-a7b7-0a6aab4924ab','Dù (ô) trên bãi biển','30b49c3c-a065-11f0-a7b7-0a6aab4924ab',_binary '\0'),('35224475-a065-11f0-a7b7-0a6aab4924ab','Khu vui chơi trẻ em','30b49c3c-a065-11f0-a7b7-0a6aab4924ab',_binary '\0'),('35224536-a065-11f0-a7b7-0a6aab4924ab','Mát-xa','30b49c3c-a065-11f0-a7b7-0a6aab4924ab',_binary '\0'),('352245ea-a065-11f0-a7b7-0a6aab4924ab','Hồ bơi ngoài trời','30b49c3c-a065-11f0-a7b7-0a6aab4924ab',_binary '\0'),('35224763-a065-11f0-a7b7-0a6aab4924ab','Bãi biển riêng','30b49c3c-a065-11f0-a7b7-0a6aab4924ab',_binary '\0'),('35224825-a065-11f0-a7b7-0a6aab4924ab','Xông hơi ướt','30b49c3c-a065-11f0-a7b7-0a6aab4924ab',_binary '\0'),('35224967-a065-11f0-a7b7-0a6aab4924ab','Dịch vụ spa','30b49c3c-a065-11f0-a7b7-0a6aab4924ab',_binary '\0'),('35224a26-a065-11f0-a7b7-0a6aab4924ab','Xông hơi khô/ướt','30b49c3c-a065-11f0-a7b7-0a6aab4924ab',_binary '\0'),('35224ada-a065-11f0-a7b7-0a6aab4924ab','Phòng xông hơi','30b49c3c-a065-11f0-a7b7-0a6aab4924ab',_binary '\0'),('3b2acfb9-a065-11f0-a7b7-0a6aab4924ab','Hội trường đa chức năng','36fffa2c-a065-11f0-a7b7-0a6aab4924ab',_binary '\0'),('3b2ad10f-a065-11f0-a7b7-0a6aab4924ab','Phòng liên thông','36fffa2c-a065-11f0-a7b7-0a6aab4924ab',_binary '\0'),('3b2ad238-a065-11f0-a7b7-0a6aab4924ab','Phòng gia đình','36fffa2c-a065-11f0-a7b7-0a6aab4924ab',_binary '\0'),('3b2ad2fb-a065-11f0-a7b7-0a6aab4924ab','Phòng không hút thuốc','36fffa2c-a065-11f0-a7b7-0a6aab4924ab',_binary '\0'),('3b2ad3dc-a065-11f0-a7b7-0a6aab4924ab','Hồ bơi','36fffa2c-a065-11f0-a7b7-0a6aab4924ab',_binary '\0'),('3b2ad4af-a065-11f0-a7b7-0a6aab4924ab','Khu vực hút thuốc','36fffa2c-a065-11f0-a7b7-0a6aab4924ab',_binary '\0'),('3b2ad602-a065-11f0-a7b7-0a6aab4924ab','Không khói thuốc','36fffa2c-a065-11f0-a7b7-0a6aab4924ab',_binary '\0'),('3b2ad6bf-a065-11f0-a7b7-0a6aab4924ab','Sân thượng/sân hiên','36fffa2c-a065-11f0-a7b7-0a6aab4924ab',_binary '\0'),('73f0c6d0-a066-11f0-a7b7-0a6aab4924ab','Máy lạnh','3687408f-a066-11f0-a7b7-0a6aab4924ab',_binary ''),('73f0cd07-a066-11f0-a7b7-0a6aab4924ab','Quầy bar mini','3687408f-a066-11f0-a7b7-0a6aab4924ab',_binary ''),('73f0cf25-a066-11f0-a7b7-0a6aab4924ab','Nước đóng chai miễn phí','3687408f-a066-11f0-a7b7-0a6aab4924ab',_binary ''),('73f0d5b6-a066-11f0-a7b7-0a6aab4924ab','Tủ lạnh','3687408f-a066-11f0-a7b7-0a6aab4924ab',_binary ''),('73f13b7d-a066-11f0-a7b7-0a6aab4924ab','TV','3687408f-a066-11f0-a7b7-0a6aab4924ab',_binary ''),('73f15439-a066-11f0-a7b7-0a6aab4924ab','Bàn làm việc','3687408f-a066-11f0-a7b7-0a6aab4924ab',_binary ''),('73f16d59-a066-11f0-a7b7-0a6aab4924ab','Két an toàn tại phòng','3687408f-a066-11f0-a7b7-0a6aab4924ab',_binary ''),('73f16eb9-a066-11f0-a7b7-0a6aab4924ab','Ban công / sân hiên','3687408f-a066-11f0-a7b7-0a6aab4924ab',_binary ''),('7d986bad-a065-11f0-a7b7-0a6aab4924ab','Bữa trưa với thực đơn gọi món','3c9c7e49-a065-11f0-a7b7-0a6aab4924ab',_binary '\0'),('7d988a6a-a065-11f0-a7b7-0a6aab4924ab','Quầy bar','3c9c7e49-a065-11f0-a7b7-0a6aab4924ab',_binary '\0'),('7d988c59-a065-11f0-a7b7-0a6aab4924ab','Quầy bar bên bãi biển','3c9c7e49-a065-11f0-a7b7-0a6aab4924ab',_binary '\0'),('7d988d41-a065-11f0-a7b7-0a6aab4924ab','Bữa sáng','3c9c7e49-a065-11f0-a7b7-0a6aab4924ab',_binary '\0'),('7d98a9f7-a065-11f0-a7b7-0a6aab4924ab','Tiệm cà phê','3c9c7e49-a065-11f0-a7b7-0a6aab4924ab',_binary '\0'),('7d98abd0-a065-11f0-a7b7-0a6aab4924ab','Tiệc liên hoan','3c9c7e49-a065-11f0-a7b7-0a6aab4924ab',_binary '\0'),('7d98ac89-a065-11f0-a7b7-0a6aab4924ab','Quầy bar bên hồ bơi','3c9c7e49-a065-11f0-a7b7-0a6aab4924ab',_binary '\0'),('82758d61-a065-11f0-a7b7-0a6aab4924ab','Dịch vụ văn phòng','7f661873-a065-11f0-a7b7-0a6aab4924ab',_binary '\0'),('827595cc-a065-11f0-a7b7-0a6aab4924ab','Lễ tân hội nghị','7f661873-a065-11f0-a7b7-0a6aab4924ab',_binary '\0'),('82759851-a065-11f0-a7b7-0a6aab4924ab','Phòng hội nghị','7f661873-a065-11f0-a7b7-0a6aab4924ab',_binary '\0'),('82759928-a065-11f0-a7b7-0a6aab4924ab','Tiện nghi hội họp','7f661873-a065-11f0-a7b7-0a6aab4924ab',_binary '\0'),('82759a4b-a065-11f0-a7b7-0a6aab4924ab','Máy photocopy','7f661873-a065-11f0-a7b7-0a6aab4924ab',_binary '\0'),('82759b4c-a065-11f0-a7b7-0a6aab4924ab','Máy chiếu','7f661873-a065-11f0-a7b7-0a6aab4924ab',_binary '\0'),('8891a614-a065-11f0-a7b7-0a6aab4924ab','Dịch vụ cho thuê xe đạp','8438b9fb-a065-11f0-a7b7-0a6aab4924ab',_binary '\0'),('8891a744-a065-11f0-a7b7-0a6aab4924ab','Bãi đậu xe an ninh','8438b9fb-a065-11f0-a7b7-0a6aab4924ab',_binary '\0'),('8ed8fe8a-a065-11f0-a7b7-0a6aab4924ab','Máy ATM/Ngân hàng','8a7ffe1a-a065-11f0-a7b7-0a6aab4924ab',_binary '\0'),('8ed902d8-a065-11f0-a7b7-0a6aab4924ab','Cửa hàng quà tặng','8a7ffe1a-a065-11f0-a7b7-0a6aab4924ab',_binary '\0'),('8ed903e3-a065-11f0-a7b7-0a6aab4924ab','Hiệu làm tóc','8a7ffe1a-a065-11f0-a7b7-0a6aab4924ab',_binary '\0'),('944572a0-a065-11f0-a7b7-0a6aab4924ab','Câu lạc bộ thiếu nhi (thu phí)','904c8a3f-a065-11f0-a7b7-0a6aab4924ab',_binary '\0'),('944576ba-a065-11f0-a7b7-0a6aab4924ab','Hồ bơi trẻ em','904c8a3f-a065-11f0-a7b7-0a6aab4924ab',_binary '\0'),('9a84992e-a065-11f0-a7b7-0a6aab4924ab','Lối đi lại cho người khuyết tật','95bdde68-a065-11f0-a7b7-0a6aab4924ab',_binary '\0'),('9a84b6b9-a065-11f0-a7b7-0a6aab4924ab','Phù hợp cho xe lăn','95bdde68-a065-11f0-a7b7-0a6aab4924ab',_binary '\0'),('9fda77d1-a065-11f0-a7b7-0a6aab4924ab','Trung tâm thể dục thể hình','9bd30fd5-a065-11f0-a7b7-0a6aab4924ab',_binary '\0'),('9fda7c04-a065-11f0-a7b7-0a6aab4924ab','Mô-tô nước','9bd30fd5-a065-11f0-a7b7-0a6aab4924ab',_binary '\0'),('a1440a52-a066-11f0-a7b7-0a6aab4924ab','Phòng tắm riêng','9dc4e9f3-a066-11f0-a7b7-0a6aab4924ab',_binary ''),('a144257e-a066-11f0-a7b7-0a6aab4924ab','Vòi tắm đứng','9dc4e9f3-a066-11f0-a7b7-0a6aab4924ab',_binary ''),('a144278a-a066-11f0-a7b7-0a6aab4924ab','Bộ vệ sinh cá nhân','9dc4e9f3-a066-11f0-a7b7-0a6aab4924ab',_binary ''),('a1442887-a066-11f0-a7b7-0a6aab4924ab','Bồn tắm','9dc4e9f3-a066-11f0-a7b7-0a6aab4924ab',_binary ''),('a1442a68-a066-11f0-a7b7-0a6aab4924ab','Máy sấy tóc','9dc4e9f3-a066-11f0-a7b7-0a6aab4924ab',_binary ''),('a1442b62-a066-11f0-a7b7-0a6aab4924ab','Áo choàng tắm','9dc4e9f3-a066-11f0-a7b7-0a6aab4924ab',_binary ''),('a75b74a0-a065-11f0-a7b7-0a6aab4924ab','Wifi','a19e6bd1-a065-11f0-a7b7-0a6aab4924ab',_binary '\0'),('db28142f-a066-11f0-a7b7-0a6aab4924ab','Quạt','3687408f-a066-11f0-a7b7-0a6aab4924ab',_binary ''),('db2819a1-a066-11f0-a7b7-0a6aab4924ab','BLACKOUT_CURTAINS','3687408f-a066-11f0-a7b7-0a6aab4924ab',_binary ''),('db281abf-a066-11f0-a7b7-0a6aab4924ab','Máy pha cà phê / trà','3687408f-a066-11f0-a7b7-0a6aab4924ab',_binary ''),('db281bbb-a066-11f0-a7b7-0a6aab4924ab','Khu ẩm thực riêng biệt','3687408f-a066-11f0-a7b7-0a6aab4924ab',_binary ''),('db281ce2-a066-11f0-a7b7-0a6aab4924ab','Lò vi sóng','3687408f-a066-11f0-a7b7-0a6aab4924ab',_binary ''),('de5fceb4-a065-11f0-a7b7-0a6aab4924ab','Đưa đón sân bay','a943ffca-a065-11f0-a7b7-0a6aab4924ab',_binary '\0'),('f66c6403-a5e4-11f0-a7b7-0a6aab4924ab','Nước nóng','9dc4e9f3-a066-11f0-a7b7-0a6aab4924ab',_binary ''),('f66c6403-a5e4-11f0-a7b7-0a6aab4924zx','Bữa tối với thực đơn gọi món','3c9c7e49-a065-11f0-a7b7-0a6aab4924ab',_binary '\0');
/*!40000 ALTER TABLE `amenities` ENABLE KEYS */;
UNLOCK TABLES;

--
-- Table structure for table `amenity_categories`
--

DROP TABLE IF EXISTS `amenity_categories`;
/*!40101 SET @saved_cs_client     = @@character_set_client */;
/*!50503 SET character_set_client = utf8mb4 */;
CREATE TABLE `amenity_categories` (
  `id` varchar(255) NOT NULL,
  `name` varchar(255) NOT NULL,
  PRIMARY KEY (`id`),
  UNIQUE KEY `UKnj7emul2vfpbk5mfam7iou4i8` (`name`)
) ENGINE=InnoDB DEFAULT CHARSET=utf8mb4 COLLATE=utf8mb4_0900_ai_ci;
/*!40101 SET character_set_client = @saved_cs_client */;

--
-- Dumping data for table `amenity_categories`
--

LOCK TABLES `amenity_categories` WRITE;
/*!40000 ALTER TABLE `amenity_categories` DISABLE KEYS */;
INSERT INTO `amenity_categories` VALUES ('3c9c7e49-a065-11f0-a7b7-0a6aab4924ab','Ẩm thực'),('30b49c3c-a065-11f0-a7b7-0a6aab4924ab','Các hoạt động'),('8a7ffe1a-a065-11f0-a7b7-0a6aab4924ab','Các tiện ích lân cận'),('183b7f1b-a065-11f0-a7b7-0a6aab4924ab','Dịch vụ khách sạn'),('a943ffca-a065-11f0-a7b7-0a6aab4924ab','Đưa đón'),('95bdde68-a065-11f0-a7b7-0a6aab4924ab','Hỗ trợ người khuyết tật'),('a19e6bd1-a065-11f0-a7b7-0a6aab4924ab','Kết nối mạng'),('9bd30fd5-a065-11f0-a7b7-0a6aab4924ab','Thể thao & Giải trí'),('36fffa2c-a065-11f0-a7b7-0a6aab4924ab','Tiện nghi chung'),('2a759d7f-a065-11f0-a7b7-0a6aab4924ab','Tiện nghi công cộng'),('3687408f-a066-11f0-a7b7-0a6aab4924ab','Tiện nghi phòng'),('9dc4e9f3-a066-11f0-a7b7-0a6aab4924ab','Tiện nghi phòng tắm'),('904c8a3f-a065-11f0-a7b7-0a6aab4924ab','Tiện nghi phù hợp với gia đình'),('7f661873-a065-11f0-a7b7-0a6aab4924ab','Tiện nghi văn phòng'),('8438b9fb-a065-11f0-a7b7-0a6aab4924ab','Vận chuyển');
/*!40000 ALTER TABLE `amenity_categories` ENABLE KEYS */;
UNLOCK TABLES;

--
-- Table structure for table `bed_types`
--

DROP TABLE IF EXISTS `bed_types`;
/*!40101 SET @saved_cs_client     = @@character_set_client */;
/*!50503 SET character_set_client = utf8mb4 */;
CREATE TABLE `bed_types` (
  `id` varchar(255) NOT NULL,
  `name` varchar(255) NOT NULL,
  PRIMARY KEY (`id`),
  UNIQUE KEY `UK54j6d0tiyq9jjvtipixtuwk8` (`name`)
) ENGINE=InnoDB DEFAULT CHARSET=utf8mb4 COLLATE=utf8mb4_0900_ai_ci;
/*!40101 SET character_set_client = @saved_cs_client */;

--
-- Dumping data for table `bed_types`
--

LOCK TABLES `bed_types` WRITE;
/*!40000 ALTER TABLE `bed_types` DISABLE KEYS */;
INSERT INTO `bed_types` VALUES ('78efbc97-a067-11f0-a7b7-0a6aab4924ab','2 giường đơn'),('78efc626-a067-11f0-a7b7-0a6aab4924ab','Cũi trẻ em'),('78efc153-a067-11f0-a7b7-0a6aab4924ab','Giường California King (siêu lớn)'),('78efbec7-a067-11f0-a7b7-0a6aab4924ab','Giường đôi'),('78efc737-a067-11f0-a7b7-0a6aab4924ab','Giường đôi cỡ lớn'),('78efb8d4-a067-11f0-a7b7-0a6aab4924ab','Giường đơn'),('78efc445-a067-11f0-a7b7-0a6aab4924ab','Giường futon (Nhật)'),('78efc380-a067-11f0-a7b7-0a6aab4924ab','Giường gấp tường'),('78efc49a-a067-11f0-a7b7-0a6aab4924ab','Giường ghế/ban ngày'),('78efc53c-a067-11f0-a7b7-0a6aab4924ab','Giường kéo'),('78efc094-a067-11f0-a7b7-0a6aab4924ab','Giường King (cỡ lớn)'),('78efc6d5-a067-11f0-a7b7-0a6aab4924ab','Giường phụ di động'),('78efbfbb-a067-11f0-a7b7-0a6aab4924ab','Giường Queen (cỡ vừa)'),('78efc3e9-a067-11f0-a7b7-0a6aab4924ab','Giường sofa'),('78efc796-a067-11f0-a7b7-0a6aab4924ab','Giường Super King (siêu lớn)'),('78efc291-a067-11f0-a7b7-0a6aab4924ab','Giường tầng'),('78efc679-a067-11f0-a7b7-0a6aab4924ab','Giường trẻ nhỏ');
/*!40000 ALTER TABLE `bed_types` ENABLE KEYS */;
UNLOCK TABLES;

--
-- Table structure for table `bookings`
--

DROP TABLE IF EXISTS `bookings`;
/*!40101 SET @saved_cs_client     = @@character_set_client */;
/*!50503 SET character_set_client = utf8mb4 */;
CREATE TABLE `bookings` (
  `id` varchar(255) NOT NULL,
  `check_in_date` date NOT NULL,
  `check_out_date` date NOT NULL,
  `contact_email` varchar(255) NOT NULL,
  `contact_full_name` varchar(255) NOT NULL,
  `contact_phone` varchar(255) NOT NULL,
  `created_at` datetime(6) NOT NULL,
  `discount_amount` double DEFAULT NULL,
  `final_price` double NOT NULL,
  `number_of_adults` int NOT NULL,
  `number_of_children` int NOT NULL,
  `original_price` double NOT NULL,
  `status` varchar(255) NOT NULL,
  `updated_at` datetime(6) DEFAULT NULL,
  `discount_id` varchar(255) DEFAULT NULL,
  `hotel_id` varchar(255) NOT NULL,
  `room_id` varchar(255) NOT NULL,
  `user_id` varchar(255) NOT NULL,
  `number_of_nights` int NOT NULL,
  `number_of_rooms` int NOT NULL,
  PRIMARY KEY (`id`),
  KEY `FKix2bmrtnqs9rddp40up5o0giu` (`discount_id`),
  KEY `idx_bookings_user_id` (`user_id`),
  KEY `idx_bookings_hotel_id` (`hotel_id`),
  KEY `idx_bookings_room_id` (`room_id`),
  KEY `idx_bookings_checkin_checkout` (`check_in_date`,`check_out_date`),
  KEY `idx_bookings_status` (`status`),
  KEY `idx_bookings_created_at` (`created_at`),
  KEY `idx_bookings_room_status` (`room_id`,`status`),
  KEY `idx_bookings_room_checkin` (`room_id`,`check_in_date`),
  KEY `idx_booking_conflict_room_dates` (`room_id`,`check_in_date`,`check_out_date`),
  KEY `idx_user_activity_composite` (`user_id`,`status`,`created_at`),
  CONSTRAINT `FK7y09f5lun38jnooaw2hch0ke9` FOREIGN KEY (`hotel_id`) REFERENCES `hotels` (`id`),
  CONSTRAINT `FKeyog2oic85xg7hsu2je2lx3s6` FOREIGN KEY (`user_id`) REFERENCES `users` (`id`),
  CONSTRAINT `FKix2bmrtnqs9rddp40up5o0giu` FOREIGN KEY (`discount_id`) REFERENCES `discounts` (`id`),
  CONSTRAINT `FKrgoycol97o21kpjodw1qox4nc` FOREIGN KEY (`room_id`) REFERENCES `rooms` (`id`)
) ENGINE=InnoDB DEFAULT CHARSET=utf8mb4 COLLATE=utf8mb4_0900_ai_ci;
/*!40101 SET character_set_client = @saved_cs_client */;

--
-- Dumping data for table `bookings`
--

LOCK TABLES `bookings` WRITE;
/*!40000 ALTER TABLE `bookings` DISABLE KEYS */;
INSERT INTO `bookings` VALUES ('07ec047d-daa6-47da-9c62-caa3807d4829','2025-12-05','2025-12-08','phamminhkhangpy2003@gmail.com','Minh Khang Phạm','0833537778','2025-11-01 05:49:06.523508',0,28476000,4,0,25200000,'cancelled','2025-11-01 06:02:13.457423',NULL,'4b2d0a2d-cc1f-4030-8c07-5fa09b8229cf','a865a311-53ee-4944-99d0-9e01e2043028','f0d12ef1-725b-4785-afde-3cc0f4d6a4c9',3,2),('0aa6b369-fbb7-415e-9506-2b7e760dec3d','2025-12-09','2025-12-10','nguyenvanz@example.com','Nguyen Van Z','0987654326','2025-10-31 14:47:27.111915',0,847500,2,0,750000,'cancelled','2025-10-31 15:32:04.108110',NULL,'4b2d0a2d-cc1f-4030-8c07-5fa09b8229cf','2d708a42-898b-4866-8c78-f203db0949ca','f0d12ef1-725b-4785-afde-3cc0f4d6a4c9',1,1),('10efde46-7b9d-4b2f-9809-34abb8ef3969','2025-10-30','2025-10-31','thivantran2003@gmail.com','Trần Thị Vân','0355571448','2025-10-30 03:12:30.557123',0,2260000,2,0,2000000,'cancelled','2025-10-30 03:30:33.754489',NULL,'00d60e60-d366-4d73-b3c0-614ecb95feb7','21aeeedf-99d1-4018-afa5-c8428271483f','5200272f-45c1-48f4-984d-f804a6f42c81',1,1),('15925ba8-af56-4d3f-a9de-1fac8bf1bdb7','2025-11-20','2025-11-21','baoduong2972003@gmail.com','Trần Quốc Dương','0355571448','2025-11-20 12:19:53.881654',0,1632850,2,0,1445000,'confirmed','2025-11-20 12:29:19.026904',NULL,'00d60e60-d366-4d73-b3c0-614ecb95feb7','35a7a8a0-b3b8-4e86-a36a-95edf12bba67','510639ce-df36-4666-9d26-101388127029',1,1),('199bd637-99f7-47e4-afa2-66b785def27d','2025-10-30','2025-10-31','thivantran2003@gmail.com','Trần Thị Vân','0355571448','2025-10-30 08:27:35.192616',0,2260000,2,0,2000000,'confirmed','2025-10-30 08:28:16.867549',NULL,'00d60e60-d366-4d73-b3c0-614ecb95feb7','21aeeedf-99d1-4018-afa5-c8428271483f','5200272f-45c1-48f4-984d-f804a6f42c81',1,1),('28a06901-0f40-4b81-84d3-33503f3e0fa3','2025-10-30','2025-10-31','thivantran2003@gmail.com','Trần Thị Vân','0938905595','2025-10-30 06:41:15.217521',0,2260000,2,0,2000000,'confirmed','2025-10-30 06:41:49.981331',NULL,'00d60e60-d366-4d73-b3c0-614ecb95feb7','21aeeedf-99d1-4018-afa5-c8428271483f','5200272f-45c1-48f4-984d-f804a6f42c81',1,1),('298dda8f-cc52-43c3-9b0a-ce06e433d11e','2025-11-05','2025-11-07','nguyenvanz@example.com','Nguyen Van Z','0987654326','2025-10-31 16:52:01.804616',0,7910000,2,0,7000000,'cancelled','2025-11-06 06:09:07.679964',NULL,'4b2d0a2d-cc1f-4030-8c07-5fa09b8229cf','a865a311-53ee-4944-99d0-9e01e2043028','f0d12ef1-725b-4785-afde-3cc0f4d6a4c9',2,1),('36330702-e82e-43d7-8aa6-557e5fc28f79','2025-10-30','2025-11-01','thivantran2003@gmail.com','Trần Thị Vân','0355571448','2025-10-30 15:21:40.015770',0,3842000,2,0,3400000,'confirmed','2025-10-30 15:22:16.265868',NULL,'00d60e60-d366-4d73-b3c0-614ecb95feb7','dcf4ecfc-1faf-4087-8487-84e451cdb6ef','5200272f-45c1-48f4-984d-f804a6f42c81',2,1),('3f00aba0-8907-4622-aab2-c9796bd809d8','2025-12-09','2025-12-10','nguyenvanz@example.com','Nguyen Van Z','0987654326','2025-10-31 15:34:24.869617',0,847500,2,0,750000,'cancelled','2025-10-31 15:56:05.159709',NULL,'4b2d0a2d-cc1f-4030-8c07-5fa09b8229cf','2d708a42-898b-4866-8c78-f203db0949ca','f0d12ef1-725b-4785-afde-3cc0f4d6a4c9',1,1),('3f4d9a49-51fe-4794-b974-1dd2fb234475','2025-11-09','2025-11-10','thivantran2003@gmail.com','Trần Thị Vân','0355571448','2025-10-30 15:39:22.275117',0,4197300,2,0,2210000,'rescheduled','2025-10-31 16:29:45.832539',NULL,'00d60e60-d366-4d73-b3c0-614ecb95feb7','35a7a8a0-b3b8-4e86-a36a-95edf12bba67','5200272f-45c1-48f4-984d-f804a6f42c81',1,1),('438a4f52-9aaa-4b58-bffc-0874d1fcb236','2025-11-20','2025-11-22','nguyenvanc@example.com','Nguyen Van C','0987654323','2025-10-28 16:58:28.889848',0,1567875,2,0,1387500,'cancelled','2025-10-29 14:23:33.944442',NULL,'4b2d0a2d-cc1f-4030-8c07-5fa09b8229cf','2d708a42-898b-4866-8c78-f203db0949ca','f0d12ef1-725b-4785-afde-3cc0f4d6a4c9',2,1),('4b633618-ad6d-4ec9-bea3-297f3fb2beca','2025-10-30','2025-10-31','thivantran2003@gmail.com','Trần Thị Vân','0355571448','2025-10-30 13:17:11.943603',0,2260000,2,0,2000000,'confirmed','2025-10-30 13:18:30.296374',NULL,'00d60e60-d366-4d73-b3c0-614ecb95feb7','21aeeedf-99d1-4018-afa5-c8428271483f','5200272f-45c1-48f4-984d-f804a6f42c81',1,1),('515b9dc9-275a-4130-9cb7-e27db5f636ce','2025-11-15','2025-11-17','nguyenvanb@example.com','Nguyen Van B','0987654322','2025-10-28 16:47:04.279935',0,2203500,1,0,1950000,'confirmed','2025-10-28 16:49:11.957284',NULL,'4b2d0a2d-cc1f-4030-8c07-5fa09b8229cf','2d708a42-898b-4866-8c78-f203db0949ca','f0d12ef1-725b-4785-afde-3cc0f4d6a4c9',2,1),('580f254a-7716-4392-ada2-c57c11d04619','2025-10-30','2025-10-31','thivantran2003@gmail.com','Trần Thị Vân','0355571448','2025-10-30 05:12:26.637939',0,2260000,2,0,2000000,'confirmed','2025-10-30 05:13:22.111111',NULL,'00d60e60-d366-4d73-b3c0-614ecb95feb7','21aeeedf-99d1-4018-afa5-c8428271483f','5200272f-45c1-48f4-984d-f804a6f42c81',1,1),('5f199845-0aa0-45c6-91d0-6e55f1a6a9e4','2025-11-01','2025-11-03','phamminhkhangpy2003@gmail.com','Minh Khang Phạm','0833537778','2025-11-01 06:42:39.985245',0,10283000,2,0,9100000,'completed','2025-11-01 08:29:16.481708',NULL,'4b2d0a2d-cc1f-4030-8c07-5fa09b8229cf','a865a311-53ee-4944-99d0-9e01e2043028','f0d12ef1-725b-4785-afde-3cc0f4d6a4c9',2,1),('6a91cd29-45d7-48ea-90cd-4bcf02de9997','2025-10-30','2025-10-31','thivantran2003@gmail.com','Trần Thị Vân','0355571448','2025-10-30 06:18:20.140749',0,2260000,2,0,2000000,'confirmed','2025-10-30 06:19:15.859220',NULL,'00d60e60-d366-4d73-b3c0-614ecb95feb7','21aeeedf-99d1-4018-afa5-c8428271483f','5200272f-45c1-48f4-984d-f804a6f42c81',1,1),('6c9279dd-ce12-4fc2-b6c5-0ce8b8c5a0ac','2025-11-20','2025-11-23','baoduong2972003@gmail.com','Trần Quốc Dương','0355571448','2025-11-20 15:03:30.509581',0,3364850,1,1,2595000,'rescheduled','2025-11-20 15:23:25.197845',NULL,'10b1eaf8-f85f-42a3-b17b-26002db986db','8be5b61b-0780-4660-8a46-0a76fd15cd2a','510639ce-df36-4666-9d26-101388127029',3,1),('8a1552e9-0fcd-4add-9b5f-b14bf1ed7527','2025-11-05','2025-11-10','nguyenvanz@example.com','Nguyen Van Z','0987654326','2025-10-31 17:03:02.660748',0,22148000,2,0,19600000,'cancelled','2025-11-06 06:09:08.271112',NULL,'4b2d0a2d-cc1f-4030-8c07-5fa09b8229cf','a865a311-53ee-4944-99d0-9e01e2043028','f0d12ef1-725b-4785-afde-3cc0f4d6a4c9',5,1),('8af48f05-a259-449a-ac9f-65a9a83a4fab','2025-11-10','2025-11-12','nguyenvana@example.com','Nguyen Van A','0987654321','2025-10-28 16:12:03.336598',0,10678500,4,0,9450000,'confirmed','2025-10-28 16:12:44.228708',NULL,'00d60e60-d366-4d73-b3c0-614ecb95feb7','26d394c2-d502-4bc5-8578-4953e2cb410a','f0d12ef1-725b-4785-afde-3cc0f4d6a4c9',2,2),('8c4e9d5c-5cc3-4894-a2ba-27f8214b9a6a','2025-11-05','2025-11-10','thivantran2003@gmail.com','Trần Thị Vân','0355571448','2025-10-30 07:21:47.613610',0,14656000,2,0,11200000,'cancelled','2025-11-06 06:09:09.033923',NULL,'00d60e60-d366-4d73-b3c0-614ecb95feb7','21aeeedf-99d1-4018-afa5-c8428271483f','5200272f-45c1-48f4-984d-f804a6f42c81',5,1),('924025f9-2bb0-4537-b6bf-5a90d300e700','2025-11-10','2025-11-12','nguyenvana@example.com','Nguyen Van A','0987654321','2025-10-28 15:57:25.432154',945000,9610650,4,0,9450000,'confirmed','2025-10-28 15:58:02.085700','fbd9fd83-4881-4bd0-bd8b-0696e7e878b9','00d60e60-d366-4d73-b3c0-614ecb95feb7','26d394c2-d502-4bc5-8578-4953e2cb410a','f0d12ef1-725b-4785-afde-3cc0f4d6a4c9',2,2),('a2577d3b-29d0-4d95-b1e7-e232e8cb82a9','2025-10-30','2025-10-31','thivantran2003@gmail.com','Trần Thị Vân','0355571448','2025-10-30 05:01:27.753490',0,2260000,2,0,2000000,'confirmed','2025-10-30 05:03:10.774888',NULL,'00d60e60-d366-4d73-b3c0-614ecb95feb7','21aeeedf-99d1-4018-afa5-c8428271483f','5200272f-45c1-48f4-984d-f804a6f42c81',1,1),('a45ec050-1ad3-4c88-826c-7f008b55ba89','2025-12-09','2025-12-12','nguyenvanz@example.com','Nguyen Van Z','0987654326','2025-10-31 16:51:12.341468',0,11865000,2,0,10500000,'confirmed','2025-10-31 16:51:46.839554',NULL,'4b2d0a2d-cc1f-4030-8c07-5fa09b8229cf','a865a311-53ee-4944-99d0-9e01e2043028','f0d12ef1-725b-4785-afde-3cc0f4d6a4c9',3,1),('a563ebae-f4e7-4acb-8955-349a79cbd5ba','2025-12-24','2025-12-25','thivantran2003@gmail.com','Trần Thị Vân','0355571448','2025-11-01 07:55:09.850009',0,1921000,2,0,1700000,'cancelled','2025-11-01 08:10:21.716758',NULL,'00d60e60-d366-4d73-b3c0-614ecb95feb7','35a7a8a0-b3b8-4e86-a36a-95edf12bba67','5200272f-45c1-48f4-984d-f804a6f42c81',1,1),('c1002ff6-5ec8-441f-b103-bdf88f2ac6cc','2025-12-24','2025-12-25','thivantran2003@gmail.com','Trần Thị Vân','0355571448','2025-11-01 08:14:49.495728',0,1921000,2,0,1700000,'cancelled','2025-11-01 08:28:57.931922',NULL,'00d60e60-d366-4d73-b3c0-614ecb95feb7','35a7a8a0-b3b8-4e86-a36a-95edf12bba67','5200272f-45c1-48f4-984d-f804a6f42c81',1,1),('c9ba33ce-ae7b-4ecb-b670-b1c69a5c1c4b','2025-10-30','2025-10-31','thivantran2003@gmail.com','Trần Thị Vân','0355571448','2025-10-30 06:31:04.606532',0,2260000,2,0,2000000,'confirmed','2025-10-30 06:31:51.854579',NULL,'00d60e60-d366-4d73-b3c0-614ecb95feb7','21aeeedf-99d1-4018-afa5-c8428271483f','5200272f-45c1-48f4-984d-f804a6f42c81',1,1),('db68088b-80f8-4836-b0c0-be764e75f738','2025-10-30','2025-10-31','thivantran2003@gmail.com','Trần Thị Vân','0355571448','2025-10-30 08:02:23.507185',0,2260000,2,0,2000000,'confirmed','2025-10-30 08:03:11.322302',NULL,'00d60e60-d366-4d73-b3c0-614ecb95feb7','21aeeedf-99d1-4018-afa5-c8428271483f','5200272f-45c1-48f4-984d-f804a6f42c81',1,1),('e29a0f79-f150-46ed-9adb-654215f565b9','2025-11-20','2025-11-21','baoduong2972003@gmail.com','Trần Quốc Dương','0355571448','2025-11-20 15:02:42.900133',0,977450,1,1,865000,'cancelled','2025-11-20 15:19:51.518825',NULL,'10b1eaf8-f85f-42a3-b17b-26002db986db','8be5b61b-0780-4660-8a46-0a76fd15cd2a','510639ce-df36-4666-9d26-101388127029',1,1),('e6a9459f-9125-43f0-9baa-03880b03e07e','2025-12-01','2025-12-03','nguyenvand@example.com','Nguyen Van D','0987654324','2025-10-29 14:44:22.060235',0,3390000,3,0,3000000,'confirmed','2025-10-29 14:45:30.577031',NULL,'4b2d0a2d-cc1f-4030-8c07-5fa09b8229cf','2d708a42-898b-4866-8c78-f203db0949ca','f0d12ef1-725b-4785-afde-3cc0f4d6a4c9',2,2),('ef0da733-bd3b-4699-95e5-a5cc5209e6f3','2025-10-30','2025-10-31','thivantran2003@gmail.com','Trần Thị Vân','0355571448','2025-10-30 03:15:46.806630',0,2260000,2,0,2000000,'confirmed','2025-10-30 03:17:04.964036',NULL,'00d60e60-d366-4d73-b3c0-614ecb95feb7','21aeeedf-99d1-4018-afa5-c8428271483f','5200272f-45c1-48f4-984d-f804a6f42c81',1,1);
/*!40000 ALTER TABLE `bookings` ENABLE KEYS */;
UNLOCK TABLES;

--
-- Table structure for table `cancellation_policies`
--

DROP TABLE IF EXISTS `cancellation_policies`;
/*!40101 SET @saved_cs_client     = @@character_set_client */;
/*!50503 SET character_set_client = utf8mb4 */;
CREATE TABLE `cancellation_policies` (
  `id` varchar(255) NOT NULL,
  `description` text,
  `name` varchar(255) NOT NULL,
  PRIMARY KEY (`id`),
  UNIQUE KEY `UK5hur5c4w2sss7lcypm1qls7ne` (`name`)
) ENGINE=InnoDB DEFAULT CHARSET=utf8mb4 COLLATE=utf8mb4_0900_ai_ci;
/*!40101 SET character_set_client = @saved_cs_client */;

--
-- Dumping data for table `cancellation_policies`
--

LOCK TABLES `cancellation_policies` WRITE;
/*!40000 ALTER TABLE `cancellation_policies` DISABLE KEYS */;
INSERT INTO `cancellation_policies` VALUES ('ae4dd0d5-a0d4-11f0-a7b7-0a6aab4924ab','Khách không được hoàn tiền nếu hủy','Không hoàn hủy'),('b6089ebe-a0d4-11f0-a7b7-0a6aab4924ab','Khách được hủy miễn phí nếu hủy trước 7 ngày','Linh hoạt 7 ngày'),('b9d4f624-a0d4-11f0-a7b7-0a6aab4924ab','Khách được hủy miễn phí nếu hủy trước 3 ngày','Linh hoạt 3 ngày'),('bc321c32-a0d4-11f0-a7b7-0a6aab4924ab','Chỉ cho hủy với phí 50% nếu hủy trước 14 ngày','Nghiêm ngặt');
/*!40000 ALTER TABLE `cancellation_policies` ENABLE KEYS */;
UNLOCK TABLES;

--
-- Table structure for table `cancellation_rules`
--

DROP TABLE IF EXISTS `cancellation_rules`;
/*!40101 SET @saved_cs_client     = @@character_set_client */;
/*!50503 SET character_set_client = utf8mb4 */;
CREATE TABLE `cancellation_rules` (
  `id` varchar(255) NOT NULL,
  `days_before_check_in` int NOT NULL,
  `penalty_percentage` int NOT NULL,
  `policy_id` varchar(255) NOT NULL,
  PRIMARY KEY (`id`),
  KEY `FK246ad9br0tyn5rebajbn9q9dq` (`policy_id`),
  CONSTRAINT `FK246ad9br0tyn5rebajbn9q9dq` FOREIGN KEY (`policy_id`) REFERENCES `cancellation_policies` (`id`)
) ENGINE=InnoDB DEFAULT CHARSET=utf8mb4 COLLATE=utf8mb4_0900_ai_ci;
/*!40101 SET character_set_client = @saved_cs_client */;

--
-- Dumping data for table `cancellation_rules`
--

LOCK TABLES `cancellation_rules` WRITE;
/*!40000 ALTER TABLE `cancellation_rules` DISABLE KEYS */;
INSERT INTO `cancellation_rules` VALUES ('c134aa8e-a0d4-11f0-a7b7-0a6aab4924ab',0,0,'ae4dd0d5-a0d4-11f0-a7b7-0a6aab4924ab'),('c221c5ff-a0d4-11f0-a7b7-0a6aab4924ab',7,100,'b6089ebe-a0d4-11f0-a7b7-0a6aab4924ab'),('c3a67349-a0d4-11f0-a7b7-0a6aab4924ab',6,0,'b6089ebe-a0d4-11f0-a7b7-0a6aab4924ab'),('c49e6e09-a0d4-11f0-a7b7-0a6aab4924ab',3,100,'b9d4f624-a0d4-11f0-a7b7-0a6aab4924ab'),('c5bcf869-a0d4-11f0-a7b7-0a6aab4924ab',2,0,'b9d4f624-a0d4-11f0-a7b7-0a6aab4924ab'),('c7ad7ca1-a0d4-11f0-a7b7-0a6aab4924ab',14,50,'bc321c32-a0d4-11f0-a7b7-0a6aab4924ab'),('c9679ebd-a0d4-11f0-a7b7-0a6aab4924ab',13,0,'bc321c32-a0d4-11f0-a7b7-0a6aab4924ab');
/*!40000 ALTER TABLE `cancellation_rules` ENABLE KEYS */;
UNLOCK TABLES;

--
-- Table structure for table `cities`
--

DROP TABLE IF EXISTS `cities`;
/*!40101 SET @saved_cs_client     = @@character_set_client */;
/*!50503 SET character_set_client = utf8mb4 */;
CREATE TABLE `cities` (
  `id` varchar(255) NOT NULL,
  `name` varchar(255) NOT NULL,
  `province_id` varchar(255) NOT NULL,
  `code` varchar(255) NOT NULL,
  PRIMARY KEY (`id`),
  UNIQUE KEY `UKl61tawv0e2a93es77jkyvi7qa` (`name`),
  KEY `idx_cities_province_id` (`province_id`),
  KEY `idx_cities_name` (`name`),
  CONSTRAINT `FKcf2ndxcsekl26rrkb9egbhq20` FOREIGN KEY (`province_id`) REFERENCES `provinces` (`id`)
) ENGINE=InnoDB DEFAULT CHARSET=utf8mb4 COLLATE=utf8mb4_0900_ai_ci;
/*!40101 SET character_set_client = @saved_cs_client */;

--
-- Dumping data for table `cities`
--

LOCK TABLES `cities` WRITE;
/*!40000 ALTER TABLE `cities` DISABLE KEYS */;
INSERT INTO `cities` VALUES ('05303065-9c3e-11f0-a7b7-0a6aab4924ab','Thành phố Vũng Tàu','00e3a65a-9c3e-11f0-a7b7-0a6aab4924ab',''),('5d73427e-9c3b-11f0-a7b7-0a6aab4924ab','Thành phố Phan Thiết','29966eb1-9c3b-11f0-a7b7-0a6aab4924ab',''),('6bef0520-9c3f-11f0-a7b7-0a6aab4924ab','Thủ đô Hà Nội','6701d2d6-9c3f-11f0-a7b7-0a6aab4924ab',''),('a634e732-de3f-43c9-888c-f195822aae4b','Thành phố Vinh','5dd81bda-efd8-487a-a66b-52d1e84f0ec0','VH'),('b491043b-97ce-11f0-a7b7-0a6aab4924ab','Thành phố Đà Nẵng','1fe5846e-931a-440a-9e88-ffe6896df192',''),('d67227c6-71a0-4cdc-8afa-1f0d77a65cb4','Thành phố Hà Tĩnh','fe17d4f9-90a6-40bf-8e38-408cdddbf3a8','HT'),('e0801285-9c3c-11f0-a7b7-0a6aab4924ab','Thành phố Hồ Chí Minh','da840409-9c3c-11f0-a7b7-0a6aab4924ab',''),('f5af1aa8-9c38-11f0-a7b7-0a6aab4924ab','Thành phố Nha Trang','cf592960-9c38-11f0-a7b7-0a6aab4924ab',''),('fd1e75e5-9c3f-11f0-a7b7-0a6aab4924ab','Thành phố Huế','fa785254-9c3f-11f0-a7b7-0a6aab4924ab','');
/*!40000 ALTER TABLE `cities` ENABLE KEYS */;
UNLOCK TABLES;

--
-- Table structure for table `countries`
--

DROP TABLE IF EXISTS `countries`;
/*!40101 SET @saved_cs_client     = @@character_set_client */;
/*!50503 SET character_set_client = utf8mb4 */;
CREATE TABLE `countries` (
  `id` varchar(255) NOT NULL,
  `name` varchar(255) NOT NULL,
  `code` varchar(255) NOT NULL,
  PRIMARY KEY (`id`),
  UNIQUE KEY `UK1pyiwrqimi3hnl3vtgsypj5r` (`name`),
  UNIQUE KEY `UK5dhgnik9p8t72kaktdb8kd8dt` (`code`),
  KEY `idx_countries_name` (`name`)
) ENGINE=InnoDB DEFAULT CHARSET=utf8mb4 COLLATE=utf8mb4_0900_ai_ci;
/*!40101 SET character_set_client = @saved_cs_client */;

--
-- Dumping data for table `countries`
--

LOCK TABLES `countries` WRITE;
/*!40000 ALTER TABLE `countries` DISABLE KEYS */;
INSERT INTO `countries` VALUES ('b718319a-6fce-4a35-81af-d71caba4a916','Việt Nam','VN');
/*!40000 ALTER TABLE `countries` ENABLE KEYS */;
UNLOCK TABLES;

--
-- Table structure for table `discounts`
--

DROP TABLE IF EXISTS `discounts`;
/*!40101 SET @saved_cs_client     = @@character_set_client */;
/*!50503 SET character_set_client = utf8mb4 */;
CREATE TABLE `discounts` (
  `id` varchar(255) NOT NULL,
  `active` bit(1) NOT NULL,
  `code` varchar(255) NOT NULL,
  `min_booking_count` int NOT NULL,
  `min_booking_price` int NOT NULL,
  `percentage` double NOT NULL,
  `times_used` int NOT NULL,
  `usage_limit` int NOT NULL,
  `valid_from` date NOT NULL,
  `valid_to` date NOT NULL,
  `description` text NOT NULL,
  `created_at` timestamp NOT NULL DEFAULT CURRENT_TIMESTAMP,
  `updated_at` datetime DEFAULT CURRENT_TIMESTAMP ON UPDATE CURRENT_TIMESTAMP,
  PRIMARY KEY (`id`),
  KEY `idx_discounts_code` (`code`),
  KEY `idx_discounts_active` (`active`),
  KEY `idx_discounts_valid_from_to` (`valid_from`,`valid_to`),
  KEY `idx_discounts_usage_limit_used` (`usage_limit`,`times_used`)
) ENGINE=InnoDB DEFAULT CHARSET=utf8mb4 COLLATE=utf8mb4_0900_ai_ci;
/*!40101 SET character_set_client = @saved_cs_client */;

--
-- Dumping data for table `discounts`
--

LOCK TABLES `discounts` WRITE;
/*!40000 ALTER TABLE `discounts` DISABLE KEYS */;
INSERT INTO `discounts` VALUES ('1efa966f-8ae9-4c64-94ea-5b28554f95ae',_binary '','FIRST',1,10000,20,0,100,'2025-11-01','2026-11-03','Giảm 10% cho lần đặt phòng đầu tiên','2025-11-01 13:02:59','2025-11-05 02:49:46'),('7236d745-a20a-11f0-a7b7-0a6aab4924ab',_binary '\0','NEWYEAR10',1,1000000,10,0,1000,'2025-01-01','2025-01-02','Giảm 10% cho dịp Năm Mới 2025','2025-10-25 14:40:56','2025-10-25 14:40:56'),('7236db27-a20a-11f0-a7b7-0a6aab4924ab',_binary '\0','FEB2SALE',1,800000,12,0,500,'2025-02-02','2025-02-03','Giảm 12% trong sự kiện 2/2 Sale','2025-10-25 14:40:56','2025-10-25 14:40:56'),('7236dc95-a20a-11f0-a7b7-0a6aab4924ab',_binary '\0','MARCH3',1,800000,10,0,500,'2025-03-03','2025-03-04','Giảm 10% cho chương trình tháng 3','2025-10-25 14:40:56','2025-10-25 14:40:56'),('7236dd07-a20a-11f0-a7b7-0a6aab4924ab',_binary '\0','HUNGKINGS20',1,1000000,20,0,1500,'2025-04-08','2025-04-09','Giảm 20% mừng Giỗ Tổ Hùng Vương','2025-10-25 14:40:56','2025-10-25 15:39:53'),('7236dd5c-a20a-11f0-a7b7-0a6aab4924ab',_binary '\0','LIBERATION25',1,1000000,25,0,2000,'2025-04-30','2025-05-02','Giảm 25% nhân dịp Giải phóng miền Nam 30/4','2025-10-25 14:40:56','2025-10-25 14:40:56'),('7236ddb0-a20a-11f0-a7b7-0a6aab4924ab',_binary '\0','LABORDAY15',1,1000000,15,0,1000,'2025-05-01','2025-05-03','Giảm 15% mừng Ngày Quốc tế Lao động 1/5','2025-10-25 14:40:56','2025-10-25 14:40:56'),('7236de02-a20a-11f0-a7b7-0a6aab4924ab',_binary '\0','CHILDREN10',1,500000,10,0,800,'2025-06-01','2025-06-02','Giảm 10% nhân dịp Quốc tế Thiếu nhi 1/6','2025-10-25 14:40:56','2025-10-25 14:40:56'),('7236df16-a20a-11f0-a7b7-0a6aab4924ab',_binary '\0','WOMAN20',1,700000,20,0,1200,'2025-10-20','2025-10-21','Giảm 20% nhân dịp Ngày Phụ nữ Việt Nam 20/10','2025-10-25 14:40:56','2025-10-25 14:40:56'),('7236df79-a20a-11f0-a7b7-0a6aab4924ab',_binary '','TEACHER15',1,700000,15,0,1200,'2025-11-20','2025-11-21','Giảm 15% mừng Ngày Nhà giáo Việt Nam 20/11','2025-10-25 14:40:56','2025-10-25 14:40:56'),('7236dfcb-a20a-11f0-a7b7-0a6aab4924ab',_binary '','CHRISTMAS25',1,1000000,25,0,2000,'2025-12-24','2025-12-26','Giảm 25% nhân dịp Giáng sinh 24–26/12','2025-10-25 14:40:56','2025-10-25 14:40:56'),('7236e01e-a20a-11f0-a7b7-0a6aab4924ab',_binary '\0','DOUBLE10',1,800000,10,0,500,'2025-10-10','2025-10-11','Giảm 10% nhân ngày đôi 10/10','2025-10-25 14:40:56','2025-10-25 14:40:56'),('7236e06f-a20a-11f0-a7b7-0a6aab4924ab',_binary '','DOUBLE11',1,800000,11,0,500,'2025-11-11','2025-11-12','Giảm 11% nhân ngày đôi 11/11','2025-10-25 14:40:56','2025-10-25 14:40:56'),('7236e0c1-a20a-11f0-a7b7-0a6aab4924ab',_binary '','DOUBLE12',1,800000,12,0,500,'2025-12-12','2025-12-13','Giảm 12% nhân ngày đôi 12/12','2025-10-25 14:40:56','2025-10-25 14:40:56'),('96c59d82-ba56-41a4-b2bc-45ac96f6a946',_binary '','SUMMER_2025',13,100000,15,0,15,'2025-11-05','2025-11-21','giảm giá cho 10 khách hàng đầu tiên đặt phòng năm 2025','2025-11-05 02:51:04',NULL),('fbd9fd83-4881-4bd0-bd8b-0696e7e878b9',_binary '','FIRSTBOOK10',1,1,10,10,9999,'2025-10-25','2026-10-25','Giảm 10% cho lần đặt phòng đầu tiên','2025-10-25 14:40:56','2025-10-27 15:32:11');
/*!40000 ALTER TABLE `discounts` ENABLE KEYS */;
UNLOCK TABLES;

--
-- Table structure for table `districts`
--

DROP TABLE IF EXISTS `districts`;
/*!40101 SET @saved_cs_client     = @@character_set_client */;
/*!50503 SET character_set_client = utf8mb4 */;
CREATE TABLE `districts` (
  `id` varchar(255) NOT NULL,
  `name` varchar(255) NOT NULL,
  `city_id` varchar(255) NOT NULL,
  `code` varchar(255) NOT NULL,
  PRIMARY KEY (`id`),
  KEY `idx_districts_city_id` (`city_id`),
  KEY `idx_districts_name` (`name`),
  CONSTRAINT `FK3g7x8w4lc7qxth7ibrr5j73mn` FOREIGN KEY (`city_id`) REFERENCES `cities` (`id`)
) ENGINE=InnoDB DEFAULT CHARSET=utf8mb4 COLLATE=utf8mb4_0900_ai_ci;
/*!40101 SET character_set_client = @saved_cs_client */;

--
-- Dumping data for table `districts`
--

LOCK TABLES `districts` WRITE;
/*!40000 ALTER TABLE `districts` DISABLE KEYS */;
INSERT INTO `districts` VALUES ('0a9c78db-9c3e-11f0-a7b7-0a6aab4924ab','Thành phố Vũng Tàu','05303065-9c3e-11f0-a7b7-0a6aab4924ab',''),('116d8f52-9c40-11f0-a7b7-0a6aab4924ab','Thành phố Huế','fd1e75e5-9c3f-11f0-a7b7-0a6aab4924ab',''),('3903b90e-7fe6-4b85-8354-2b704776b14a','Quận 10','e0801285-9c3c-11f0-a7b7-0a6aab4924ab','Q10'),('3edb5675-9c39-11f0-a7b7-0a6aab4924ab','Thành phố Nha Trang','f5af1aa8-9c38-11f0-a7b7-0a6aab4924ab',''),('6f4c197a-9c3f-11f0-a7b7-0a6aab4924ab','Quận Hoàn Kiếm','6bef0520-9c3f-11f0-a7b7-0a6aab4924ab',''),('7098733d-9c3f-11f0-a7b7-0a6aab4924ab','Quận Tây Hồ','6bef0520-9c3f-11f0-a7b7-0a6aab4924ab',''),('71ce30be-9c3f-11f0-a7b7-0a6aab4924ab','Quận Ba Đình','6bef0520-9c3f-11f0-a7b7-0a6aab4924ab',''),('72e23da9-9c3f-11f0-a7b7-0a6aab4924ab','Quận Cầu Giấy','6bef0520-9c3f-11f0-a7b7-0a6aab4924ab',''),('744b96c7-9c3f-11f0-a7b7-0a6aab4924ab','Quận Nam Từ Liêm','6bef0520-9c3f-11f0-a7b7-0a6aab4924ab',''),('75f84d11-c43c-4f1c-afdf-ee4b781a3e41','huyện Quỳnh Lưu','a634e732-de3f-43c9-888c-f195822aae4b','QL'),('8c60e3fd-d001-46d3-8c3f-7fdec5ed9362','Phường 8','05303065-9c3e-11f0-a7b7-0a6aab4924ab','P8'),('95246789-3e3f-4669-af00-36b6581fc514','huyện Hưng Dũng','a634e732-de3f-43c9-888c-f195822aae4b','HD'),('9d0e22ce-97d2-11f0-a7b7-0a6aab4924ab','Quận Liên Chiểu','b491043b-97ce-11f0-a7b7-0a6aab4924ab',''),('9d0e4273-97d2-11f0-a7b7-0a6aab4924ab','Quận Thanh Khê','b491043b-97ce-11f0-a7b7-0a6aab4924ab',''),('9d0e4439-97d2-11f0-a7b7-0a6aab4924ab','Quận Hải Châu','b491043b-97ce-11f0-a7b7-0a6aab4924ab',''),('9d0e4548-97d2-11f0-a7b7-0a6aab4924ab','Quận Sơn Trà','b491043b-97ce-11f0-a7b7-0a6aab4924ab',''),('9d0e463c-97d2-11f0-a7b7-0a6aab4924ab','Quận Ngũ Hành Sơn','b491043b-97ce-11f0-a7b7-0a6aab4924ab',''),('9d0e46d7-97d2-11f0-a7b7-0a6aab4924ab','Quận Cẩm Lệ','b491043b-97ce-11f0-a7b7-0a6aab4924ab',''),('9d0e4755-97d2-11f0-a7b7-0a6aab4924ab','Huyện Hòa Vang','b491043b-97ce-11f0-a7b7-0a6aab4924ab',''),('9d0e48b4-97d2-11f0-a7b7-0a6aab4924ab','Huyện Hoàng Sa','b491043b-97ce-11f0-a7b7-0a6aab4924ab',''),('a6958d3a-9fc0-469c-a30e-27781bec75e0','phường Thắng Tam','05303065-9c3e-11f0-a7b7-0a6aab4924ab','TT'),('b97ecc88-9c3b-11f0-a7b7-0a6aab4924ab','Thành phố Phan Thiết','5d73427e-9c3b-11f0-a7b7-0a6aab4924ab',''),('c1bca654-99be-426e-ba1a-88887219bd77','huyện Nam Đàn','a634e732-de3f-43c9-888c-f195822aae4b',''),('e4140ff0-9c3c-11f0-a7b7-0a6aab4924ab','Quận 1','e0801285-9c3c-11f0-a7b7-0a6aab4924ab',''),('e69d54c0-42d6-48fa-8573-6b9260fea7b9','Quận Hai Bà Trưng','6bef0520-9c3f-11f0-a7b7-0a6aab4924ab','HBT'),('e81c0f10-9c3c-11f0-a7b7-0a6aab4924ab','Quận 3','e0801285-9c3c-11f0-a7b7-0a6aab4924ab',''),('e9aa7450-9c3c-11f0-a7b7-0a6aab4924ab','Quận 5','e0801285-9c3c-11f0-a7b7-0a6aab4924ab',''),('eb9d9d7d-9c3c-11f0-a7b7-0a6aab4924ab','Quận 7','e0801285-9c3c-11f0-a7b7-0a6aab4924ab',''),('ed1bbf4f-9c3c-11f0-a7b7-0a6aab4924ab','Quận Tân Bình','e0801285-9c3c-11f0-a7b7-0a6aab4924ab',''),('ee929941-9c3c-11f0-a7b7-0a6aab4924ab','Thành phố Thủ Đức','e0801285-9c3c-11f0-a7b7-0a6aab4924ab','');
/*!40000 ALTER TABLE `districts` ENABLE KEYS */;
UNLOCK TABLES;

--
-- Table structure for table `entertainment_venue_categories`
--

DROP TABLE IF EXISTS `entertainment_venue_categories`;
/*!40101 SET @saved_cs_client     = @@character_set_client */;
/*!50503 SET character_set_client = utf8mb4 */;
CREATE TABLE `entertainment_venue_categories` (
  `id` varchar(255) NOT NULL,
  `name` varchar(255) NOT NULL,
  PRIMARY KEY (`id`),
  UNIQUE KEY `UKammsrj1yyr5mrtvtnxp5wk5fi` (`name`)
) ENGINE=InnoDB DEFAULT CHARSET=utf8mb4 COLLATE=utf8mb4_0900_ai_ci;
/*!40101 SET character_set_client = @saved_cs_client */;

--
-- Dumping data for table `entertainment_venue_categories`
--

LOCK TABLES `entertainment_venue_categories` WRITE;
/*!40000 ALTER TABLE `entertainment_venue_categories` DISABLE KEYS */;
INSERT INTO `entertainment_venue_categories` VALUES ('a4d8d350-a850-11f0-a7b7-0a6aab4924ab','Địa Điểm Lân Cận'),('a4da23eb-a850-11f0-a7b7-0a6aab4924ab','Khác'),('a4da0467-a850-11f0-a7b7-0a6aab4924ab','Trung tâm giải trí');
/*!40000 ALTER TABLE `entertainment_venue_categories` ENABLE KEYS */;
UNLOCK TABLES;

--
-- Table structure for table `entertainment_venues`
--

DROP TABLE IF EXISTS `entertainment_venues`;
/*!40101 SET @saved_cs_client     = @@character_set_client */;
/*!50503 SET character_set_client = utf8mb4 */;
CREATE TABLE `entertainment_venues` (
  `id` varchar(255) NOT NULL,
  `name` varchar(255) NOT NULL,
  `entertainment_venue_category_id` varchar(255) NOT NULL,
  `city_id` varchar(255) NOT NULL,
  PRIMARY KEY (`id`),
  KEY `FKif7dtbgk6g3iuc9vsjxq4j23u` (`city_id`),
  KEY `idx_entertainment_venues_category_id` (`entertainment_venue_category_id`),
  CONSTRAINT `FKif7dtbgk6g3iuc9vsjxq4j23u` FOREIGN KEY (`city_id`) REFERENCES `cities` (`id`),
  CONSTRAINT `FKmycbd9kxy2eg6f4tgw88oeqmj` FOREIGN KEY (`entertainment_venue_category_id`) REFERENCES `entertainment_venue_categories` (`id`)
) ENGINE=InnoDB DEFAULT CHARSET=utf8mb4 COLLATE=utf8mb4_0900_ai_ci;
/*!40101 SET character_set_client = @saved_cs_client */;

--
-- Dumping data for table `entertainment_venues`
--

LOCK TABLES `entertainment_venues` WRITE;
/*!40000 ALTER TABLE `entertainment_venues` DISABLE KEYS */;
INSERT INTO `entertainment_venues` VALUES ('07b7c36e-4840-4d7f-8964-16c184981988','Công An Tỉnh Khánh Hòa','a4d8d350-a850-11f0-a7b7-0a6aab4924ab','f5af1aa8-9c38-11f0-a7b7-0a6aab4924ab'),('0ac4daeb-da48-4d83-afac-d40da40fe554','Ga Vinh','a4d8d350-a850-11f0-a7b7-0a6aab4924ab','a634e732-de3f-43c9-888c-f195822aae4b'),('0b95426b-bfc4-48ac-a092-ea387363e1c9','Đường Lạc Long Quân Hà Nội','a4d8d350-a850-11f0-a7b7-0a6aab4924ab','6bef0520-9c3f-11f0-a7b7-0a6aab4924ab'),('0d979dbb-8f18-4017-8191-6e5515a89d5a','Vincom Plaza Lê Thánh Tôn, Nha Trang','a4da0467-a850-11f0-a7b7-0a6aab4924ab','f5af1aa8-9c38-11f0-a7b7-0a6aab4924ab'),('0e923f77-d985-4468-9c75-89181555e4df','Mui Ne Cooking School','a4d8d350-a850-11f0-a7b7-0a6aab4924ab','5d73427e-9c3b-11f0-a7b7-0a6aab4924ab'),('1032f017-a24c-4ec2-871d-d18d3a0cc3fe','Bệnh viện Bình Dân','a4d8d350-a850-11f0-a7b7-0a6aab4924ab','e0801285-9c3c-11f0-a7b7-0a6aab4924ab'),('12ebe6c0-cbf2-4208-afdb-ebbd4f3ab392','Bãi đá Ông Địa 2','a4da0467-a850-11f0-a7b7-0a6aab4924ab','5d73427e-9c3b-11f0-a7b7-0a6aab4924ab'),('170f90d3-f139-4393-88a9-661ff1218069','Công viên Trung Tâm','a4d8d350-a850-11f0-a7b7-0a6aab4924ab','a634e732-de3f-43c9-888c-f195822aae4b'),('177e8d0a-deb9-4a63-8829-cfc6fcdc1c24','Massage & Spa HOÀN HẢO ( Perfect ) Ibis Styles Hotels','a4d8d350-a850-11f0-a7b7-0a6aab4924ab','f5af1aa8-9c38-11f0-a7b7-0a6aab4924ab'),('24aa1b12-d042-465d-b2d4-254bce38d5ec','Sea Links Golf Country Club','a4da0467-a850-11f0-a7b7-0a6aab4924ab','5d73427e-9c3b-11f0-a7b7-0a6aab4924ab'),('268a5cf9-c19e-4401-82ff-41045b4cab8d','Nhà Nghỉ Phúc Lộc Cảnh','a4d8d350-a850-11f0-a7b7-0a6aab4924ab','f5af1aa8-9c38-11f0-a7b7-0a6aab4924ab'),('2ca99d48-833a-4ecf-8ff8-5ca0f5ee3160','OASIS','a4d8d350-a850-11f0-a7b7-0a6aab4924ab','f5af1aa8-9c38-11f0-a7b7-0a6aab4924ab'),('31164332-fcd2-47c8-89b6-d77a8b19dc94','Bảo tàng Xô Viết Nghệ Tĩnh','a4d8d350-a850-11f0-a7b7-0a6aab4924ab','a634e732-de3f-43c9-888c-f195822aae4b'),('3535f41e-28bf-4994-9a5d-2016b310ca10','Vipol resort','a4d8d350-a850-11f0-a7b7-0a6aab4924ab','5d73427e-9c3b-11f0-a7b7-0a6aab4924ab'),('382c450c-e383-421f-ae26-24d4f926af80','Long Beach Pearl - Nguyễn Thị Minh Khai, Nha Trang','a4d8d350-a850-11f0-a7b7-0a6aab4924ab','f5af1aa8-9c38-11f0-a7b7-0a6aab4924ab'),('3a3381f9-9e3f-4e80-a82f-60ae911b3344','Central Park','a4da23eb-a850-11f0-a7b7-0a6aab4924ab','f5af1aa8-9c38-11f0-a7b7-0a6aab4924ab'),('3b0f9fbb-8e9f-400a-a03f-99959886e199','Rainbow restaurant','a4d8d350-a850-11f0-a7b7-0a6aab4924ab','5d73427e-9c3b-11f0-a7b7-0a6aab4924ab'),('3bd8dbe9-ec90-46aa-a10b-b9e5b4b2f28f','Chùa Long Sơn','a4da23eb-a850-11f0-a7b7-0a6aab4924ab','f5af1aa8-9c38-11f0-a7b7-0a6aab4924ab'),('41f515ac-ccf8-4200-8a4d-6f2094c70ef7','Quảng trường 2 tháng 4','a4da0467-a850-11f0-a7b7-0a6aab4924ab','f5af1aa8-9c38-11f0-a7b7-0a6aab4924ab'),('44a0b981-4445-4971-9945-31f2b169abc9','Sunset on the beach','a4d8d350-a850-11f0-a7b7-0a6aab4924ab','5d73427e-9c3b-11f0-a7b7-0a6aab4924ab'),('4650f113-d62b-406d-b62d-80cb265637a6','Mana Kite Center','a4d8d350-a850-11f0-a7b7-0a6aab4924ab','5d73427e-9c3b-11f0-a7b7-0a6aab4924ab'),('495bd65f-161d-46a6-9525-850ce1bf4448','Biển Nha Trang','a4d8d350-a850-11f0-a7b7-0a6aab4924ab','f5af1aa8-9c38-11f0-a7b7-0a6aab4924ab'),('4a946763-8750-465b-9f4c-c85388c0d336','Công viên nước','a4d8d350-a850-11f0-a7b7-0a6aab4924ab','05303065-9c3e-11f0-a7b7-0a6aab4924ab'),('4d46fb15-16dc-4302-ad44-a4d921ca6054','Mui Ne Cooking School','a4d8d350-a850-11f0-a7b7-0a6aab4924ab','5d73427e-9c3b-11f0-a7b7-0a6aab4924ab'),('53212ec7-5414-4bb6-aaac-cea3e9052fc2','Bệnh viện quốc tế Vinmec Nha Trang','a4da23eb-a850-11f0-a7b7-0a6aab4924ab','f5af1aa8-9c38-11f0-a7b7-0a6aab4924ab'),('5c5a4ea0-6c66-4f7c-bfd2-6be7c9db103f','Sân vận động','a4d8d350-a850-11f0-a7b7-0a6aab4924ab','05303065-9c3e-11f0-a7b7-0a6aab4924ab'),('5d3bf37b-07f4-4ded-9a1d-33d3de483920','Long Beach Pearl - Showroom Mũi Né','a4d8d350-a850-11f0-a7b7-0a6aab4924ab','5d73427e-9c3b-11f0-a7b7-0a6aab4924ab'),('63b152ee-e982-4eb4-ab6c-233594af3ae9','Quảng trường Hồ Chí Minh','a4d8d350-a850-11f0-a7b7-0a6aab4924ab','a634e732-de3f-43c9-888c-f195822aae4b'),('66708a12-f179-4bd6-ae66-4128ee8f6710','Giordano Vincom Trần Phú Nha Trang','a4d8d350-a850-11f0-a7b7-0a6aab4924ab','f5af1aa8-9c38-11f0-a7b7-0a6aab4924ab'),('6966ecb0-e421-4c6c-a0b3-ecdb4abdf13b','Sailing Club','a4d8d350-a850-11f0-a7b7-0a6aab4924ab','5d73427e-9c3b-11f0-a7b7-0a6aab4924ab'),('736b9fed-dd28-4672-a5a0-96f046a97932','Botanica Spa','a4d8d350-a850-11f0-a7b7-0a6aab4924ab','5d73427e-9c3b-11f0-a7b7-0a6aab4924ab'),('77e70723-8b25-48e5-a72d-685cd1ba3438','Mana Kite Center Category 2','a4da0467-a850-11f0-a7b7-0a6aab4924ab','5d73427e-9c3b-11f0-a7b7-0a6aab4924ab'),('78783e33-30f1-451f-b803-959b9c3b99d1','Hội Nông Dân Tỉnh Khánh Hòa','a4da23eb-a850-11f0-a7b7-0a6aab4924ab','f5af1aa8-9c38-11f0-a7b7-0a6aab4924ab'),('7b68c33b-ca08-48b1-8a6e-198c84eebcb4','Công viên nước Hồ Tây','a4d8d350-a850-11f0-a7b7-0a6aab4924ab','6bef0520-9c3f-11f0-a7b7-0a6aab4924ab'),('81103314-7e6f-4822-8aa8-d6ee751f707f','Bảo tàng Không quân Nha Trang','a4d8d350-a850-11f0-a7b7-0a6aab4924ab','f5af1aa8-9c38-11f0-a7b7-0a6aab4924ab'),('82322f0c-4bf4-49b8-a4f4-453268fd2f9d','Chợ Đầm','a4da0467-a850-11f0-a7b7-0a6aab4924ab','f5af1aa8-9c38-11f0-a7b7-0a6aab4924ab'),('839c9ecb-e549-4f8c-a6b6-b7427478edae','Nhà thờ Lớn Hà Nội','a4d8d350-a850-11f0-a7b7-0a6aab4924ab','6bef0520-9c3f-11f0-a7b7-0a6aab4924ab'),('84e42977-2730-49cb-9802-41bed9739de2','Sân vận động Quân Khu 7','a4d8d350-a850-11f0-a7b7-0a6aab4924ab','e0801285-9c3c-11f0-a7b7-0a6aab4924ab'),('9086eab2-082c-4491-8ad3-00b2a4e7c00f','Bãi đá ngầm','a4d8d350-a850-11f0-a7b7-0a6aab4924ab','05303065-9c3e-11f0-a7b7-0a6aab4924ab'),('94ac26d6-aff0-470e-9749-480605cf5b07','Alpha Nha Trang','a4d8d350-a850-11f0-a7b7-0a6aab4924ab','f5af1aa8-9c38-11f0-a7b7-0a6aab4924ab'),('9aa3b70a-f25d-4d2c-ac68-f675834f759b','Nhà thờ Núi Nha Trang','a4da23eb-a850-11f0-a7b7-0a6aab4924ab','f5af1aa8-9c38-11f0-a7b7-0a6aab4924ab'),('9aee1d2c-4434-4352-a438-15702949068a','Đường Trần Phú','a4d8d350-a850-11f0-a7b7-0a6aab4924ab','f5af1aa8-9c38-11f0-a7b7-0a6aab4924ab'),('9bba9cd1-cd48-489c-b8b1-2a50ed61eb80','Nhà Hàng Tâm Cọt','a4d8d350-a850-11f0-a7b7-0a6aab4924ab','5d73427e-9c3b-11f0-a7b7-0a6aab4924ab'),('9f543f4b-2b5f-467b-bd94-d8b55544f7c9','Mui Ne Bay Kite School 2','a4d8d350-a850-11f0-a7b7-0a6aab4924ab','5d73427e-9c3b-11f0-a7b7-0a6aab4924ab'),('9fbd6b39-cbaf-40ad-b408-944c584bd6dc','Khu Nghỉ Dưỡng Và Spa Đồi Xanh','a4d8d350-a850-11f0-a7b7-0a6aab4924ab','5d73427e-9c3b-11f0-a7b7-0a6aab4924ab'),('a52ccf70-cbaa-4d23-8df9-22c5d5896de2','Hồ Tây','a4d8d350-a850-11f0-a7b7-0a6aab4924ab','6bef0520-9c3f-11f0-a7b7-0a6aab4924ab'),('ad813fee-4ed4-476b-90d4-81fe88e34d47','Stay 7 International Hotel Nha Trang','a4d8d350-a850-11f0-a7b7-0a6aab4924ab','f5af1aa8-9c38-11f0-a7b7-0a6aab4924ab'),('ae9c0dfc-aa21-4e6b-8682-4bb9310f347e','Armenia Nha Trang','a4d8d350-a850-11f0-a7b7-0a6aab4924ab','f5af1aa8-9c38-11f0-a7b7-0a6aab4924ab'),('b00255ae-3580-47b4-911a-6b61c39c1bfa','Sailing Club Nha Trang','a4d8d350-a850-11f0-a7b7-0a6aab4924ab','f5af1aa8-9c38-11f0-a7b7-0a6aab4924ab'),('b1a9e37c-f6d3-4653-ba6d-304d0d15491b','Quảng trường mới','a4d8d350-a850-11f0-a7b7-0a6aab4924ab','05303065-9c3e-11f0-a7b7-0a6aab4924ab'),('b2fdb4d2-6f58-46b3-a7db-51d2654ddeb5','Nhà Phi Thuyền Việt Nam','a4d8d350-a850-11f0-a7b7-0a6aab4924ab','5d73427e-9c3b-11f0-a7b7-0a6aab4924ab'),('b4cbf883-ffb9-4b57-9a69-a1d80e260ac1','Sân bay quốc tế Tân Sơn Nhất','a4d8d350-a850-11f0-a7b7-0a6aab4924ab','e0801285-9c3c-11f0-a7b7-0a6aab4924ab'),('b609d28d-a7a0-4d6f-aed1-7423cd0d2b1a','Đường Hùng Vương Nha Trang','a4d8d350-a850-11f0-a7b7-0a6aab4924ab','f5af1aa8-9c38-11f0-a7b7-0a6aab4924ab'),('b9bf4e4b-da94-4a5e-a40b-ce378598691d','Bệnh viện Chợ Rẫy','a4d8d350-a850-11f0-a7b7-0a6aab4924ab','e0801285-9c3c-11f0-a7b7-0a6aab4924ab'),('c7dd521f-de82-4791-b4e3-bb9e639515b6','Hồ Tây','a4d8d350-a850-11f0-a7b7-0a6aab4924ab','6bef0520-9c3f-11f0-a7b7-0a6aab4924ab'),('c83bc40d-fcb4-43e0-832d-4ce78e5f5ebb','Đường Nguyễn Thiện Thuật Nha Trang','a4d8d350-a850-11f0-a7b7-0a6aab4924ab','f5af1aa8-9c38-11f0-a7b7-0a6aab4924ab'),('d47ab636-b91c-4434-8827-3db06db3b4eb','Đường Nguyễn Đình Chiểu Mũi Né','a4d8d350-a850-11f0-a7b7-0a6aab4924ab','5d73427e-9c3b-11f0-a7b7-0a6aab4924ab'),('e5ef7b08-bac1-4c1e-ab02-385d1ab4086e','Mui Ne Bay Kite School','a4d8d350-a850-11f0-a7b7-0a6aab4924ab','5d73427e-9c3b-11f0-a7b7-0a6aab4924ab'),('e7e1ab63-48f6-48a6-8e87-d9a555e85fe6','Sunflower Spa','a4d8d350-a850-11f0-a7b7-0a6aab4924ab','5d73427e-9c3b-11f0-a7b7-0a6aab4924ab'),('e92d0ddc-891d-43aa-9686-921088bdfa46','Tháp Trầm Hương','a4da0467-a850-11f0-a7b7-0a6aab4924ab','f5af1aa8-9c38-11f0-a7b7-0a6aab4924ab'),('f3506887-d309-4f46-8a9e-6cc5d41ccecf','Bãi đá Ông Địa','a4da0467-a850-11f0-a7b7-0a6aab4924ab','5d73427e-9c3b-11f0-a7b7-0a6aab4924ab'),('fc9da313-65e7-43c9-a14c-b7e5684c5444','Lâu đài Rượu Vang','a4da0467-a850-11f0-a7b7-0a6aab4924ab','5d73427e-9c3b-11f0-a7b7-0a6aab4924ab');
/*!40000 ALTER TABLE `entertainment_venues` ENABLE KEYS */;
UNLOCK TABLES;

--
-- Table structure for table `hotel_amenities`
--

DROP TABLE IF EXISTS `hotel_amenities`;
/*!40101 SET @saved_cs_client     = @@character_set_client */;
/*!50503 SET character_set_client = utf8mb4 */;
CREATE TABLE `hotel_amenities` (
  `id` varchar(255) NOT NULL,
  `amenity_id` varchar(255) NOT NULL,
  `hotel_id` varchar(255) NOT NULL,
  PRIMARY KEY (`id`),
  KEY `idx_hotel_amenities_hotel_id` (`hotel_id`),
  KEY `idx_hotel_amenities_amenity_id` (`amenity_id`),
  CONSTRAINT `FK5v984hm7iyuvyccsgboplo7ii` FOREIGN KEY (`hotel_id`) REFERENCES `hotels` (`id`),
  CONSTRAINT `FK8briqcy2j5b6td3kpi2bbq03w` FOREIGN KEY (`amenity_id`) REFERENCES `amenities` (`id`)
) ENGINE=InnoDB DEFAULT CHARSET=utf8mb4 COLLATE=utf8mb4_0900_ai_ci;
/*!40101 SET character_set_client = @saved_cs_client */;

--
-- Dumping data for table `hotel_amenities`
--

LOCK TABLES `hotel_amenities` WRITE;
/*!40000 ALTER TABLE `hotel_amenities` DISABLE KEYS */;
INSERT INTO `hotel_amenities` VALUES ('00bb0f9a-81ca-4ec8-9c30-32c338705cc3','20721009-a065-11f0-a7b7-0a6aab4924ab','19f5b491-49e0-42d5-909c-74d4193ab327'),('052983d6-4f90-492f-a12d-ad9f2e87d796','73f0c6d0-a066-11f0-a7b7-0a6aab4924ab','3147d003-ffd9-47f9-868c-d1bfa323449f'),('05682b85-92d2-4397-81db-125bf7e49e49','352245ea-a065-11f0-a7b7-0a6aab4924ab','70ec9338-8afb-4cd9-be50-8726b949bd6e'),('081c6bed-d781-493a-a392-5d77c1f83102','f66c6403-a5e4-11f0-a7b7-0a6aab4924ab','6a5f7d70-3d0e-4c6c-8648-48e9bdc35d55'),('086a4dfe-03fd-45a7-9d0a-2c1adf66a025','7d986bad-a065-11f0-a7b7-0a6aab4924ab','19f5b491-49e0-42d5-909c-74d4193ab327'),('0e62d25b-1725-4626-9bbd-2783d36690d1','3522438c-a065-11f0-a7b7-0a6aab4924ab','00d60e60-d366-4d73-b3c0-614ecb95feb7'),('1253f909-553e-41f8-ad8b-45efc119c612','73f0cf25-a066-11f0-a7b7-0a6aab4924ab','00d60e60-d366-4d73-b3c0-614ecb95feb7'),('128658bc-746a-4d82-b0d4-03e87edf133d','a1442b62-a066-11f0-a7b7-0a6aab4924ab','6a5f7d70-3d0e-4c6c-8648-48e9bdc35d55'),('14738caf-0b35-483a-b2de-e1d516cdec5e','73f16eb9-a066-11f0-a7b7-0a6aab4924ab','6a5f7d70-3d0e-4c6c-8648-48e9bdc35d55'),('15c670d6-5cb4-4e6c-8303-1700b4a7f861','a1440a52-a066-11f0-a7b7-0a6aab4924ab','3147d003-ffd9-47f9-868c-d1bfa323449f'),('198c64c2-283b-4763-ad0f-e41b513dffe3','20727dfc-a065-11f0-a7b7-0a6aab4924ab','00d60e60-d366-4d73-b3c0-614ecb95feb7'),('1c87e507-3e95-4a89-8dd2-53fa5120acd6','2071edb6-a065-11f0-a7b7-0a6aab4924ab','19f5b491-49e0-42d5-909c-74d4193ab327'),('1eeee410-8453-448a-81bb-2224ae6a29f7','3b2ad6bf-a065-11f0-a7b7-0a6aab4924ab','00d60e60-d366-4d73-b3c0-614ecb95feb7'),('1fa7772d-c907-4823-8f33-1da36f99b0df','7d988c59-a065-11f0-a7b7-0a6aab4924ab','00d60e60-d366-4d73-b3c0-614ecb95feb7'),('22606ce7-3fae-4b62-a61b-369cdf0fb297','73f16eb9-a066-11f0-a7b7-0a6aab4924ab','19f5b491-49e0-42d5-909c-74d4193ab327'),('23947386-9c56-4882-bc63-2baa71beee04','3b2ad238-a065-11f0-a7b7-0a6aab4924ab','00d60e60-d366-4d73-b3c0-614ecb95feb7'),('2445623a-2ea2-4646-817b-2e84c687d314','20722d38-a065-11f0-a7b7-0a6aab4924ab','00d60e60-d366-4d73-b3c0-614ecb95feb7'),('254a5c5f-ad91-4678-9130-3bd2a74a7d14','82759928-a065-11f0-a7b7-0a6aab4924ab','00d60e60-d366-4d73-b3c0-614ecb95feb7'),('297a33e9-bda8-47b3-aacf-c084f3674fa7','35223f50-a065-11f0-a7b7-0a6aab4924ab','00d60e60-d366-4d73-b3c0-614ecb95feb7'),('29cb3a9e-84e1-432c-a17b-05df7f3724ab','2071f26c-a065-11f0-a7b7-0a6aab4924ab','00d60e60-d366-4d73-b3c0-614ecb95feb7'),('2aabf76c-a00b-4fa6-9e97-ae17c0a19b26','2071edb6-a065-11f0-a7b7-0a6aab4924ab','00d60e60-d366-4d73-b3c0-614ecb95feb7'),('2cf83f2c-e80c-483b-82eb-f08997d73f3f','a144278a-a066-11f0-a7b7-0a6aab4924ab','00d60e60-d366-4d73-b3c0-614ecb95feb7'),('315b6a98-96d0-43ff-a16f-525f6d9ea4bd','20722f24-a065-11f0-a7b7-0a6aab4924ab','00d60e60-d366-4d73-b3c0-614ecb95feb7'),('319a23ab-931a-403c-b37d-30a6b1bad9d4','2e5350ff-a065-11f0-a7b7-0a6aab4924ab','00d60e60-d366-4d73-b3c0-614ecb95feb7'),('31d1e8e6-4d64-46a7-93a7-f1f0ed709e64','73f15439-a066-11f0-a7b7-0a6aab4924ab','6a5f7d70-3d0e-4c6c-8648-48e9bdc35d55'),('3285eb7e-1e70-4ef8-890b-e03addb96d8b','73f0cf25-a066-11f0-a7b7-0a6aab4924ab','3147d003-ffd9-47f9-868c-d1bfa323449f'),('3303ad36-d848-4a36-8bbf-3b0e9b7afe24','35224825-a065-11f0-a7b7-0a6aab4924ab','00d60e60-d366-4d73-b3c0-614ecb95feb7'),('36000467-3120-43d4-919e-c0041ed5642c','73f0c6d0-a066-11f0-a7b7-0a6aab4924ab','6a5f7d70-3d0e-4c6c-8648-48e9bdc35d55'),('375bf720-2b7e-4784-9be6-2bb563e792e2','944572a0-a065-11f0-a7b7-0a6aab4924ab','00d60e60-d366-4d73-b3c0-614ecb95feb7'),('37da0a09-a6f8-402e-9e33-d25b25412419','73f13b7d-a066-11f0-a7b7-0a6aab4924ab','3147d003-ffd9-47f9-868c-d1bfa323449f'),('380ac6b1-e135-415e-88db-d92aa365a308','35224a26-a065-11f0-a7b7-0a6aab4924ab','00d60e60-d366-4d73-b3c0-614ecb95feb7'),('38285c59-5c6a-40fc-b0c5-68b1530f9387','2071f26c-a065-11f0-a7b7-0a6aab4924ab','19f5b491-49e0-42d5-909c-74d4193ab327'),('38cbe322-2663-48e9-914f-282997a62c60','3b2ad10f-a065-11f0-a7b7-0a6aab4924ab','00d60e60-d366-4d73-b3c0-614ecb95feb7'),('3a36a4a2-0ac2-460c-b6bb-05323f63563c','3b2ad4af-a065-11f0-a7b7-0a6aab4924ab','00d60e60-d366-4d73-b3c0-614ecb95feb7'),('3aa3cc32-7ea6-46fc-933f-6bb4655a93cf','2e534d79-a065-11f0-a7b7-0a6aab4924ab','00d60e60-d366-4d73-b3c0-614ecb95feb7'),('3ed62f45-fae2-498f-8bc6-d41e97198687','73f13b7d-a066-11f0-a7b7-0a6aab4924ab','6a5f7d70-3d0e-4c6c-8648-48e9bdc35d55'),('3ef4bee1-75e6-417d-a01e-b1b696259264','a1442b62-a066-11f0-a7b7-0a6aab4924ab','00d60e60-d366-4d73-b3c0-614ecb95feb7'),('428f64e1-c120-4864-b939-17c67a539747','73f0cd07-a066-11f0-a7b7-0a6aab4924ab','19f5b491-49e0-42d5-909c-74d4193ab327'),('436c68c3-2750-4cfa-8eda-e1973f0532fd','73f0c6d0-a066-11f0-a7b7-0a6aab4924ab','19f5b491-49e0-42d5-909c-74d4193ab327'),('446ab648-e67a-48fe-b7e0-51370c824a54','db281abf-a066-11f0-a7b7-0a6aab4924ab','00d60e60-d366-4d73-b3c0-614ecb95feb7'),('44e87fd5-a63b-4ef5-8aff-51ed60e17b6e','db281bbb-a066-11f0-a7b7-0a6aab4924ab','00d60e60-d366-4d73-b3c0-614ecb95feb7'),('45bdf651-5c02-44e5-a392-b011e167831f','73f0cd07-a066-11f0-a7b7-0a6aab4924ab','00d60e60-d366-4d73-b3c0-614ecb95feb7'),('474d67c9-2fa1-4cec-929d-d3f3a21cf6c0','73f0cf25-a066-11f0-a7b7-0a6aab4924ab','6a5f7d70-3d0e-4c6c-8648-48e9bdc35d55'),('4a9e65b6-a378-4c5c-8ae6-5e13e2639383','9fda77d1-a065-11f0-a7b7-0a6aab4924ab','70ec9338-8afb-4cd9-be50-8726b949bd6e'),('4b21c8d2-4dd7-4296-a7be-8d15147097be','db2819a1-a066-11f0-a7b7-0a6aab4924ab','6a5f7d70-3d0e-4c6c-8648-48e9bdc35d55'),('4da93ffe-608d-4e49-92e6-c154fab551a8','73f0d5b6-a066-11f0-a7b7-0a6aab4924ab','19f5b491-49e0-42d5-909c-74d4193ab327'),('4dbe5059-3d4c-4482-8063-7d9553a9c3a6','20722b61-a065-11f0-a7b7-0a6aab4924ab','00d60e60-d366-4d73-b3c0-614ecb95feb7'),('4ed613e5-aa1e-455e-ba50-947303734aa5','3b2acfb9-a065-11f0-a7b7-0a6aab4924ab','00d60e60-d366-4d73-b3c0-614ecb95feb7'),('4ee940cd-12da-4c7c-a8f4-5d23230d2b6e','db281ce2-a066-11f0-a7b7-0a6aab4924ab','00d60e60-d366-4d73-b3c0-614ecb95feb7'),('54948ee6-7c20-4f95-9dff-7b12d6d6ef06','20720dfc-a065-11f0-a7b7-0a6aab4924ab','00d60e60-d366-4d73-b3c0-614ecb95feb7'),('561e37e3-dc22-43c9-84e2-245de9c91af2','20720dfc-a065-11f0-a7b7-0a6aab4924ab','19f5b491-49e0-42d5-909c-74d4193ab327'),('5731d31a-f3d4-440c-b289-0d1c81d53654','db281abf-a066-11f0-a7b7-0a6aab4924ab','19f5b491-49e0-42d5-909c-74d4193ab327'),('57985cc8-78d9-49ee-af66-48eac254a2c6','3b2ad3dc-a065-11f0-a7b7-0a6aab4924ab','00d60e60-d366-4d73-b3c0-614ecb95feb7'),('58ee4c9f-c560-4941-b557-51e97ecf872f','8ed8fe8a-a065-11f0-a7b7-0a6aab4924ab','00d60e60-d366-4d73-b3c0-614ecb95feb7'),('595b6b02-8b7c-4a40-96cc-bb6f32895f7f','35224ada-a065-11f0-a7b7-0a6aab4924ab','00d60e60-d366-4d73-b3c0-614ecb95feb7'),('5a424137-09b7-454c-9da9-cad59ee35987','2e533020-a065-11f0-a7b7-0a6aab4924ab','00d60e60-d366-4d73-b3c0-614ecb95feb7'),('5ab53c81-1651-449e-9f03-f6bcb38ad76a','2e535034-a065-11f0-a7b7-0a6aab4924ab','70ec9338-8afb-4cd9-be50-8726b949bd6e'),('5ece25ac-d981-47e7-947e-e1669401e6bf','20727bb3-a065-11f0-a7b7-0a6aab4924ab','00d60e60-d366-4d73-b3c0-614ecb95feb7'),('5faad67d-56ac-46e4-9af8-3164ef73ac6d','7d988c59-a065-11f0-a7b7-0a6aab4924ab','70ec9338-8afb-4cd9-be50-8726b949bd6e'),('6041d85e-8b50-45b7-a14c-4b9ad167febf','73f13b7d-a066-11f0-a7b7-0a6aab4924ab','19f5b491-49e0-42d5-909c-74d4193ab327'),('61f6168c-0e31-48c0-8ddf-c273d7f430ff','73f0cd07-a066-11f0-a7b7-0a6aab4924ab','6a5f7d70-3d0e-4c6c-8648-48e9bdc35d55'),('63214d82-5315-4e6b-92c1-efd445be5d8c','35224536-a065-11f0-a7b7-0a6aab4924ab','00d60e60-d366-4d73-b3c0-614ecb95feb7'),('637358c8-70af-4fac-80d2-93e8bf2d3053','20721102-a065-11f0-a7b7-0a6aab4924ab','00d60e60-d366-4d73-b3c0-614ecb95feb7'),('63e0e964-30fd-42f8-90c5-7f97507db818','db281ce2-a066-11f0-a7b7-0a6aab4924ab','6a5f7d70-3d0e-4c6c-8648-48e9bdc35d55'),('65abef96-fb17-45f9-95bf-7d100dfa9c47','f66c6403-a5e4-11f0-a7b7-0a6aab4924zx','70ec9338-8afb-4cd9-be50-8726b949bd6e'),('65beb4bc-a6f3-4f55-9fde-961a0fa155e8','20728334-a065-11f0-a7b7-0a6aab4924ab','00d60e60-d366-4d73-b3c0-614ecb95feb7'),('671c3d78-61fa-441e-98ff-7e2d9e688895','db281abf-a066-11f0-a7b7-0a6aab4924ab','3147d003-ffd9-47f9-868c-d1bfa323449f'),('68c82109-f10f-4452-a224-9eace220a71d','a1442a68-a066-11f0-a7b7-0a6aab4924ab','00d60e60-d366-4d73-b3c0-614ecb95feb7'),('6a13c7c6-8b79-4a6d-b680-6ac0643d8d8e','a1440a52-a066-11f0-a7b7-0a6aab4924ab','19f5b491-49e0-42d5-909c-74d4193ab327'),('6c021ffd-d0dc-4075-851f-be5d5412a7f2','82759851-a065-11f0-a7b7-0a6aab4924ab','00d60e60-d366-4d73-b3c0-614ecb95feb7'),('6c4f963c-e451-44db-a031-a033f23de911','73f0d5b6-a066-11f0-a7b7-0a6aab4924ab','3147d003-ffd9-47f9-868c-d1bfa323449f'),('6ca89730-a75f-40dc-ba78-c3910e583dcf','a144257e-a066-11f0-a7b7-0a6aab4924ab','19f5b491-49e0-42d5-909c-74d4193ab327'),('6d06688b-f723-4b35-90ad-86c0ebad58f2','db281bbb-a066-11f0-a7b7-0a6aab4924ab','19f5b491-49e0-42d5-909c-74d4193ab327'),('6f130e32-6d72-418a-8d6b-5e272fc77ccf','f66c6403-a5e4-11f0-a7b7-0a6aab4924ab','19f5b491-49e0-42d5-909c-74d4193ab327'),('6fe9d605-c7ab-40e7-b2cc-dc692ce4d797','20721009-a065-11f0-a7b7-0a6aab4924ab','00d60e60-d366-4d73-b3c0-614ecb95feb7'),('7106dde4-e39b-4bfd-b491-3cff9fc11b95','db281ce2-a066-11f0-a7b7-0a6aab4924ab','3147d003-ffd9-47f9-868c-d1bfa323449f'),('730eb431-7058-417d-a773-44b19e5184ec','82759b4c-a065-11f0-a7b7-0a6aab4924ab','00d60e60-d366-4d73-b3c0-614ecb95feb7'),('733b7fa7-d406-4fe9-9240-a5aeb4f06bcf','7d98abd0-a065-11f0-a7b7-0a6aab4924ab','00d60e60-d366-4d73-b3c0-614ecb95feb7'),('779dcca5-5fa6-45d0-aaa9-3f99fa36182e','352245ea-a065-11f0-a7b7-0a6aab4924ab','00d60e60-d366-4d73-b3c0-614ecb95feb7'),('77bfda79-579b-49fb-867a-d84feb693bb5','db281ce2-a066-11f0-a7b7-0a6aab4924ab','19f5b491-49e0-42d5-909c-74d4193ab327'),('77c6a677-0004-4b5a-b8c5-f05180906e04','2e535342-a065-11f0-a7b7-0a6aab4924ab','00d60e60-d366-4d73-b3c0-614ecb95feb7'),('784e5eaa-cbf9-4bff-9f95-8aea33e86726','3b2ad6bf-a065-11f0-a7b7-0a6aab4924ab','19f5b491-49e0-42d5-909c-74d4193ab327'),('79ad3ec2-4ac4-4d27-bf3b-add9d9e37d59','7d98a9f7-a065-11f0-a7b7-0a6aab4924ab','00d60e60-d366-4d73-b3c0-614ecb95feb7'),('7a870a30-7d71-4516-ae50-6af7f101412c','a1442a68-a066-11f0-a7b7-0a6aab4924ab','3147d003-ffd9-47f9-868c-d1bfa323449f'),('7ab1867f-c17b-42da-970c-409fa3f771ac','a144278a-a066-11f0-a7b7-0a6aab4924ab','6a5f7d70-3d0e-4c6c-8648-48e9bdc35d55'),('7b66b2b1-2f50-4994-8531-90d64b34ced8','73f15439-a066-11f0-a7b7-0a6aab4924ab','19f5b491-49e0-42d5-909c-74d4193ab327'),('7bb1d0d4-4f2f-4e8a-b70b-6429fc4b6d61','db2819a1-a066-11f0-a7b7-0a6aab4924ab','00d60e60-d366-4d73-b3c0-614ecb95feb7'),('7c1474c8-e26d-4308-b988-a434b9ca954f','3b2ad602-a065-11f0-a7b7-0a6aab4924ab','00d60e60-d366-4d73-b3c0-614ecb95feb7'),('7cdef5aa-4f92-4c8f-af15-da9bc4701630','20728174-a065-11f0-a7b7-0a6aab4924ab','00d60e60-d366-4d73-b3c0-614ecb95feb7'),('7d4e2513-f1a1-49fb-ba0f-1a35b047c8db','db28142f-a066-11f0-a7b7-0a6aab4924ab','00d60e60-d366-4d73-b3c0-614ecb95feb7'),('7d52315e-f070-45d0-adf6-9eed4403305b','2e535526-a065-11f0-a7b7-0a6aab4924ab','70ec9338-8afb-4cd9-be50-8726b949bd6e'),('7df5b9cb-cccc-4e58-8ad7-a438af4682ad','73f16d59-a066-11f0-a7b7-0a6aab4924ab','3147d003-ffd9-47f9-868c-d1bfa323449f'),('81d547f9-49b6-454b-9048-b8dada0eb2cc','a144257e-a066-11f0-a7b7-0a6aab4924ab','3147d003-ffd9-47f9-868c-d1bfa323449f'),('84aa6e0f-9a8b-4707-8343-f2e0e6519903','2e535526-a065-11f0-a7b7-0a6aab4924ab','00d60e60-d366-4d73-b3c0-614ecb95feb7'),('8631b949-758e-462b-9905-53870123de17','a144278a-a066-11f0-a7b7-0a6aab4924ab','3147d003-ffd9-47f9-868c-d1bfa323449f'),('8645079f-c4fd-4f0d-8d54-d47b71842120','73f0c6d0-a066-11f0-a7b7-0a6aab4924ab','00d60e60-d366-4d73-b3c0-614ecb95feb7'),('86b11468-641d-48ca-ac76-410c2d78bb9a','db28142f-a066-11f0-a7b7-0a6aab4924ab','3147d003-ffd9-47f9-868c-d1bfa323449f'),('86eef650-680b-4dc8-8bf8-78182e9c3c0b','8ed903e3-a065-11f0-a7b7-0a6aab4924ab','00d60e60-d366-4d73-b3c0-614ecb95feb7'),('89560630-78af-4f7c-bd60-84d60107db63','73f15439-a066-11f0-a7b7-0a6aab4924ab','00d60e60-d366-4d73-b3c0-614ecb95feb7'),('8b65846f-45be-47e5-93e0-43f3390d46c5','db28142f-a066-11f0-a7b7-0a6aab4924ab','6a5f7d70-3d0e-4c6c-8648-48e9bdc35d55'),('8bac47c8-2f2b-429f-8704-75d717b39a9d','3b2ad2fb-a065-11f0-a7b7-0a6aab4924ab','00d60e60-d366-4d73-b3c0-614ecb95feb7'),('8bde8c6e-3763-4655-875a-35df8e8ce2dc','8ed902d8-a065-11f0-a7b7-0a6aab4924ab','00d60e60-d366-4d73-b3c0-614ecb95feb7'),('8e67b1e4-4ced-4833-ada8-a78ed9b2f4f6','a75b74a0-a065-11f0-a7b7-0a6aab4924ab','70ec9338-8afb-4cd9-be50-8726b949bd6e'),('90fbe3fa-242c-465d-8077-9b6bfebd0b1c','a1440a52-a066-11f0-a7b7-0a6aab4924ab','00d60e60-d366-4d73-b3c0-614ecb95feb7'),('912e5183-1124-4840-abee-4b5aa45a7aaa','a1440a52-a066-11f0-a7b7-0a6aab4924ab','6a5f7d70-3d0e-4c6c-8648-48e9bdc35d55'),('91544bf5-4751-4ed4-a46f-b9c08e8a2fb0','a1442b62-a066-11f0-a7b7-0a6aab4924ab','3147d003-ffd9-47f9-868c-d1bfa323449f'),('93f8434c-d02f-407a-b1ae-59808232a62c','35224967-a065-11f0-a7b7-0a6aab4924ab','00d60e60-d366-4d73-b3c0-614ecb95feb7'),('94f7dd03-66b6-4a35-8675-c63b988f0406','a144257e-a066-11f0-a7b7-0a6aab4924ab','6a5f7d70-3d0e-4c6c-8648-48e9bdc35d55'),('99eb250c-a0fc-4265-83ad-3a58acf781ea','a1442887-a066-11f0-a7b7-0a6aab4924ab','3147d003-ffd9-47f9-868c-d1bfa323449f'),('9bdc5ca1-b3e8-4549-8721-4639ae2d1d31','73f0cd07-a066-11f0-a7b7-0a6aab4924ab','3147d003-ffd9-47f9-868c-d1bfa323449f'),('9cc6e5e8-14d3-4cc2-9b54-70a6198ae58d','73f16d59-a066-11f0-a7b7-0a6aab4924ab','00d60e60-d366-4d73-b3c0-614ecb95feb7'),('9d712c15-7bdc-47fb-8f69-af87a0c5c762','8891a744-a065-11f0-a7b7-0a6aab4924ab','00d60e60-d366-4d73-b3c0-614ecb95feb7'),('a2987dee-bc68-4e1e-b565-ff9ba1f4adf4','8891a614-a065-11f0-a7b7-0a6aab4924ab','00d60e60-d366-4d73-b3c0-614ecb95feb7'),('a3358ad6-6f82-4356-a9a8-551d24f62de8','a75b74a0-a065-11f0-a7b7-0a6aab4924ab','00d60e60-d366-4d73-b3c0-614ecb95feb7'),('a4d8f3f3-a7a4-48dc-91b0-f4cc71e18435','73f0cf25-a066-11f0-a7b7-0a6aab4924ab','19f5b491-49e0-42d5-909c-74d4193ab327'),('a6381b1a-68ad-4618-977f-e11ce2b003cd','73f0d5b6-a066-11f0-a7b7-0a6aab4924ab','6a5f7d70-3d0e-4c6c-8648-48e9bdc35d55'),('a77d50ab-af05-473a-8b15-dc57c6a76c49','a1442887-a066-11f0-a7b7-0a6aab4924ab','6a5f7d70-3d0e-4c6c-8648-48e9bdc35d55'),('a7ec625a-21f2-4473-8a14-de7af50dd6ef','de5fceb4-a065-11f0-a7b7-0a6aab4924ab','00d60e60-d366-4d73-b3c0-614ecb95feb7'),('a8558884-74b3-41b0-82cb-f5fc924cc830','73f16d59-a066-11f0-a7b7-0a6aab4924ab','6a5f7d70-3d0e-4c6c-8648-48e9bdc35d55'),('a965c4b3-773b-419e-a45e-de8635c5f000','9a84b6b9-a065-11f0-a7b7-0a6aab4924ab','00d60e60-d366-4d73-b3c0-614ecb95feb7'),('ad6d261d-d9fe-4b7e-921c-1753b2a5bd9a','a1442a68-a066-11f0-a7b7-0a6aab4924ab','6a5f7d70-3d0e-4c6c-8648-48e9bdc35d55'),('afe95fbb-d45b-4501-ae25-91dd5febc009','db2819a1-a066-11f0-a7b7-0a6aab4924ab','3147d003-ffd9-47f9-868c-d1bfa323449f'),('b23750c2-f479-4f5d-a1f7-3fefdce4b5d8','db2819a1-a066-11f0-a7b7-0a6aab4924ab','19f5b491-49e0-42d5-909c-74d4193ab327'),('b38b115d-638b-44ae-8d4a-6ccce6805dc0','2e535458-a065-11f0-a7b7-0a6aab4924ab','00d60e60-d366-4d73-b3c0-614ecb95feb7'),('b6a20382-d101-42e4-925f-02d50dd4bc25','20722e6d-a065-11f0-a7b7-0a6aab4924ab','00d60e60-d366-4d73-b3c0-614ecb95feb7'),('b72d8b15-6a96-46dd-8ed2-c70e4925c1fd','9fda77d1-a065-11f0-a7b7-0a6aab4924ab','00d60e60-d366-4d73-b3c0-614ecb95feb7'),('bb2662e6-fb56-438b-a813-7a079aa9fc3e','9a84992e-a065-11f0-a7b7-0a6aab4924ab','00d60e60-d366-4d73-b3c0-614ecb95feb7'),('bda763e0-2ff6-4515-bd1b-2ea53cd34ff2','f66c6403-a5e4-11f0-a7b7-0a6aab4924ab','3147d003-ffd9-47f9-868c-d1bfa323449f'),('beaff084-3fe5-4e74-9404-3b340554123b','35224475-a065-11f0-a7b7-0a6aab4924ab','00d60e60-d366-4d73-b3c0-614ecb95feb7'),('c16e9e4b-f5a5-46a0-bf04-15ffe152cf1f','db281abf-a066-11f0-a7b7-0a6aab4924ab','6a5f7d70-3d0e-4c6c-8648-48e9bdc35d55'),('c53efc78-022e-40cc-95a6-06ab26b2e1ec','9fda7c04-a065-11f0-a7b7-0a6aab4924ab','00d60e60-d366-4d73-b3c0-614ecb95feb7'),('c53ff660-7d1f-4a64-8cf2-cc74792a1a43','7d988d41-a065-11f0-a7b7-0a6aab4924ab','00d60e60-d366-4d73-b3c0-614ecb95feb7'),('c57b363b-2d37-436f-b247-f36d08f022dc','2e534f38-a065-11f0-a7b7-0a6aab4924ab','00d60e60-d366-4d73-b3c0-614ecb95feb7'),('c751defe-7bd3-4ef6-8238-63e907e8089b','2e535291-a065-11f0-a7b7-0a6aab4924ab','00d60e60-d366-4d73-b3c0-614ecb95feb7'),('c753fb18-4f57-48e5-8b0a-8cce405349d0','a1442b62-a066-11f0-a7b7-0a6aab4924ab','19f5b491-49e0-42d5-909c-74d4193ab327'),('cc9cd457-a951-4373-bc33-3da1fcf5194a','73f16eb9-a066-11f0-a7b7-0a6aab4924ab','00d60e60-d366-4d73-b3c0-614ecb95feb7'),('cef5980c-48e5-45cb-aea2-aca0b07af1f0','82758d61-a065-11f0-a7b7-0a6aab4924ab','00d60e60-d366-4d73-b3c0-614ecb95feb7'),('d098d57d-f08a-4655-a007-00bb12e93cac','2e5351bb-a065-11f0-a7b7-0a6aab4924ab','00d60e60-d366-4d73-b3c0-614ecb95feb7'),('d91102ca-bbe8-49ad-a022-7959d453cc10','a144278a-a066-11f0-a7b7-0a6aab4924ab','19f5b491-49e0-42d5-909c-74d4193ab327'),('d9ce592f-f396-425b-a2c9-b8e1b5fbf5a3','82759a4b-a065-11f0-a7b7-0a6aab4924ab','00d60e60-d366-4d73-b3c0-614ecb95feb7'),('da1c76c1-f34d-489d-ad77-340f6d81b8b3','a144257e-a066-11f0-a7b7-0a6aab4924ab','00d60e60-d366-4d73-b3c0-614ecb95feb7'),('da67bf52-ead5-4927-8aab-5cf84b8702ae','20727bb3-a065-11f0-a7b7-0a6aab4924ab','19f5b491-49e0-42d5-909c-74d4193ab327'),('daae4932-3ac4-4846-a18d-8967e4511520','7d986bad-a065-11f0-a7b7-0a6aab4924ab','00d60e60-d366-4d73-b3c0-614ecb95feb7'),('db28efde-9357-4d76-9a6b-3a982aff0a34','7d98ac89-a065-11f0-a7b7-0a6aab4924ab','00d60e60-d366-4d73-b3c0-614ecb95feb7'),('dbc79254-d680-403c-bb34-dddea55a2047','7d988a6a-a065-11f0-a7b7-0a6aab4924ab','00d60e60-d366-4d73-b3c0-614ecb95feb7'),('dc1fca4e-b3f1-4f69-bc4b-f93d6f5de983','2e535699-a065-11f0-a7b7-0a6aab4924ab','00d60e60-d366-4d73-b3c0-614ecb95feb7'),('e08db09c-f890-49fc-99b5-bc2b660aa9b0','a1442887-a066-11f0-a7b7-0a6aab4924ab','19f5b491-49e0-42d5-909c-74d4193ab327'),('e27c2663-62eb-4c6d-b2b0-8d11f07c4416','a1442a68-a066-11f0-a7b7-0a6aab4924ab','19f5b491-49e0-42d5-909c-74d4193ab327'),('e4d284ea-d90f-42e8-b8fe-471a3a14008c','827595cc-a065-11f0-a7b7-0a6aab4924ab','00d60e60-d366-4d73-b3c0-614ecb95feb7'),('e6931652-f4cb-4c02-8845-2f1a474b23a2','2e535034-a065-11f0-a7b7-0a6aab4924ab','00d60e60-d366-4d73-b3c0-614ecb95feb7'),('ebb411cd-2b3a-4e29-a917-cbc6b207e939','20721102-a065-11f0-a7b7-0a6aab4924ab','19f5b491-49e0-42d5-909c-74d4193ab327'),('ec607556-0461-4b55-8fea-d7f1d71fbd6a','944576ba-a065-11f0-a7b7-0a6aab4924ab','00d60e60-d366-4d73-b3c0-614ecb95feb7'),('ecebeb87-511c-4d0c-8860-327e35301faf','20727f32-a065-11f0-a7b7-0a6aab4924ab','00d60e60-d366-4d73-b3c0-614ecb95feb7'),('ee3a86dd-bc36-4b44-a7f3-4c0a0aaaf0d7','2e5355ec-a065-11f0-a7b7-0a6aab4924ab','00d60e60-d366-4d73-b3c0-614ecb95feb7'),('efe5e54c-5567-4d68-bbda-6ad9284b2817','db28142f-a066-11f0-a7b7-0a6aab4924ab','19f5b491-49e0-42d5-909c-74d4193ab327'),('f15c0c94-dfe3-41ae-b894-e82c82f108f4','db281bbb-a066-11f0-a7b7-0a6aab4924ab','3147d003-ffd9-47f9-868c-d1bfa323449f'),('f2aeae1e-0bfe-4330-88dd-278a5745b501','73f16eb9-a066-11f0-a7b7-0a6aab4924ab','3147d003-ffd9-47f9-868c-d1bfa323449f'),('f33544c3-fff3-42da-a536-5b2655185807','73f16d59-a066-11f0-a7b7-0a6aab4924ab','19f5b491-49e0-42d5-909c-74d4193ab327'),('f8a3fc40-ca95-4533-97d0-ee943898a7a1','a1442887-a066-11f0-a7b7-0a6aab4924ab','00d60e60-d366-4d73-b3c0-614ecb95feb7'),('fb3708e4-981b-4e49-b827-0d38b8ef5e42','73f15439-a066-11f0-a7b7-0a6aab4924ab','3147d003-ffd9-47f9-868c-d1bfa323449f'),('fb3d103e-ef42-4656-9455-4b25ba81f2c4','73f0d5b6-a066-11f0-a7b7-0a6aab4924ab','00d60e60-d366-4d73-b3c0-614ecb95feb7'),('fc49b543-a1a4-45c3-9fd6-cdcc9ea349a8','73f13b7d-a066-11f0-a7b7-0a6aab4924ab','00d60e60-d366-4d73-b3c0-614ecb95feb7'),('fe376997-09db-46d8-b517-b24d3cc808ab','35224763-a065-11f0-a7b7-0a6aab4924ab','00d60e60-d366-4d73-b3c0-614ecb95feb7'),('ff84cc09-fbb9-44c7-a9bc-8916f055b6bc','db281bbb-a066-11f0-a7b7-0a6aab4924ab','6a5f7d70-3d0e-4c6c-8648-48e9bdc35d55');
/*!40000 ALTER TABLE `hotel_amenities` ENABLE KEYS */;
UNLOCK TABLES;

--
-- Table structure for table `hotel_daily_reports`
--

DROP TABLE IF EXISTS `hotel_daily_reports`;
/*!40101 SET @saved_cs_client     = @@character_set_client */;
/*!50503 SET character_set_client = utf8mb4 */;
CREATE TABLE `hotel_daily_reports` (
  `report_date` date NOT NULL,
  `average_review_score` double DEFAULT NULL,
  `cancelled_bookings` int NOT NULL,
  `completed_bookings` int NOT NULL,
  `created_bookings` int NOT NULL,
  `new_customer_bookings` int NOT NULL,
  `occupied_room_nights` int NOT NULL,
  `returning_customer_bookings` int NOT NULL,
  `review_count` int NOT NULL,
  `total_revenue` double NOT NULL,
  `total_room_nights` int NOT NULL,
  `updated_at` datetime(6) NOT NULL,
  `hotel_id` varchar(255) NOT NULL,
  PRIMARY KEY (`hotel_id`,`report_date`),
  CONSTRAINT `FK9o73uom2dwy7ou1t8ktsviyxh` FOREIGN KEY (`hotel_id`) REFERENCES `hotels` (`id`)
) ENGINE=InnoDB DEFAULT CHARSET=utf8mb4 COLLATE=utf8mb4_0900_ai_ci;
/*!40101 SET character_set_client = @saved_cs_client */;

--
-- Dumping data for table `hotel_daily_reports`
--

LOCK TABLES `hotel_daily_reports` WRITE;
/*!40000 ALTER TABLE `hotel_daily_reports` DISABLE KEYS */;
INSERT INTO `hotel_daily_reports` VALUES ('2025-10-28',NULL,0,0,2,0,0,0,0,0,102,'2025-11-22 07:55:21.840243','00d60e60-d366-4d73-b3c0-614ecb95feb7'),('2025-10-30',NULL,1,0,13,0,10,0,0,0,102,'2025-11-22 07:55:23.921240','00d60e60-d366-4d73-b3c0-614ecb95feb7'),('2025-10-31',NULL,0,0,0,0,1,0,0,0,102,'2025-11-22 07:55:25.953238','00d60e60-d366-4d73-b3c0-614ecb95feb7'),('2025-11-01',NULL,2,0,2,0,0,0,0,0,102,'2025-11-22 07:55:27.168240','00d60e60-d366-4d73-b3c0-614ecb95feb7'),('2025-11-06',NULL,1,0,0,0,0,0,0,0,102,'2025-11-22 07:55:29.845279','00d60e60-d366-4d73-b3c0-614ecb95feb7'),('2025-11-10',NULL,0,0,0,0,4,0,0,0,102,'2025-11-22 07:55:31.602243','00d60e60-d366-4d73-b3c0-614ecb95feb7'),('2025-11-11',NULL,0,0,0,0,4,0,0,0,102,'2025-11-22 07:55:32.316240','00d60e60-d366-4d73-b3c0-614ecb95feb7'),('2025-11-20',NULL,0,0,1,0,1,0,0,0,102,'2025-11-22 07:55:35.943255','00d60e60-d366-4d73-b3c0-614ecb95feb7'),('2025-11-20',NULL,1,0,2,0,0,0,0,0,6,'2025-11-22 07:55:35.943255','10b1eaf8-f85f-42a3-b17b-26002db986db'),('2025-10-28',NULL,0,0,2,0,0,0,0,0,100,'2025-11-22 07:55:21.840243','4b2d0a2d-cc1f-4030-8c07-5fa09b8229cf'),('2025-10-29',NULL,1,0,1,0,0,0,0,0,100,'2025-11-22 07:55:23.250325','4b2d0a2d-cc1f-4030-8c07-5fa09b8229cf'),('2025-10-31',NULL,2,0,4,0,0,0,0,0,100,'2025-11-22 07:55:25.953238','4b2d0a2d-cc1f-4030-8c07-5fa09b8229cf'),('2025-11-01',NULL,1,0,3,0,0,0,0,0,100,'2025-11-22 07:55:27.168240','4b2d0a2d-cc1f-4030-8c07-5fa09b8229cf'),('2025-11-03',NULL,0,1,0,1,0,0,0,10283000,100,'2025-11-22 07:55:28.601241','4b2d0a2d-cc1f-4030-8c07-5fa09b8229cf'),('2025-11-06',NULL,2,0,0,0,0,0,0,0,100,'2025-11-22 07:55:29.845279','4b2d0a2d-cc1f-4030-8c07-5fa09b8229cf'),('2025-11-15',NULL,0,0,0,0,1,0,0,0,100,'2025-11-22 07:55:33.897242','4b2d0a2d-cc1f-4030-8c07-5fa09b8229cf'),('2025-11-16',NULL,0,0,0,0,1,0,0,0,100,'2025-11-22 07:55:34.501239','4b2d0a2d-cc1f-4030-8c07-5fa09b8229cf');
/*!40000 ALTER TABLE `hotel_daily_reports` ENABLE KEYS */;
UNLOCK TABLES;

--
-- Table structure for table `hotel_discounts`
--

DROP TABLE IF EXISTS `hotel_discounts`;
/*!40101 SET @saved_cs_client     = @@character_set_client */;
/*!50503 SET character_set_client = utf8mb4 */;
CREATE TABLE `hotel_discounts` (
  `id` varchar(255) NOT NULL,
  `discount_id` varchar(255) NOT NULL,
  `hotel_id` varchar(255) NOT NULL,
  PRIMARY KEY (`id`),
  KEY `idx_hotel_discounts_hotel_id` (`hotel_id`),
  KEY `idx_hotel_discounts_discount_id` (`discount_id`),
  CONSTRAINT `FKdinds0avfruefx0j06pnwbrh9` FOREIGN KEY (`hotel_id`) REFERENCES `hotels` (`id`),
  CONSTRAINT `FKhp2blkalyj5wmggxv8s2q171b` FOREIGN KEY (`discount_id`) REFERENCES `discounts` (`id`)
) ENGINE=InnoDB DEFAULT CHARSET=utf8mb4 COLLATE=utf8mb4_0900_ai_ci;
/*!40101 SET character_set_client = @saved_cs_client */;

--
-- Dumping data for table `hotel_discounts`
--

LOCK TABLES `hotel_discounts` WRITE;
/*!40000 ALTER TABLE `hotel_discounts` DISABLE KEYS */;
/*!40000 ALTER TABLE `hotel_discounts` ENABLE KEYS */;
UNLOCK TABLES;

--
-- Table structure for table `hotel_entertainment_venues`
--

DROP TABLE IF EXISTS `hotel_entertainment_venues`;
/*!40101 SET @saved_cs_client     = @@character_set_client */;
/*!50503 SET character_set_client = utf8mb4 */;
CREATE TABLE `hotel_entertainment_venues` (
  `id` varchar(255) NOT NULL,
  `entertainment_venue_id` varchar(255) NOT NULL,
  `hotel_id` varchar(255) NOT NULL,
  `distance` double NOT NULL,
  PRIMARY KEY (`id`),
  KEY `idx_hotel_entertainment_venues_hotel_id` (`hotel_id`),
  KEY `idx_hotel_entertainment_venues_venue_id` (`entertainment_venue_id`),
  CONSTRAINT `FK12n115tvw8sp4tj6nku1wtr43` FOREIGN KEY (`hotel_id`) REFERENCES `hotels` (`id`),
  CONSTRAINT `FK1jxrsgdxyvn5sn6iaie00fkwg` FOREIGN KEY (`entertainment_venue_id`) REFERENCES `entertainment_venues` (`id`)
) ENGINE=InnoDB DEFAULT CHARSET=utf8mb4 COLLATE=utf8mb4_0900_ai_ci;
/*!40101 SET character_set_client = @saved_cs_client */;

--
-- Dumping data for table `hotel_entertainment_venues`
--

LOCK TABLES `hotel_entertainment_venues` WRITE;
/*!40000 ALTER TABLE `hotel_entertainment_venues` DISABLE KEYS */;
INSERT INTO `hotel_entertainment_venues` VALUES ('03a2ccd4-f2d6-4a18-8cfc-5ac3292bb54b','b4cbf883-ffb9-4b57-9a69-a1d80e260ac1','50efb248-b3ec-4cee-a795-8d2800cf3ab2',575),('09555744-5871-4494-8e47-9be53a2ca357','c83bc40d-fcb4-43e0-832d-4ce78e5f5ebb','4b2d0a2d-cc1f-4030-8c07-5fa09b8229cf',162),('09d7eb95-1b18-40e4-acac-85a52a3fbb27','e7e1ab63-48f6-48a6-8e87-d9a555e85fe6','00d60e60-d366-4d73-b3c0-614ecb95feb7',1320),('101355c6-f299-4b08-b402-41f096f291d8','12ebe6c0-cbf2-4208-afdb-ebbd4f3ab392','00d60e60-d366-4d73-b3c0-614ecb95feb7',2660),('11dcf826-d2a4-44d3-8cfe-b9cfcc4d7234','9bba9cd1-cd48-489c-b8b1-2a50ed61eb80','00d60e60-d366-4d73-b3c0-614ecb95feb7',2070),('131eba94-3c7f-4512-a9b7-8e88ce82e881','24aa1b12-d042-465d-b2d4-254bce38d5ec','00d60e60-d366-4d73-b3c0-614ecb95feb7',2630),('18e74e75-942f-49ca-8671-9fa88a4227c4','4650f113-d62b-406d-b62d-80cb265637a6','00d60e60-d366-4d73-b3c0-614ecb95feb7',1320),('1eb310ae-4170-4d1f-9303-79cd3ef15bee','0e923f77-d985-4468-9c75-89181555e4df','70ec9338-8afb-4cd9-be50-8726b949bd6e',126),('2baa4e24-3ba1-4bdc-a66e-8aaa787607fc','81103314-7e6f-4822-8aa8-d6ee751f707f','4b2d0a2d-cc1f-4030-8c07-5fa09b8229cf',290),('2c8c9357-a0bc-4a08-9844-2b0f69d36c6e','44a0b981-4445-4971-9945-31f2b169abc9','00d60e60-d366-4d73-b3c0-614ecb95feb7',1650),('2f8ac31e-c6a0-4d0b-917a-35f90739a4b9','63b152ee-e982-4eb4-ab6c-233594af3ae9','2bc1cdf1-f72d-4d67-b539-8c9383a49b00',1360),('33c44320-6379-461f-a1aa-14791df44bc0','e92d0ddc-891d-43aa-9686-921088bdfa46','4b2d0a2d-cc1f-4030-8c07-5fa09b8229cf',621),('3585538a-f90b-4761-9204-6b25316b9e79','c7dd521f-de82-4791-b4e3-bb9e639515b6','3147d003-ffd9-47f9-868c-d1bfa323449f',1500),('38904866-7146-4d96-9222-54ac08adbfb3','1032f017-a24c-4ec2-871d-d18d3a0cc3fe','b64af598-ddd9-4368-ac51-5c1e70f5b407',565),('3a1113df-e34d-4d4b-bb38-bd7cc5495419','77e70723-8b25-48e5-a72d-685cd1ba3438','00d60e60-d366-4d73-b3c0-614ecb95feb7',1320),('3b115aa3-03fc-4447-9830-0ecbaec98d26','177e8d0a-deb9-4a63-8829-cfc6fcdc1c24','4b2d0a2d-cc1f-4030-8c07-5fa09b8229cf',306),('3d6a304a-2b97-4142-bdd3-bff4f057c4fc','7b68c33b-ca08-48b1-8a6e-198c84eebcb4','3147d003-ffd9-47f9-868c-d1bfa323449f',1370),('407405b0-9002-4a18-ad91-e57ae2d0fc8a','3535f41e-28bf-4994-9a5d-2016b310ca10','00d60e60-d366-4d73-b3c0-614ecb95feb7',1530),('49c0a933-9627-4e90-8d89-7462c7533e09','b609d28d-a7a0-4d6f-aed1-7423cd0d2b1a','4b2d0a2d-cc1f-4030-8c07-5fa09b8229cf',278),('4a40adb8-1873-4530-925a-5654577167a1','9fbd6b39-cbaf-40ad-b408-944c584bd6dc','00d60e60-d366-4d73-b3c0-614ecb95feb7',815),('4b4da077-ba52-4f1a-98c8-4e76c2c5071a','170f90d3-f139-4393-88a9-661ff1218069','2bc1cdf1-f72d-4d67-b539-8c9383a49b00',2000),('57252166-01e3-4300-b515-617eb160d841','ad813fee-4ed4-476b-90d4-81fe88e34d47','4b2d0a2d-cc1f-4030-8c07-5fa09b8229cf',226),('5892c66b-90b2-493e-a886-6ab2ec451701','0ac4daeb-da48-4d83-afac-d40da40fe554','2bc1cdf1-f72d-4d67-b539-8c9383a49b00',3620),('5be83acc-2a7e-42f0-a43c-380a9afc8fed','3b0f9fbb-8e9f-400a-a03f-99959886e199','00d60e60-d366-4d73-b3c0-614ecb95feb7',1270),('5df84e3d-ca3f-4f2c-bd91-3a2cc13331d6','f3506887-d309-4f46-8a9e-6cc5d41ccecf','00d60e60-d366-4d73-b3c0-614ecb95feb7',2770),('610fe295-352c-4af8-b75c-ff4571efc318','66708a12-f179-4bd6-ae66-4128ee8f6710','4b2d0a2d-cc1f-4030-8c07-5fa09b8229cf',306),('6b7f738e-9e08-4f1b-a005-bc3f00b66163','e5ef7b08-bac1-4c1e-ab02-385d1ab4086e','00d60e60-d366-4d73-b3c0-614ecb95feb7',1280),('6c3dfcc9-7bf2-4d6d-a590-fabd1087b7d7','736b9fed-dd28-4672-a5a0-96f046a97932','00d60e60-d366-4d73-b3c0-614ecb95feb7',239),('71268d9e-e3bf-4637-9cd7-5ce8059185b2','4d46fb15-16dc-4302-ad44-a4d921ca6054','00d60e60-d366-4d73-b3c0-614ecb95feb7',296),('713f985d-094f-4dc1-af6f-eb51042a6c6a','b00255ae-3580-47b4-911a-6b61c39c1bfa','4b2d0a2d-cc1f-4030-8c07-5fa09b8229cf',294),('788362df-21cd-4c0e-86cf-3573625b069b','9f543f4b-2b5f-467b-bd94-d8b55544f7c9','00d60e60-d366-4d73-b3c0-614ecb95feb7',1630),('82048b2c-c51c-4296-ac62-914f22f9cbc3','ae9c0dfc-aa21-4e6b-8682-4bb9310f347e','4b2d0a2d-cc1f-4030-8c07-5fa09b8229cf',264),('84188f27-cbb9-470f-9473-7a4c65b5f5fb','268a5cf9-c19e-4401-82ff-41045b4cab8d','4b2d0a2d-cc1f-4030-8c07-5fa09b8229cf',212),('8468e834-77b9-4ca7-b686-0f6959eb48a7','77e70723-8b25-48e5-a72d-685cd1ba3438','70ec9338-8afb-4cd9-be50-8726b949bd6e',800),('8d73323b-6490-4aa6-a02b-298c46ce0e7c','6966ecb0-e421-4c6c-a0b3-ecdb4abdf13b','00d60e60-d366-4d73-b3c0-614ecb95feb7',1100),('8efc362b-fcd1-480d-8b02-833e1c21c305','5d3bf37b-07f4-4ded-9a1d-33d3de483920','00d60e60-d366-4d73-b3c0-614ecb95feb7',1010),('908331ba-127a-46a2-b13e-6c6121fb1504','3a3381f9-9e3f-4e80-a82f-60ae911b3344','4b2d0a2d-cc1f-4030-8c07-5fa09b8229cf',927),('96e93426-f349-4169-a8ef-5bfe6bf8f699','84e42977-2730-49cb-9802-41bed9739de2','50efb248-b3ec-4cee-a795-8d2800cf3ab2',1030),('97dd3c5f-a27a-4922-b657-656d180b2f20','63b152ee-e982-4eb4-ab6c-233594af3ae9','327a4e9b-9dc8-40b7-b8d2-38ce0b1418e0',1400),('a498132f-394f-4ffb-b1db-07024904808f','0d979dbb-8f18-4017-8191-6e5515a89d5a','4b2d0a2d-cc1f-4030-8c07-5fa09b8229cf',911),('aae44613-019b-464b-a87b-ffe157988b98','fc9da313-65e7-43c9-a14c-b7e5684c5444','00d60e60-d366-4d73-b3c0-614ecb95feb7',2550),('aaff24c5-e8e6-4485-b809-24fced5d4e29','5c5a4ea0-6c66-4f7c-bfd2-6be7c9db103f','19f5b491-49e0-42d5-909c-74d4193ab327',1200),('abdea993-f641-4227-ae9b-02127372cf25','382c450c-e383-421f-ae26-24d4f926af80','4b2d0a2d-cc1f-4030-8c07-5fa09b8229cf',378),('bbcf99af-be11-4a53-9752-178c0c503bc9','2ca99d48-833a-4ecf-8ff8-5ca0f5ee3160','4b2d0a2d-cc1f-4030-8c07-5fa09b8229cf',22),('bf6a00da-1cb0-4dcd-8657-9d5aaa29d9f3','07b7c36e-4840-4d7f-8964-16c184981988','4b2d0a2d-cc1f-4030-8c07-5fa09b8229cf',262),('c0648dae-6bc7-4ab8-9e1c-6ff265bab317','94ac26d6-aff0-470e-9749-480605cf5b07','4b2d0a2d-cc1f-4030-8c07-5fa09b8229cf',363),('c16399cc-be09-4b9d-9f06-dff4f189a67a','9aee1d2c-4434-4352-a438-15702949068a','4b2d0a2d-cc1f-4030-8c07-5fa09b8229cf',287),('c2447ff4-0665-4139-bbdf-a06ad3a20ab2','170f90d3-f139-4393-88a9-661ff1218069','327a4e9b-9dc8-40b7-b8d2-38ce0b1418e0',1900),('cb0f3368-4eab-4ef2-ae42-bd9fdfcb974e','b2fdb4d2-6f58-46b3-a7db-51d2654ddeb5','00d60e60-d366-4d73-b3c0-614ecb95feb7',1830),('cb520313-d975-4997-9b6b-db9adbe5624e','53212ec7-5414-4bb6-aaac-cea3e9052fc2','4b2d0a2d-cc1f-4030-8c07-5fa09b8229cf',2990),('cb5afac7-3a27-4a0b-a2fd-1103f72ed8b2','b1a9e37c-f6d3-4653-ba6d-304d0d15491b','19f5b491-49e0-42d5-909c-74d4193ab327',1500),('cc6f1eb8-9050-4f2d-8f9c-16942cafc013','9aa3b70a-f25d-4d2c-ac68-f675834f759b','4b2d0a2d-cc1f-4030-8c07-5fa09b8229cf',1530),('ccd45407-faf7-42cf-9031-3cddc2bf64ea','31164332-fcd2-47c8-89b6-d77a8b19dc94','327a4e9b-9dc8-40b7-b8d2-38ce0b1418e0',2800),('d1f0d0f4-0b7c-4500-a1f6-e44752dbda6c','495bd65f-161d-46a6-9525-850ce1bf4448','4b2d0a2d-cc1f-4030-8c07-5fa09b8229cf',240),('d3d25837-3b83-42ac-a58b-0fd45c986024','82322f0c-4bf4-49b8-a4f4-453268fd2f9d','4b2d0a2d-cc1f-4030-8c07-5fa09b8229cf',2170),('d473671c-9ba7-4cf1-a1eb-205b0cd8239e','9086eab2-082c-4491-8ad3-00b2a4e7c00f','19f5b491-49e0-42d5-909c-74d4193ab327',2300),('d645342b-4b5e-489f-a270-af8d8367ef73','12ebe6c0-cbf2-4208-afdb-ebbd4f3ab392','70ec9338-8afb-4cd9-be50-8726b949bd6e',1200),('d6ed90ff-a596-409e-8fcc-ad35c0cdfe96','3bd8dbe9-ec90-46aa-a10b-b9e5b4b2f28f','4b2d0a2d-cc1f-4030-8c07-5fa09b8229cf',2460),('df598fa4-851a-4284-adf0-44391c2cdce1','b9bf4e4b-da94-4a5e-a40b-ce378598691d','b64af598-ddd9-4368-ac51-5c1e70f5b407',2700),('e2b46936-8f38-4410-bdbe-98cc1aa0912f','0ac4daeb-da48-4d83-afac-d40da40fe554','327a4e9b-9dc8-40b7-b8d2-38ce0b1418e0',3100),('e3f553c4-caab-4611-b610-f903fa56470c','31164332-fcd2-47c8-89b6-d77a8b19dc94','2bc1cdf1-f72d-4d67-b539-8c9383a49b00',3130),('e7321ba6-bfa3-40dd-a494-a496940aedae','78783e33-30f1-451f-b803-959b9c3b99d1','4b2d0a2d-cc1f-4030-8c07-5fa09b8229cf',2260),('ef8efb3a-fa4f-405c-b391-c3656736f3cd','d47ab636-b91c-4434-8827-3db06db3b4eb','00d60e60-d366-4d73-b3c0-614ecb95feb7',610),('ffca2b4b-9f39-4183-959c-62d1294f65e0','41f515ac-ccf8-4200-8a4d-6f2094c70ef7','4b2d0a2d-cc1f-4030-8c07-5fa09b8229cf',498),('ffd87cfc-5247-4ec4-ab8c-7656df05b51f','4a946763-8750-465b-9f4c-c85388c0d336','19f5b491-49e0-42d5-909c-74d4193ab327',800);
/*!40000 ALTER TABLE `hotel_entertainment_venues` ENABLE KEYS */;
UNLOCK TABLES;

--
-- Table structure for table `hotel_photos`
--

DROP TABLE IF EXISTS `hotel_photos`;
/*!40101 SET @saved_cs_client     = @@character_set_client */;
/*!50503 SET character_set_client = utf8mb4 */;
CREATE TABLE `hotel_photos` (
  `id` varchar(255) NOT NULL,
  `hotel_id` varchar(255) NOT NULL,
  `photo_id` varchar(255) NOT NULL,
  PRIMARY KEY (`id`),
  KEY `idx_hotel_photos_hotel_id` (`hotel_id`),
  KEY `idx_hotel_photos_photo_id` (`photo_id`),
  CONSTRAINT `FKf9gco4r5kfb7h0ucva9bo437w` FOREIGN KEY (`hotel_id`) REFERENCES `hotels` (`id`),
  CONSTRAINT `FKr04g21kgmbgc5k6ldkayshl89` FOREIGN KEY (`photo_id`) REFERENCES `photos` (`id`)
) ENGINE=InnoDB DEFAULT CHARSET=utf8mb4 COLLATE=utf8mb4_0900_ai_ci;
/*!40101 SET character_set_client = @saved_cs_client */;

--
-- Dumping data for table `hotel_photos`
--

LOCK TABLES `hotel_photos` WRITE;
/*!40000 ALTER TABLE `hotel_photos` DISABLE KEYS */;
INSERT INTO `hotel_photos` VALUES ('00342485-4551-4eb5-9a16-213e03534376','2bc1cdf1-f72d-4d67-b539-8c9383a49b00','fe91773e-1f64-4f98-b800-432add36af67'),('0095688d-314b-4e97-9415-1b3cb55ab125','94828204-8c36-4f7d-ab61-e4c5b36d71f5','8c635459-c689-45df-842c-9434b11eb507'),('048534c8-2c58-4796-bb56-d0a30211d805','6acaf39d-a06c-4d7a-b140-b2b2d44fbf65','13e1c440-639a-4e25-a34c-e298551ab3ef'),('0567a131-2374-420c-bbc6-7c0e7458929c','aa934a59-13e0-447d-8b0f-df8f07bcf40b','ef0aed1f-19a3-49d8-b980-46be0088a6c8'),('0715e9c2-d2f2-4b04-884e-1fa2c2edf55a','19f5b491-49e0-42d5-909c-74d4193ab327','4b86a467-42d1-4d71-96a9-4cb5b432ecee'),('0b37b4e1-92f0-426a-b1f4-efc04673e14c','19f5b491-49e0-42d5-909c-74d4193ab327','7202ef62-3b1c-4907-9f8f-377856bc7327'),('0d4b4176-1545-4e96-9381-f1c1007c99ea','3352a7d9-d960-4786-809b-67587c97a495','612824fe-4565-4893-9e81-636a3bda44ae'),('0dcda898-9ca1-4efc-86b7-f2af71e323d7','a3f9e082-3e7a-4e2c-91fb-49b81fdd0dcb','4449ac05-8f9e-4f18-aea7-d8ac747ec1ef'),('0e0d065e-5508-4ec4-8e55-8ca7d1f06cb4','892991e9-ad1c-4831-bfa9-fae1820c5719','01a9737d-a3e6-492d-9dcd-229b81608f70'),('0e90555f-dad4-4af1-ac15-6ff94526ad11','19f5b491-49e0-42d5-909c-74d4193ab327','51d08f3b-d3d3-46b4-b53a-a8fe60d4ae81'),('10b6ddb0-3b28-442d-b011-1e15d5912bb2','29c50e2d-8f21-4b17-a238-3e146f1befa5','1ed6c0f4-f7b2-4d6a-a3f1-e690e592e4cf'),('111766ce-3719-43af-8812-cc59808f90ce','d4882142-d933-4e81-9532-2a5f911c5cc6','bd2d4412-8298-44ec-91bc-c6a9361950ec'),('12a15cfb-1d9c-4198-b890-ebe56c7be61d','cb11bc6f-e586-4e08-b3cd-f04ba2ea0889','403435a0-8d9b-4619-9926-f78f8f02eb27'),('136c6801-62a3-460b-b977-043889b18b75','2083c0a7-7fd0-485f-919d-c78316bfb433','660e2eb8-7f6f-4a72-9b5a-6da22eed9d9f'),('164c926e-cb9c-4dc0-b4af-a22c2c7bd113','f8262970-61ff-4afd-b4af-17aeee352501','f134d9e2-1f93-4576-86cc-09dea079b7bf'),('18c966f3-a253-433b-baaf-2304f28e2968','07815e33-80c7-4d5c-8d19-e9e49ae9283b','083fe22e-2c1e-4d3f-b85b-dff7ab95f3a3'),('1b3c9c94-aa6e-46dc-8a75-a39e9c70183a','5bc2a74a-7f2d-458c-b0ea-c372d84b2c7a','62432d7e-8b58-4129-8514-5f30f9ddcb99'),('1b7fe1d9-ee86-41cb-a7f7-b76c2edf1f30','aa7c737b-56d7-4c48-ad04-76b02a1caa07','b781a825-7729-43b0-a6fe-05783a70da36'),('1c632d9e-d1f4-4549-baad-ac42efb6d2ce','5bc2a74a-7f2d-458c-b0ea-c372d84b2c7a','01dc0eb1-fd45-4f4c-adda-0d1ed18adf42'),('1d66ab27-7a00-4041-8afc-54c813efad1b','00d60e60-d366-4d73-b3c0-614ecb95feb7','fe5005b1-4a13-4a74-bd5a-585fdafb7166'),('1d94efe6-caea-4a11-99ee-c66e7250c180','94828204-8c36-4f7d-ab61-e4c5b36d71f5','cbc53c9e-7b32-4a24-9814-4d82cfeb1042'),('1ed9ff38-b04b-44a0-a171-6ada70dd2365','29c50e2d-8f21-4b17-a238-3e146f1befa5','26cd90b4-4fec-436b-914d-658a49e9c6da'),('20979356-aab4-46f2-a6b1-ae414f022c0e','8b255ed6-0832-493e-afaf-73d198a7a910','5143eb9f-471a-4473-984e-ae6810bbc181'),('22a2c1dc-bb71-46d8-98c6-834c2e75020e','55501b56-6dec-48e0-bac7-6d383f0bb1df','2d19fbf4-ca02-407e-8276-101744d47509'),('232bdcb9-c5c8-4f8b-a52c-12501481d77e','70ec9338-8afb-4cd9-be50-8726b949bd6e','a65792cc-112f-4e1b-8a00-db5ef191682a'),('23fe18f1-ca08-4c31-9c7b-d0c9750528f6','19f5b491-49e0-42d5-909c-74d4193ab327','052c7144-61d9-41a0-8fe9-a8dc4205c951'),('270a3045-7325-4637-a2ef-93afe1a9a0a0','6a5f7d70-3d0e-4c6c-8648-48e9bdc35d55','b28bbbc5-ca79-47cc-a980-f7704d2e00ff'),('27d15f84-daf3-440e-9674-6e313db9ba0a','b64af598-ddd9-4368-ac51-5c1e70f5b407','d08b7a72-b6c9-4927-9e50-1c2f285fc00a'),('281f3387-d006-41ce-af7b-0bbb37ddb82e','aa934a59-13e0-447d-8b0f-df8f07bcf40b','8c5f7c28-0a3e-4732-8800-8207ffb645fe'),('28357b30-0096-4278-b51d-24267b85e46f','3352a7d9-d960-4786-809b-67587c97a495','a4632d1a-30a7-4914-a15c-50a83ec02189'),('298cd2b6-dcc2-43b5-bc86-247ac5e6f378','10b1eaf8-f85f-42a3-b17b-26002db986db','e2f722ef-806e-4b5b-9e4a-206abb8e7f68'),('2aed1670-441f-45aa-a8c1-becb4afb4845','94828204-8c36-4f7d-ab61-e4c5b36d71f5','7218c355-1b7e-4cf8-95a1-296c5dcf3df1'),('2e8298bd-c5d7-4237-b0e9-9a7d85559f4f','4b2d0a2d-cc1f-4030-8c07-5fa09b8229cf','c565e3f1-f6f9-473e-9188-6b81d3c42dcb'),('2f1d936c-2b89-4c1c-b3d4-24e6dbec1c8c','26088aec-6574-4d68-bbd3-590fbc8aca74','bbabd162-a381-40be-83e1-3b95b3d2a45d'),('2f4ad6c9-c5d7-44c7-9e01-8c91d75ca35e','00d60e60-d366-4d73-b3c0-614ecb95feb7','5ef85d90-8aa7-497c-94a6-1af221105607'),('314ea2cb-be3e-419f-a2a7-2fbc06affd1a','aa934a59-13e0-447d-8b0f-df8f07bcf40b','c29a14be-b9f4-45d9-910d-7ce9e15d95bf'),('317450b1-fbf4-4120-a74a-59b5bb5c8cd6','37153892-ffd2-46c9-a0f3-f882c701c2e7','3e4a215f-45aa-4895-b3c9-653c0d831622'),('334d1ad4-e287-49ca-bfac-0bd48686d7bd','11e0560b-7b36-422d-a5bf-57f92d2221be','4ab6d1c1-4844-4257-a007-0fd7592f4f66'),('337d2566-ee7a-4053-8b24-668fb890b336','37153892-ffd2-46c9-a0f3-f882c701c2e7','f6d45568-c5a6-436c-bc1c-7f5f7d58ed74'),('349ed96a-3e94-445a-a408-bb19da52fc4d','d4882142-d933-4e81-9532-2a5f911c5cc6','1c6db8ba-4c1b-49ec-a37f-9d60c5135079'),('364f1ee5-dbe7-4cbc-afdb-3badbe6ceee4','19f5b491-49e0-42d5-909c-74d4193ab327','a0fa93e9-e5ab-4eb7-b096-212abd359c13'),('3873b284-4b30-41ec-b238-dc66fb75673b','19f5b491-49e0-42d5-909c-74d4193ab327','e81c01b4-2ca7-4115-b092-4eca84532697'),('388cb938-3cb8-47ab-8e8f-371eaee1cccb','37153892-ffd2-46c9-a0f3-f882c701c2e7','23bc4b15-c4af-49b4-8c1d-d368ca6135af'),('3994a314-50e4-4da5-8cad-934258f51ecb','8b255ed6-0832-493e-afaf-73d198a7a910','30c9ca58-75ad-4a2d-a2b0-5eddd98b14ae'),('3f718280-2213-42da-b798-2ac9d57652f0','a3f9e082-3e7a-4e2c-91fb-49b81fdd0dcb','5ac2b40b-a8ba-46d7-a6f5-c5ce6f9a5466'),('404e073d-4f35-4294-9863-e78e3e4263ae','26088aec-6574-4d68-bbd3-590fbc8aca74','c8e73d20-7661-473f-bc1a-4e7b66035601'),('44200e67-3702-4928-8a5e-8060e80b323e','0ceaf0e4-9cc5-400f-967a-08f9f960d832','b5ef6dcb-587b-4c9b-b357-5e830a8ce295'),('451bff37-4584-4c32-8787-b4d7f3c76797','8b255ed6-0832-493e-afaf-73d198a7a910','ef942d95-fc65-43b3-95e5-a5f58882c639'),('45be809e-874e-4ca7-9af5-6ae2cd958e2d','cb11bc6f-e586-4e08-b3cd-f04ba2ea0889','b477db11-ca7c-4e89-8da0-c5163b575a1a'),('4889e6de-0516-4d46-834a-70fbdd34b043','327a4e9b-9dc8-40b7-b8d2-38ce0b1418e0','54b7428d-49ea-4611-aca9-56e1e7dc6405'),('4924bd85-23a0-4913-9677-b7993560a515','04a97b2a-1564-480a-a6c9-eb94dbc78dd4','c1baef8f-5359-4e02-871e-b1cee8fbcbed'),('49d63dbe-6f93-45ef-9f9a-39f25c389e74','3352a7d9-d960-4786-809b-67587c97a495','2e22e995-242b-4d92-98d5-e5f8f00d447e'),('4a70c857-65b2-4bc6-b79e-85f03d68110f','647100fd-632f-40aa-af09-44d3e2827258','7296a109-932f-4854-bc1b-2f6c911244f9'),('4ba94049-9a75-4d3b-b12c-2a0355886ab9','70ec9338-8afb-4cd9-be50-8726b949bd6e','657aeab1-c9ca-4de9-9963-824af1b8255b'),('4c097564-58e2-4204-8b90-a4f67ad19c7f','327a4e9b-9dc8-40b7-b8d2-38ce0b1418e0','cd6da99e-89ab-4f64-8871-d17939e02438'),('4cc52a6c-c8d3-4c53-b855-e887d390ccf9','29c50e2d-8f21-4b17-a238-3e146f1befa5','9957ce64-1558-4e18-a581-f32086503bdf'),('4ed954f6-24f8-4b71-b7eb-c7b5c2d0daf8','5e21cc09-34bf-4d44-a433-f4e759561070','51d7ea15-0ee1-461f-a73d-2ee311eb0ea4'),('4f8c3201-185f-4ef2-8dfe-78fcb8b94994','94828204-8c36-4f7d-ab61-e4c5b36d71f5','6de6fc7d-9710-4931-82f6-6acbcc1b7dd3'),('504c8cb4-1aad-4453-84b5-0bdea78c5c0a','cb11bc6f-e586-4e08-b3cd-f04ba2ea0889','ae32e621-87a8-45cf-a41e-ed9abdcb23c9'),('5204c91b-728b-426f-bace-cce381fe2a44','10b1eaf8-f85f-42a3-b17b-26002db986db','14f7b1d8-b5ef-4df4-9de1-e4e7a23103bb'),('5210f1bc-15a7-4a12-b648-2ae31aa1a070','11e0560b-7b36-422d-a5bf-57f92d2221be','034f28ca-13e2-47ea-b39d-6b6d15525180'),('54142c0d-0052-4a75-aed8-4ab7000a3f39','10b1eaf8-f85f-42a3-b17b-26002db986db','6e0f8a54-1e66-4fc2-a492-afed10a0d256'),('54eb0603-0c44-4ea7-8a93-2575f852caf1','2083c0a7-7fd0-485f-919d-c78316bfb433','a1083211-b2aa-493c-aeb2-c5b7e1c5cca4'),('55ba1f7f-6ecb-4130-a010-cb43e9e69a31','e75d2c87-5a33-4df3-b67e-103ee95b801b','44b4e620-5418-4e85-a223-13a2e3a4c625'),('570a1677-ff81-425c-be39-3d00062a9d3f','aa7c737b-56d7-4c48-ad04-76b02a1caa07','5ea195a5-9913-41aa-9c4b-4ce1090e07b6'),('57bd831c-043e-475c-a422-42852eaf2121','3352a7d9-d960-4786-809b-67587c97a495','ac05f1fc-4b7d-40e3-b216-deaadfa0fdeb'),('5879684c-c4aa-49c7-b471-56d8b705023b','0ceaf0e4-9cc5-400f-967a-08f9f960d832','881051c0-6bcc-43eb-a655-cd765c40f73e'),('592adc16-3d7f-4cc7-95e0-f568729da13f','f2fd2631-f605-4640-94b5-97e7a3bbcccb','db864c23-8070-405c-992a-df3b51cd7472'),('5bcbd83e-b9c8-40bf-a24d-d8f160eeb020','4b2d0a2d-cc1f-4030-8c07-5fa09b8229cf','422dc0bd-b3bf-4a91-aed9-32601d86c00a'),('5c72b21c-718d-4d55-b827-280723b4bb88','aa7c737b-56d7-4c48-ad04-76b02a1caa07','9f50efd3-ff95-4268-ab32-70d1815d7a76'),('5e389f47-dbec-45ab-b578-b7b6886449d2','19f5b491-49e0-42d5-909c-74d4193ab327','8361d15c-5677-40b6-9d07-40ae7ea3706f'),('5e83c62a-1dda-49ac-92eb-9947ced93a9c','b64af598-ddd9-4368-ac51-5c1e70f5b407','a342fedb-adef-485e-8db1-cbe705c68379'),('5f7c8330-0f69-4542-ae94-716f40eccc02','e75d2c87-5a33-4df3-b67e-103ee95b801b','23f5de6f-ab42-426f-ba5c-746ac5f02e3c'),('601f781e-9ba5-4a95-99d6-d2a1b57d76c6','b64af598-ddd9-4368-ac51-5c1e70f5b407','62f171f0-01de-41c8-b5bd-b70cc0ba9663'),('6033edff-d55c-4c53-9af3-2999983237f9','37153892-ffd2-46c9-a0f3-f882c701c2e7','6523eec8-d519-4366-b982-77709c0b5160'),('641f3686-4050-4f2b-80b0-645cfeb22907','b64af598-ddd9-4368-ac51-5c1e70f5b407','3cd34917-0a82-41cd-a8dc-3903c82702f6'),('64306a5f-0629-47b7-90ac-3641ef9fea3e','647100fd-632f-40aa-af09-44d3e2827258','d7b53ca1-cedb-41bc-b6a8-ad4ac2ca66ed'),('64c2fa9b-0564-464d-9479-8e755e09e245','19f5b491-49e0-42d5-909c-74d4193ab327','8635ee8f-4bcf-4b43-a27a-2f59dbc10bb0'),('64e42ec0-8443-4b3a-b65a-0be574807e29','2083c0a7-7fd0-485f-919d-c78316bfb433','f7578c30-7ed6-48ba-aafb-ea8f20ed7ebf'),('6516cb74-3d9a-42a6-aee2-017ea7328e23','0ceaf0e4-9cc5-400f-967a-08f9f960d832','9598fbab-c57d-420e-8262-02cb89619c09'),('664bed71-bac1-433a-9f72-5a77c1c4ed2d','04a97b2a-1564-480a-a6c9-eb94dbc78dd4','8d2c9898-0f23-410f-abcc-f2047f7927a6'),('665f16ac-0b86-434e-acca-3c25055eb3dc','50efb248-b3ec-4cee-a795-8d2800cf3ab2','67935aea-ff92-4a47-b36c-944225b5f524'),('67152459-bc4f-4733-aae2-de56026aa847','0ceaf0e4-9cc5-400f-967a-08f9f960d832','6a9e5841-9e35-4228-991f-500767e8e455'),('67dfdf76-8256-4c4e-9392-8a312888af79','50efb248-b3ec-4cee-a795-8d2800cf3ab2','2ee86ad9-93de-4eed-913c-5997e50f003a'),('67fe43f6-12c3-4591-8bda-6bfee0950a75','327a4e9b-9dc8-40b7-b8d2-38ce0b1418e0','99faf5c6-b3e0-4306-b33a-1fcda22c400c'),('698dd073-961b-4577-9e51-67cc00381328','07815e33-80c7-4d5c-8d19-e9e49ae9283b','fd1b7d8a-a61c-4b66-9e17-a8cf44507f4c'),('69c3d6f0-0d52-4c14-9c6e-74a07a476573','70ec9338-8afb-4cd9-be50-8726b949bd6e','55035a30-aa94-4dd0-ae5a-dbf139ff1f6b'),('6af7e6ed-b470-4cc5-9392-522eab2206f3','11e0560b-7b36-422d-a5bf-57f92d2221be','ccad4ca0-e505-4afd-b379-83ce9aea999a'),('6bc1765c-e8b1-49dd-af1b-77ee3f1e4e35','55501b56-6dec-48e0-bac7-6d383f0bb1df','226f3804-cd13-4351-86eb-6bc49993d769'),('70d13b1c-892d-48e9-99aa-1b7c86c3cd72','3147d003-ffd9-47f9-868c-d1bfa323449f','d9db7b1b-6154-43a1-8e68-c637a448a839'),('7158ab8f-c946-4774-b431-7760de808b75','55501b56-6dec-48e0-bac7-6d383f0bb1df','2be4770d-1d93-4d12-9fea-a7702180c876'),('716843dc-94d5-4e53-8352-74cd093d80b9','0ceaf0e4-9cc5-400f-967a-08f9f960d832','72f9b50a-5f11-489d-82ec-44e92999133a'),('7217cc5b-e33c-45aa-b9ea-da241d8ff056','5bc2a74a-7f2d-458c-b0ea-c372d84b2c7a','2a13901f-9d00-4aa7-90ec-cde7de57ff52'),('742b34b3-8155-434b-b749-9316a889c4fa','19f5b491-49e0-42d5-909c-74d4193ab327','4e3493ad-8161-425b-9e10-ca583301a69d'),('74633f0d-03d6-4278-aa31-90a72885bca6','d4882142-d933-4e81-9532-2a5f911c5cc6','0f295f92-51ab-4d30-90be-22afd6daf4d7'),('750c7efa-61e7-47ac-8a3d-8a3d5005dd80','19f5b491-49e0-42d5-909c-74d4193ab327','ec6599bc-99f6-4495-be05-c0a370312781'),('75e63884-bd2a-4076-9fd2-8b46c2e0626a','5bc2a74a-7f2d-458c-b0ea-c372d84b2c7a','3434337a-5790-4c72-aa11-8d8e433e5a89'),('77e68baf-08c7-4d77-b8c5-98bb500a9013','2bc1cdf1-f72d-4d67-b539-8c9383a49b00','50227d27-886b-4993-8cfd-6b1c9de21b86'),('789cca2b-b931-4a54-9c2d-38e1cdeeedc1','4b2d0a2d-cc1f-4030-8c07-5fa09b8229cf','f777faf0-ca21-4e50-9ef1-8d0689fb3bf9'),('7954654c-2e57-47b0-a3fc-f491065bae82','b64af598-ddd9-4368-ac51-5c1e70f5b407','28c0cd72-963d-4c3b-8a3a-c740157986b1'),('79a3235d-24f1-4828-b9c6-21f025249a6b','f2fd2631-f605-4640-94b5-97e7a3bbcccb','8a65e6f6-99de-4e30-abc0-81e2756d0d04'),('7bda5526-e187-4ee4-aa82-e84c11c887eb','65f0ce49-5000-4a68-9f0c-10c485bf7001','c8f7b1d4-78aa-48cc-8ebb-e06cd67d30f3'),('7c36cf3f-d65c-4f9a-b2ef-c58215026387','aa7c737b-56d7-4c48-ad04-76b02a1caa07','dad45660-7122-425f-b318-9e7b1bf77f58'),('7cfe73c5-e750-477b-a3ac-e3279b0fba4c','19f5b491-49e0-42d5-909c-74d4193ab327','7b24b5a4-cd06-4be5-b22a-c36eecee066e'),('7d41ff49-990a-42cf-bddc-e5cf2d3c6d00','19f5b491-49e0-42d5-909c-74d4193ab327','7766e32a-23ad-4e61-b0fa-6c2849205b6f'),('7dc25d31-8f0a-4ff1-8c19-610b677e8be2','29c50e2d-8f21-4b17-a238-3e146f1befa5','111987f5-140d-438e-8163-a5bfefb416f2'),('7e3a2ad1-6242-4278-91a6-49f4ebf40db3','19f5b491-49e0-42d5-909c-74d4193ab327','7491cfb7-9c51-4bd1-9eb4-90e8d5f0b3b5'),('7ec4fd77-10e4-4258-8152-f236aab18881','19f5b491-49e0-42d5-909c-74d4193ab327','08e60173-296d-4e1c-bdad-d66e3f1dc733'),('7ee15735-2d09-4b66-9bfa-acebf54160ff','5e21cc09-34bf-4d44-a433-f4e759561070','ea886726-2dc6-43ab-9316-6fa3a542a046'),('80264731-e001-4149-b36d-8193a6a562ee','647100fd-632f-40aa-af09-44d3e2827258','2cc96000-f475-447f-aba9-c90c12cd4bb6'),('80ba8408-7cfb-497a-875e-803504c7044e','6a5f7d70-3d0e-4c6c-8648-48e9bdc35d55','b8933a6b-eec8-43b1-82a7-354c716493ff'),('811de275-3dc4-490f-bbfc-d0ee89546ac2','4b2d0a2d-cc1f-4030-8c07-5fa09b8229cf','1116c09d-c4e6-4c0f-964f-abf4e94bdb65'),('875c9876-dd9a-4243-a8db-3efe4bff8184','94828204-8c36-4f7d-ab61-e4c5b36d71f5','20b7b8b4-fa50-4ed6-b751-f661a08a8f10'),('88c1d40b-f3f1-44f7-bd65-8f78f79e10bb','6acaf39d-a06c-4d7a-b140-b2b2d44fbf65','10e67c18-075c-4cfd-b2bc-7422c29fb0e3'),('892ac15f-1f36-4fa5-b3b1-393c06448d3a','3147d003-ffd9-47f9-868c-d1bfa323449f','381e4395-a613-4d79-a88a-2717a3dcf1c2'),('8a1cdd29-0da4-495d-b4d3-6f20be3da578','8b255ed6-0832-493e-afaf-73d198a7a910','a7666da9-047c-4b7c-acdb-aae64d7ff728'),('8ab8d78c-f21d-4bd3-ab16-f805377f3279','65f0ce49-5000-4a68-9f0c-10c485bf7001','5dc13991-eb95-4fa2-bc71-9cc51e552fbb'),('8b69558f-8940-4de0-8cc5-6a8ad6f13eb6','e75d2c87-5a33-4df3-b67e-103ee95b801b','2eff268e-2380-4cf6-9735-603b95186023'),('8b9880a1-a7f2-4bd9-850a-d78d12e7f898','19f5b491-49e0-42d5-909c-74d4193ab327','ebb0ffbe-02b7-42fd-a59c-fc2867f787eb'),('8c0819b6-7ed0-41bd-a06d-4b68c2d12671','10b1eaf8-f85f-42a3-b17b-26002db986db','8e5952fd-a4b6-4ed0-b0fd-a9ec84e0f1b8'),('906622a3-794f-49d5-960e-de63b2306c0c','6acaf39d-a06c-4d7a-b140-b2b2d44fbf65','92371b91-1dc9-42b2-a4b3-c1d3b4b69062'),('918fae50-0477-4f4f-8f2f-ee8535ced2ed','3147d003-ffd9-47f9-868c-d1bfa323449f','ca5461fe-b3ff-460d-ad89-820a1f827006'),('921b91fa-c393-4056-addf-578fda4de095','6a5f7d70-3d0e-4c6c-8648-48e9bdc35d55','1ebb4b8b-d62f-4ada-a63c-6c5b5329d57f'),('933e6a1d-2df8-4feb-ad25-f14139bdc1b1','19f5b491-49e0-42d5-909c-74d4193ab327','21a2e2bf-8172-40cb-90eb-433079258159'),('934fae55-65ab-4beb-99a4-0c324a100065','f8262970-61ff-4afd-b4af-17aeee352501','6d8d418d-3fc1-4fb5-96e5-8a4dfbb6ed65'),('94a37281-a199-47b7-9082-674e43db86ad','19f5b491-49e0-42d5-909c-74d4193ab327','899b9aec-b696-4a3b-ab71-04129d7f0474'),('9578bce4-fabc-42a9-9788-3cf2571d7419','5bc2a74a-7f2d-458c-b0ea-c372d84b2c7a','9ca832f4-21b0-49f0-9595-10de2d402eca'),('96773bbd-9670-426f-8f18-80e08a536ddd','19f5b491-49e0-42d5-909c-74d4193ab327','eb078d99-8265-4090-9560-0602bb21a993'),('9a55637a-0f50-494b-888c-abcf535e9e2c','a3f9e082-3e7a-4e2c-91fb-49b81fdd0dcb','a05ba357-0c14-49f7-ae50-59af63202af1'),('9a732c02-321a-47f0-aa6f-49f746ff023c','6acaf39d-a06c-4d7a-b140-b2b2d44fbf65','132a0612-c57a-46f6-b99e-ce13e0a5f26a'),('9aa2edb2-66d4-420d-a3b7-145702176363','e75d2c87-5a33-4df3-b67e-103ee95b801b','6680b373-9a1d-48fc-bf93-d69702a7e7cd'),('9b9aecb3-6d91-4057-b09c-055889e877bb','6acaf39d-a06c-4d7a-b140-b2b2d44fbf65','00a1c7de-fa44-457f-9456-6b76be1f2938'),('9d7dfd3e-1cae-42ab-8d9e-6337e02e9c10','a3f9e082-3e7a-4e2c-91fb-49b81fdd0dcb','c10befd0-9fb5-4e1f-bc85-f25905816a85'),('a10eab33-843e-45ad-86ce-f732d532dcc1','f8262970-61ff-4afd-b4af-17aeee352501','70ea3843-0e2d-42fd-84e2-cc18fc1facb7'),('a5da1e62-390e-4bd1-aba8-8afe491955b3','f8262970-61ff-4afd-b4af-17aeee352501','909a811d-27e5-49f2-b981-58a486d49673'),('a61b61aa-77cc-4ff6-95ee-74b04258b625','aa934a59-13e0-447d-8b0f-df8f07bcf40b','d2f85c9f-aad1-4f33-8bac-ae51801aed11'),('a630d4a9-9fe6-4d2b-b670-433ff10e20f5','55501b56-6dec-48e0-bac7-6d383f0bb1df','cd48566a-025d-4e89-9aab-f806da841356'),('a6d746e7-0ada-48c6-9cf4-be04fccbb0aa','8b255ed6-0832-493e-afaf-73d198a7a910','00088e06-5900-4e5f-b35a-f1474489900e'),('a94ab93b-ee46-4213-9087-cf29fbb2878a','f2fd2631-f605-4640-94b5-97e7a3bbcccb','17e8ca13-ae0b-40b1-a37d-d733b7781048'),('a9f1b00b-91ea-430e-bbef-18c974cb0b69','00d60e60-d366-4d73-b3c0-614ecb95feb7','fa986fcf-299f-4ad1-a0ce-1f88f44af048'),('ab19f587-5732-4013-a870-ea5f4d068837','f2fd2631-f605-4640-94b5-97e7a3bbcccb','081cadba-0dbf-491b-91cf-336ed932107f'),('ac2356b6-6fb7-4946-be23-10f7bd3df365','04a97b2a-1564-480a-a6c9-eb94dbc78dd4','d1c632f1-4d8e-4da2-962a-e47acb5ed5fa'),('ac587a23-0289-4418-bdb5-95f8ef130271','19f5b491-49e0-42d5-909c-74d4193ab327','5e9911ec-7075-460c-a19f-9f643f499ee3'),('ac7c9a8f-8cff-4683-89a8-73e5a8e211c3','04a97b2a-1564-480a-a6c9-eb94dbc78dd4','6315036c-271b-4997-992a-efc26f0582db'),('ac8569f8-9710-49a3-af37-262c88f75954','5e21cc09-34bf-4d44-a433-f4e759561070','ed6381cc-17ca-45aa-9a9d-685d1f76a5c7'),('aff298e2-67fc-4dbd-8473-cd8ead11ce42','00d60e60-d366-4d73-b3c0-614ecb95feb7','3c594f1e-7ed8-43b9-ac7f-56be72e80c7b'),('b06161a5-4a3b-4ddc-8297-4c61341991b4','892991e9-ad1c-4831-bfa9-fae1820c5719','396db337-4055-4ca7-87dc-730ee2f8f25e'),('b2ee0342-88e8-4a3d-9b88-36c96cddb35e','a3f9e082-3e7a-4e2c-91fb-49b81fdd0dcb','87b3f1ce-7766-423c-b37d-4f4c5f7699d3'),('b7d1ce04-3eb4-4dde-8a8b-091814772982','647100fd-632f-40aa-af09-44d3e2827258','987c530f-b505-4353-9f82-a5bf92458ab5'),('b7d9c07a-16fa-41e4-bc78-fdfd4a84aa04','26088aec-6574-4d68-bbd3-590fbc8aca74','a16c79c6-06f9-4a0f-8048-b1d2ec908518'),('b832fc82-b924-4bad-a216-d96585dc9943','3147d003-ffd9-47f9-868c-d1bfa323449f','e0a31a3d-80b6-4185-8063-5244bf6423d2'),('b84497aa-b830-4fa6-b18c-567895793e08','892991e9-ad1c-4831-bfa9-fae1820c5719','e86c63ef-b4de-403b-b9cd-387719eca5bd'),('ba84d63e-31c4-405a-8d6f-9adcd9055d66','04a97b2a-1564-480a-a6c9-eb94dbc78dd4','9a2558d2-0b4b-4340-bfc8-c3a626f1f3f3'),('bafe1037-09b8-48c8-bcf8-10f243708eb5','26088aec-6574-4d68-bbd3-590fbc8aca74','68fe2e58-da3b-43b3-9abb-fb8bdb0f1e15'),('bc85b4c2-d333-4e96-9c5c-d9e83a91ef61','647100fd-632f-40aa-af09-44d3e2827258','8696a798-9a0f-4bc1-98f6-accec66fc33a'),('bca05c04-b22c-4a5d-b412-f52e97f76e01','19f5b491-49e0-42d5-909c-74d4193ab327','07b245c5-98c3-4146-8738-1820580edeed'),('bdb29d99-89a4-48ce-8569-67ddbacaafc3','6a5f7d70-3d0e-4c6c-8648-48e9bdc35d55','1b7b5538-027c-43d9-b4a5-0408b3284fdf'),('bf00e65e-8127-4548-a57b-433f8a3d5ad1','11e0560b-7b36-422d-a5bf-57f92d2221be','c246b04b-ee87-4d10-a8f6-6c980b29c49f'),('bf2fdc80-0439-4859-b9d5-1adb6d466b54','2bc1cdf1-f72d-4d67-b539-8c9383a49b00','66f5732f-8acc-4771-a767-4d2843f897e1'),('bffbb4e5-0ed4-445c-96a1-382f1f28bd81','892991e9-ad1c-4831-bfa9-fae1820c5719','24dcb53f-ea25-47d1-87c3-d8c05ff82a5d'),('c07d4a69-10ac-4162-80f8-091982aedf69','2083c0a7-7fd0-485f-919d-c78316bfb433','016a56c3-f1cf-4790-8bfe-7ae4369c75fc'),('c18d0b3a-c135-4d67-8423-a19f2dc0b375','19f5b491-49e0-42d5-909c-74d4193ab327','421bd9a8-98b1-4942-8e6e-875d3ba87f31'),('c27513fd-c564-41e1-8d8e-7c95f5993a0c','2bc1cdf1-f72d-4d67-b539-8c9383a49b00','d51fb6b8-54bc-4faa-b32d-6cd5603038dc'),('c6019d8e-cffb-4ebe-a28e-7a9fe8360e26','70ec9338-8afb-4cd9-be50-8726b949bd6e','09f34b26-fea2-4a6f-a787-0b12513c7216'),('c605fc8d-3461-49b2-b1b0-11d4ae2856d2','07815e33-80c7-4d5c-8d19-e9e49ae9283b','1ed9d02c-d83c-4f27-8b03-28a30b96d985'),('c6e9d3a0-b12a-4018-abdf-54e3403292b0','2083c0a7-7fd0-485f-919d-c78316bfb433','c2815578-fe9e-4ffe-afba-0cee273bdec9'),('ca949e5f-8aa1-4250-8225-fe41e50e6fab','50efb248-b3ec-4cee-a795-8d2800cf3ab2','d2acc7e9-aeb5-4db4-928d-1d0699ce1bda'),('cc8866f5-2f7c-4381-a47b-a78d36c4e79c','50efb248-b3ec-4cee-a795-8d2800cf3ab2','801c42d9-0c73-4736-87eb-806b10647dc7'),('cc99df4f-5f52-42a3-8293-f39aac49a6f0','10b1eaf8-f85f-42a3-b17b-26002db986db','9d91b157-bb69-49b3-9de1-13557205e9c9'),('cfaef34f-5c84-4ea4-ad6d-7aa9cff540e5','327a4e9b-9dc8-40b7-b8d2-38ce0b1418e0','5b84795b-9dbe-4f42-8a11-81b4452b6bc7'),('d05a2bb8-edd8-4b05-b73b-85751d38f82a','aa7c737b-56d7-4c48-ad04-76b02a1caa07','40d711e3-4cce-4720-833b-ca53e5d9b1d0'),('d18acf8a-26e3-4281-aa87-8f49925ed6ba','f2fd2631-f605-4640-94b5-97e7a3bbcccb','9a22d0fe-d821-4ae4-b287-0505155bcb4a'),('d230194b-e46f-4fbe-80c2-e5697dfaec85','65f0ce49-5000-4a68-9f0c-10c485bf7001','0ff14e2b-744c-4e8c-a596-248050e71431'),('d89587e8-1cc9-4a97-a71b-fd275a314b7f','f8262970-61ff-4afd-b4af-17aeee352501','8297f328-19df-42b9-ac28-583cf64ffa0d'),('d9a4b5e4-cd05-4ba2-8e1f-2faf0d73d797','19f5b491-49e0-42d5-909c-74d4193ab327','450f9236-7f9c-41ee-a76c-30d3809f7155'),('da569f42-9e45-446f-8fec-4aaed02787a2','4b2d0a2d-cc1f-4030-8c07-5fa09b8229cf','aadd85a5-bfef-4ed0-9af5-348cdb760af7'),('de35784c-6c2a-49c1-a516-56b184edf03a','11e0560b-7b36-422d-a5bf-57f92d2221be','5540f805-6432-448b-b871-cdb18f1be09c'),('de491379-ae9f-4d7c-94a4-7a1cb03457d6','26088aec-6574-4d68-bbd3-590fbc8aca74','8a68c6f5-7c51-4353-99da-3bf6b51e3cc1'),('e1968ead-ba32-41ef-b24c-9b13f94fb6cc','cb11bc6f-e586-4e08-b3cd-f04ba2ea0889','0391940a-8a0e-4e62-83ac-4dd05da06111'),('e2546189-8e92-4440-97b8-5950ad8ca8c5','70ec9338-8afb-4cd9-be50-8726b949bd6e','4d8ed1b3-d2a1-494d-a6af-61f8ca594199'),('e368fa59-a6f9-4378-84a3-d71811ed6915','5e21cc09-34bf-4d44-a433-f4e759561070','3d0ec9fb-85c2-40f2-9bda-40f49a41d664'),('e4d72402-ee26-44fd-827e-2355570a4c56','29c50e2d-8f21-4b17-a238-3e146f1befa5','93857b4a-d140-4228-b7ba-e87027e87189'),('e4f73f3f-91a4-429f-a3c1-892070ba021f','65f0ce49-5000-4a68-9f0c-10c485bf7001','d85823c9-6360-48f9-8450-9578fe6b273a'),('e52f3012-801d-492d-b760-3d5766558d16','aa934a59-13e0-447d-8b0f-df8f07bcf40b','6597f0a0-036d-4c68-b5da-9f3eac124e4c'),('e77b2bbb-2b1c-429e-babf-4210287a015f','d4882142-d933-4e81-9532-2a5f911c5cc6','ad0ec5cf-1a00-4e76-8140-482be0dde3fb'),('e82525c5-b1c3-471c-b870-994fea76d8c6','07815e33-80c7-4d5c-8d19-e9e49ae9283b','7cef4bbc-2f56-4ab6-9b3d-656de408b6f8'),('e9c3abd0-b1ed-4613-b0ca-8e70904206d5','19f5b491-49e0-42d5-909c-74d4193ab327','19284b33-cde1-4be6-b3bb-9ee4712b5720'),('ef6f6da3-c3e1-40ee-83e9-c30d8015aeb2','cb11bc6f-e586-4e08-b3cd-f04ba2ea0889','2d792003-ac27-4361-a945-a80df7ecd55b'),('f28876f2-bfc0-4fb1-9f59-f2d10cdb39d9','07815e33-80c7-4d5c-8d19-e9e49ae9283b','58e21b8b-5cbf-4a09-8fb4-83deaea68b5e'),('f28b1266-a3f0-48f8-a56a-f7377b03d10b','d4882142-d933-4e81-9532-2a5f911c5cc6','28f37b99-0cb8-4054-849b-dead4b747e79'),('f6f590ad-f77a-4a57-a289-70b41abf006a','892991e9-ad1c-4831-bfa9-fae1820c5719','36ded4b0-c14f-44a5-989c-1091a9fd1dfa'),('fa98feab-6e94-4b95-ac9d-4abfa4b9978a','37153892-ffd2-46c9-a0f3-f882c701c2e7','21870e2e-49cb-4a4a-a0e9-b3cd380e34cd'),('fb4daa7a-e514-4ff3-ac21-826859a13cbc','e75d2c87-5a33-4df3-b67e-103ee95b801b','41e1b013-3d2f-44de-b74f-e8ea5eb2efeb'),('fbdb4cf2-9234-4098-ae04-c149eba4d1f1','55501b56-6dec-48e0-bac7-6d383f0bb1df','88b74034-a1c5-4657-a02e-a2b0aca619e4'),('fc00dd19-dab5-4cd7-a792-bde0403acfb7','19f5b491-49e0-42d5-909c-74d4193ab327','23a99050-9798-4c79-94dd-6b3240b23b84'),('fd4d0d20-d937-4434-a102-273490b226ea','65f0ce49-5000-4a68-9f0c-10c485bf7001','02d24fba-9a5d-48f7-a26e-7ee037ae3c37'),('ffb76b02-04c1-4058-9627-82c69b184821','3352a7d9-d960-4786-809b-67587c97a495','3bdd676a-7221-4b78-848e-37c7c4cbc7ae');
/*!40000 ALTER TABLE `hotel_photos` ENABLE KEYS */;
UNLOCK TABLES;

--
-- Table structure for table `hotel_policies`
--

DROP TABLE IF EXISTS `hotel_policies`;
/*!40101 SET @saved_cs_client     = @@character_set_client */;
/*!50503 SET character_set_client = utf8mb4 */;
CREATE TABLE `hotel_policies` (
  `hotel_id` varchar(255) NOT NULL,
  `allows_pay_at_hotel` bit(1) NOT NULL,
  `check_in_time` time(6) NOT NULL,
  `check_out_time` time(6) NOT NULL,
  `cancellation_policy_id` varchar(255) DEFAULT NULL,
  `reschedule_policy_id` varchar(255) DEFAULT NULL,
  PRIMARY KEY (`hotel_id`),
  KEY `FKo3w7u399cy682s1dyjbuqoa09` (`cancellation_policy_id`),
  KEY `FK2u5ilid7a3thtv1x589nh8ifg` (`reschedule_policy_id`),
  KEY `idx_hotel_policies_hotel_id` (`hotel_id`),
  CONSTRAINT `FK2u5ilid7a3thtv1x589nh8ifg` FOREIGN KEY (`reschedule_policy_id`) REFERENCES `reschedule_policies` (`id`),
  CONSTRAINT `FKeu2fa5r51by4qqp414we57nc9` FOREIGN KEY (`hotel_id`) REFERENCES `hotels` (`id`),
  CONSTRAINT `FKo3w7u399cy682s1dyjbuqoa09` FOREIGN KEY (`cancellation_policy_id`) REFERENCES `cancellation_policies` (`id`)
) ENGINE=InnoDB DEFAULT CHARSET=utf8mb4 COLLATE=utf8mb4_0900_ai_ci;
/*!40101 SET character_set_client = @saved_cs_client */;

--
-- Dumping data for table `hotel_policies`
--

LOCK TABLES `hotel_policies` WRITE;
/*!40000 ALTER TABLE `hotel_policies` DISABLE KEYS */;
INSERT INTO `hotel_policies` VALUES ('00d60e60-d366-4d73-b3c0-614ecb95feb7',_binary '\0','06:00:00.000000','04:00:00.000000','ae4dd0d5-a0d4-11f0-a7b7-0a6aab4924ab','92f52fba-a0da-11f0-a7b7-0a6aab4924ab'),('10b1eaf8-f85f-42a3-b17b-26002db986db',_binary '','07:00:00.000000','05:00:00.000000','b9d4f624-a0d4-11f0-a7b7-0a6aab4924ab','96a1057b-a0da-11f0-a7b7-0a6aab4924ab'),('19f5b491-49e0-42d5-909c-74d4193ab327',_binary '','07:00:00.000000','05:00:00.000000','ae4dd0d5-a0d4-11f0-a7b7-0a6aab4924ab','96a1057b-a0da-11f0-a7b7-0a6aab4924ab'),('3147d003-ffd9-47f9-868c-d1bfa323449f',_binary '\0','07:00:00.000000','05:00:00.000000',NULL,NULL),('6a5f7d70-3d0e-4c6c-8648-48e9bdc35d55',_binary '\0','07:00:00.000000','05:00:00.000000','bc321c32-a0d4-11f0-a7b7-0a6aab4924ab','96a1057b-a0da-11f0-a7b7-0a6aab4924ab'),('70ec9338-8afb-4cd9-be50-8726b949bd6e',_binary '','07:00:00.000000','05:00:00.000000','ae4dd0d5-a0d4-11f0-a7b7-0a6aab4924ab','92f52fba-a0da-11f0-a7b7-0a6aab4924ab'),('aa934a59-13e0-447d-8b0f-df8f07bcf40b',_binary '','07:00:00.000000','05:00:00.000000','ae4dd0d5-a0d4-11f0-a7b7-0a6aab4924ab','96a1057b-a0da-11f0-a7b7-0a6aab4924ab');
/*!40000 ALTER TABLE `hotel_policies` ENABLE KEYS */;
UNLOCK TABLES;

--
-- Table structure for table `hotel_policy_identification_documents`
--

DROP TABLE IF EXISTS `hotel_policy_identification_documents`;
/*!40101 SET @saved_cs_client     = @@character_set_client */;
/*!50503 SET character_set_client = utf8mb4 */;
CREATE TABLE `hotel_policy_identification_documents` (
  `id` varchar(255) NOT NULL,
  `hotel_policy_id` varchar(255) NOT NULL,
  `identification_document_id` varchar(255) NOT NULL,
  PRIMARY KEY (`id`),
  KEY `FKrhsr85sgg5j135tbgrlofqqt2` (`hotel_policy_id`),
  KEY `FKr4qi75t0l9fl9iqb3cvbecse7` (`identification_document_id`),
  CONSTRAINT `FKr4qi75t0l9fl9iqb3cvbecse7` FOREIGN KEY (`identification_document_id`) REFERENCES `identification_documents` (`id`),
  CONSTRAINT `FKrhsr85sgg5j135tbgrlofqqt2` FOREIGN KEY (`hotel_policy_id`) REFERENCES `hotel_policies` (`hotel_id`)
) ENGINE=InnoDB DEFAULT CHARSET=utf8mb4 COLLATE=utf8mb4_0900_ai_ci;
/*!40101 SET character_set_client = @saved_cs_client */;

--
-- Dumping data for table `hotel_policy_identification_documents`
--

LOCK TABLES `hotel_policy_identification_documents` WRITE;
/*!40000 ALTER TABLE `hotel_policy_identification_documents` DISABLE KEYS */;
INSERT INTO `hotel_policy_identification_documents` VALUES ('22107ea6-b862-493c-bcf4-0938ffe1031a','6a5f7d70-3d0e-4c6c-8648-48e9bdc35d55','87ed8794-a0e3-11f0-a7b7-0a6aab4924ab'),('400f5449-8078-46d1-bbdf-30d6fae46e6d','10b1eaf8-f85f-42a3-b17b-26002db986db','87ed8794-a0e3-11f0-a7b7-0a6aab4924ab'),('47e46b29-ab00-421e-bd14-cf027ba55029','70ec9338-8afb-4cd9-be50-8726b949bd6e','87ed84d0-a0e3-11f0-a7b7-0a6aab4924ab'),('4af255cd-c52a-4339-a928-894349d5ab2c','aa934a59-13e0-447d-8b0f-df8f07bcf40b','87ed8794-a0e3-11f0-a7b7-0a6aab4924ab'),('59745013-0a27-447f-9c4e-8a5ff1e7fd96','70ec9338-8afb-4cd9-be50-8726b949bd6e','87ed8794-a0e3-11f0-a7b7-0a6aab4924ab'),('670055d9-6a02-4656-9291-65d8cdad39e4','70ec9338-8afb-4cd9-be50-8726b949bd6e','87ec7a5e-a0e3-11f0-a7b7-0a6aab4924ab'),('6c7780cc-42b4-47c9-83c5-d01dcb1ba2a3','19f5b491-49e0-42d5-909c-74d4193ab327','87ed8794-a0e3-11f0-a7b7-0a6aab4924ab'),('7c4dfba9-173c-4dc1-8399-e82f14e4be6a','19f5b491-49e0-42d5-909c-74d4193ab327','87ec7a5e-a0e3-11f0-a7b7-0a6aab4924ab'),('83a5b98b-8448-464d-8e21-548fd3fb352d','00d60e60-d366-4d73-b3c0-614ecb95feb7','87ec7a5e-a0e3-11f0-a7b7-0a6aab4924ab'),('8eada820-b152-44b4-8b90-165cf3ed01d1','3147d003-ffd9-47f9-868c-d1bfa323449f','87ed8794-a0e3-11f0-a7b7-0a6aab4924ab'),('8fee84e2-e481-4c62-9487-564574091bef','3147d003-ffd9-47f9-868c-d1bfa323449f','87ed84d0-a0e3-11f0-a7b7-0a6aab4924ab'),('94873842-bbc1-4fe3-97c3-a6aa8e2da6c6','10b1eaf8-f85f-42a3-b17b-26002db986db','87ec7a5e-a0e3-11f0-a7b7-0a6aab4924ab'),('983f745f-c0c1-471a-a92b-d4395805f7e7','19f5b491-49e0-42d5-909c-74d4193ab327','87ed84d0-a0e3-11f0-a7b7-0a6aab4924ab'),('aecd34ca-2afc-44c7-afb5-29e1a20d7474','3147d003-ffd9-47f9-868c-d1bfa323449f','87ec7a5e-a0e3-11f0-a7b7-0a6aab4924ab'),('b3cf0d3a-7d25-4b76-8e0b-a2c082010479','6a5f7d70-3d0e-4c6c-8648-48e9bdc35d55','87ed84d0-a0e3-11f0-a7b7-0a6aab4924ab'),('c4fce195-bad5-4a99-b47b-d41945fcf5f9','10b1eaf8-f85f-42a3-b17b-26002db986db','87ed84d0-a0e3-11f0-a7b7-0a6aab4924ab'),('e782ac38-74b6-4b67-80df-8961f88ee58e','6a5f7d70-3d0e-4c6c-8648-48e9bdc35d55','87ec7a5e-a0e3-11f0-a7b7-0a6aab4924ab'),('ebb0efea-c8fd-437d-8901-13a97f8cd428','00d60e60-d366-4d73-b3c0-614ecb95feb7','87ed84d0-a0e3-11f0-a7b7-0a6aab4924ab'),('ecdbb790-dc09-4f6c-973b-b06cd1308ba0','aa934a59-13e0-447d-8b0f-df8f07bcf40b','87ed84d0-a0e3-11f0-a7b7-0a6aab4924ab'),('eff5d966-8499-47c8-99ad-5a904735f3a6','aa934a59-13e0-447d-8b0f-df8f07bcf40b','87ec7a5e-a0e3-11f0-a7b7-0a6aab4924ab');
/*!40000 ALTER TABLE `hotel_policy_identification_documents` ENABLE KEYS */;
UNLOCK TABLES;

--
-- Table structure for table `hotels`
--

DROP TABLE IF EXISTS `hotels`;
/*!40101 SET @saved_cs_client     = @@character_set_client */;
/*!50503 SET character_set_client = utf8mb4 */;
CREATE TABLE `hotels` (
  `id` varchar(255) NOT NULL,
  `allows_pay_at_hotel` bit(1) DEFAULT NULL,
  `created_at` datetime(6) NOT NULL,
  `description` text NOT NULL,
  `latitude` double DEFAULT NULL,
  `longitude` double DEFAULT NULL,
  `name` varchar(255) NOT NULL,
  `star_rating` int DEFAULT NULL,
  `status` varchar(255) NOT NULL,
  `updated_at` datetime(6) DEFAULT NULL,
  `city_id` varchar(255) NOT NULL,
  `district_id` varchar(255) NOT NULL,
  `partner_id` varchar(255) NOT NULL,
  `address` varchar(255) NOT NULL,
  `country_id` varchar(255) NOT NULL,
  `province_id` varchar(255) NOT NULL,
  `street_id` varchar(255) NOT NULL,
  `ward_id` varchar(255) NOT NULL,
  `commission_rate` double NOT NULL,
  PRIMARY KEY (`id`),
  KEY `FKs4hjpubog1wqi4qktjpoejarg` (`city_id`),
  KEY `FK90pqoh5mxpgud4j9pxc1uuxl4` (`street_id`),
  KEY `FK5k39smybwjaitluk7sd3gmupf` (`ward_id`),
  KEY `idx_hotels_name` (`name`),
  KEY `idx_hotels_country_province_city` (`country_id`,`province_id`,`city_id`),
  KEY `idx_hotels_district_ward` (`district_id`,`ward_id`),
  KEY `idx_hotels_lat_lng` (`latitude`,`longitude`),
  KEY `idx_hotels_status` (`status`),
  KEY `idx_hotels_partner_id` (`partner_id`),
  KEY `idx_hotels_star_rating` (`star_rating`),
  KEY `idx_hotels_status_country` (`status`,`country_id`),
  KEY `idx_hotels_status_province` (`status`,`province_id`),
  KEY `idx_hotels_country_city` (`country_id`,`city_id`),
  KEY `idx_hotel_search_status_country` (`status`,`country_id`,`star_rating`),
  KEY `idx_hotel_search_location_rating` (`province_id`,`city_id`,`star_rating`),
  CONSTRAINT `FK5k39smybwjaitluk7sd3gmupf` FOREIGN KEY (`ward_id`) REFERENCES `wards` (`id`),
  CONSTRAINT `FK7k13jh9pjp671uyadbp0obl7w` FOREIGN KEY (`district_id`) REFERENCES `districts` (`id`),
  CONSTRAINT `FK7tlgqdfyabwp5xmkuay6o9ran` FOREIGN KEY (`province_id`) REFERENCES `provinces` (`id`),
  CONSTRAINT `FK90pqoh5mxpgud4j9pxc1uuxl4` FOREIGN KEY (`street_id`) REFERENCES `streets` (`id`),
  CONSTRAINT `FKkwysadtw35u6s82fllwubvkiw` FOREIGN KEY (`country_id`) REFERENCES `countries` (`id`),
  CONSTRAINT `FKs4hjpubog1wqi4qktjpoejarg` FOREIGN KEY (`city_id`) REFERENCES `cities` (`id`),
  CONSTRAINT `FKskwcake59dau94b365cd5251d` FOREIGN KEY (`partner_id`) REFERENCES `users` (`id`)
) ENGINE=InnoDB DEFAULT CHARSET=utf8mb4 COLLATE=utf8mb4_0900_ai_ci;
/*!40101 SET character_set_client = @saved_cs_client */;

--
-- Dumping data for table `hotels`
--

LOCK TABLES `hotels` WRITE;
/*!40000 ALTER TABLE `hotels` DISABLE KEYS */;
INSERT INTO `hotels` VALUES ('00d60e60-d366-4d73-b3c0-614ecb95feb7',_binary '\0','2025-09-28 14:20:27.319698','Dù bạn đang lên kế hoạch cho một sự kiện hay những dịp đặc biệt khác, Hoang Ngoc Beach Resort là một lựa chọn tuyệt vời dành cho bạn với một phòng chức năng lớn và được trang bị đầy đủ để đáp ứng các yêu cầu của bạn.',0,0,'Hoang Ngoc Beach Resort',5,'active','2025-10-14 16:05:49.539431','5d73427e-9c3b-11f0-a7b7-0a6aab4924ab','b97ecc88-9c3b-11f0-a7b7-0a6aab4924ab','853a1d78-2ebb-4eee-96cd-957878ec4524','152','b718319a-6fce-4a35-81af-d71caba4a916','29966eb1-9c3b-11f0-a7b7-0a6aab4924ab','032f0393-9c3c-11f0-a7b7-0a6aab4924ab','d7ab9dcb-9c3b-11f0-a7b7-0a6aab4924ab',15),('04a97b2a-1564-480a-a6c9-eb94dbc78dd4',_binary '\0','2025-09-27 02:33:55.439424','Tọa lạc gần sân bay, Orchide\'es Ocean Hotel là nơi nghỉ ngơi lý tưởng trong lúc quý khách đang chờ chuyến bay kế tiếp. Quý khách có thể tận hưởng không gian nghỉ dưỡng vừa ý nơi đây trong quá trình quá cảnh.\n\nOrchide\'es Ocean Hotel là đề xuất hàng đầu dành cho những tín đồ du lịch \"bụi\" mong muốn được nghỉ tại một khách sạn vừa thoải mái lại hợp túi tiền.\n\nDành cho những du khách muốn du lịch thoải mái cùng ngân sách tiết kiệm, Orchide\'es Ocean Hotel sẽ là lựa chọn lưu trú hoàn hảo, nơi cung cấp các tiện nghi chất lượng và dịch vụ tuyệt vời.\n\nTừ sự kiện doanh nghiệp đến họp mặt công ty, Orchide\'es Ocean Hotel cung cấp đầy đủ các dịch vụ và tiện nghi đáp ứng mọi nhu cầu của quý khách và đồng nghiệp.\n\nHãy tận hưởng thời gian vui vẻ cùng cả gia đình với hàng loạt tiện nghi giải trí tại Orchide\'es Ocean Hotel, một khách sạn tuyệt vời phù hợp cho mọi kỳ nghỉ bên người thân.\n\nKhách sạn này là lựa chọn hoàn hảo cho các kỳ nghỉ mát lãng mạn hay tuần trăng mật của các cặp đôi. Quý khách hãy tận hưởng những đêm đáng nhớ nhất cùng người thương của mình tại Orchide\'es Ocean Hotel\n\nNếu dự định có một kỳ nghỉ dài, thì Orchide\'es Ocean Hotel chính là lựa chọn dành cho quý khách. Với đầy đủ tiện nghi với chất lượng dịch vụ tuyệt vời, Orchide\'es Ocean Hotel sẽ khiến quý khách cảm thấy thoải mái như đang ở nhà vậy.\n\nBạn có phải là tín đồ mua sắm? Lưu trú tại Orchide\'es Ocean Hotel chắc chắn sẽ thoả mãn bạn với hàng loạt các trung tâm mua sắm kề cận.\n\nDu lịch một mình cũng không hề kém phần thú vị và Orchide\'es Ocean Hotel là nơi thích hợp dành riêng cho những ai đề cao sự riêng tư trong kỳ lưu trú.\n\nDịch vụ tuyệt vời, cơ sở vật chất hoàn chỉnh và các tiện nghi khách sạn cung cấp sẽ khiến quý khách không thể phàn nàn trong suốt kỳ lưu trú tại Orchide\'es Ocean Hotel.\n\nQuầy tiếp tân 24 giờ luôn sẵn sàng phục vụ quý khách từ thủ tục nhận phòng đến trả phòng hay bất kỳ yêu cầu nào. Nếu cần giúp đỡ xin hãy liên hệ đội ngũ tiếp tân, chúng tôi luôn sẵn sàng hỗ trợ quý khách.\n\nTận hưởng những món ăn yêu thích với phong cách ẩm thực đặc biệt từ Orchide\'es Ocean Hotel chỉ dành riêng cho quý khách.\n\nSóng WiFi phủ khắp các khu vực chung của khách sạn cho phép quý khách luôn kết nối với gia đình và bè bạn.\n\nOrchide\'es Ocean Hotel là khách sạn sở hữu đầy đủ tiện nghi và dịch vụ xuất sắc theo nhận định của hầu hết khách lưu trú.\n\nVới những tiện nghi sẵn có Orchide\'es Ocean Hotel thực sự là một nơi lưu trú hoàn hảo.',0,0,'Orchide\'es Ocean Hotel',3,'active','2025-10-02 17:39:20.111902','b491043b-97ce-11f0-a7b7-0a6aab4924ab','9d0e4548-97d2-11f0-a7b7-0a6aab4924ab','4c963c30-3496-43c3-85a6-004f99e7ea07','9','b718319a-6fce-4a35-81af-d71caba4a916','1fe5846e-931a-440a-9e88-ffe6896df192','66851f55-988c-11f0-a7b7-0a6aab4924ab','04c72f84-97d4-11f0-a7b7-0a6aab4924ab',15),('07815e33-80c7-4d5c-8d19-e9e49ae9283b',_binary '\0','2025-09-28 14:56:38.243244','Nhà khách Diem Lien là đề xuất hàng đầu dành cho những tín đồ du lịch \"bụi\" mong muốn được nghỉ tại một khách sạn vừa thoải mái lại hợp túi tiền.\n\nDành cho những du khách muốn du lịch thoải mái cùng ngân sách tiết kiệm, Nhà khách Diem Lien sẽ là lựa chọn lưu trú hoàn hảo, nơi cung cấp các tiện nghi chất lượng và dịch vụ tuyệt vời.\n\nNếu dự định có một kỳ nghỉ dài, thì Nhà khách Diem Lien chính là lựa chọn dành cho quý khách. Với đầy đủ tiện nghi với chất lượng dịch vụ tuyệt vời, Nhà khách Diem Lien sẽ khiến quý khách cảm thấy thoải mái như đang ở nhà vậy.\n\nDu lịch một mình cũng không hề kém phần thú vị và Nhà khách Diem Lien là nơi thích hợp dành riêng cho những ai đề cao sự riêng tư trong kỳ lưu trú.\n\nNhà khách Diem Lien là lựa chọn đúng đắn cho những ai đang tìm kiếm các khách sạn hợp với túi tiền tại Hàm Tiến.\n\nQuầy tiếp tân 24 giờ luôn sẵn sàng phục vụ quý khách từ thủ tục nhận phòng đến trả phòng hay bất kỳ yêu cầu nào. Nếu cần giúp đỡ xin hãy liên hệ đội ngũ tiếp tân, chúng tôi luôn sẵn sàng hỗ trợ quý khách.\n\nNhà khách Diem Lien là khách sạn sở hữu đầy đủ tiện nghi và dịch vụ xuất sắc theo nhận định của hầu hết khách lưu trú.\n\nNhà khách Diem Lien là lựa chọn sáng suốt dành cho những du khách ghé thăm Hàm Tiến.',0,0,'Diem Lien Guesthouse',3,'active','2025-10-02 17:39:26.016290','5d73427e-9c3b-11f0-a7b7-0a6aab4924ab','b97ecc88-9c3b-11f0-a7b7-0a6aab4924ab','f12f43d5-4359-4619-8288-78c8730b9e7b','85','b718319a-6fce-4a35-81af-d71caba4a916','29966eb1-9c3b-11f0-a7b7-0a6aab4924ab','032f50d9-9c3c-11f0-a7b7-0a6aab4924ab','d7ab9dcb-9c3b-11f0-a7b7-0a6aab4924ab',15),('0ceaf0e4-9cc5-400f-967a-08f9f960d832',_binary '\0','2025-09-28 13:27:25.712677','Dù quý khách muốn tổ chức một sự kiện hay các dịp kỷ niệm đặc biệt khác, Comodo Nha Trang Hotel là lựa chọn tuyệt vời cho quý khách với phòng chức năng rộng lớn, được trang bị đầy đủ để sẵn sàng đáp ứng mọi yêu cầu.\n\nKhách sạn này là lựa chọn hoàn hảo cho các kỳ nghỉ mát lãng mạn hay tuần trăng mật của các cặp đôi. Quý khách hãy tận hưởng những đêm đáng nhớ nhất cùng người thương của mình tại Comodo Nha Trang Hotel\n\nComodo Nha Trang Hotel là lựa chọn sáng giá dành cho những ai đang tìm kiếm một trải nghiệm xa hoa đầy thú vị trong kỳ nghỉ của mình. Lưu trú tại đây cũng là cách để quý khách chiều chuộng bản thân với những dịch vụ xuất sắc nhất và khiến kỳ nghỉ của mình trở nên thật đáng nhớ.\n\nTừ sự kiện doanh nghiệp đến họp mặt công ty, Comodo Nha Trang Hotel cung cấp đầy đủ các dịch vụ và tiện nghi đáp ứng mọi nhu cầu của quý khách và đồng nghiệp.\n\nHãy tận hưởng thời gian vui vẻ cùng cả gia đình với hàng loạt tiện nghi giải trí tại Comodo Nha Trang Hotel, một khách sạn tuyệt vời phù hợp cho mọi kỳ nghỉ bên người thân.\n\nNếu dự định có một kỳ nghỉ dài, thì Comodo Nha Trang Hotel chính là lựa chọn dành cho quý khách. Với đầy đủ tiện nghi với chất lượng dịch vụ tuyệt vời, Comodo Nha Trang Hotel sẽ khiến quý khách cảm thấy thoải mái như đang ở nhà vậy.\n\nDu lịch một mình cũng không hề kém phần thú vị và Comodo Nha Trang Hotel là nơi thích hợp dành riêng cho những ai đề cao sự riêng tư trong kỳ lưu trú.\n\nDịch vụ thượng hạng song hành với hàng loạt tiện nghi phong phú sẽ đem đến cho quý khách trải nghiệm của một kỳ nghỉ viên mãn nhất.\n\nHưởng thụ một ngày thư thái đầy thú vị tại hồ bơi dù quý khách đang du lịch một mình hay cùng người thân.\n\nNhận ưu đãi đặc biệt dành cho các liệu pháp spa tinh tuý nhất giúp thư giãn tinh thần và làm tươi trẻ cơ thể.\n\nQuầy tiếp tân 24 giờ luôn sẵn sàng phục vụ quý khách từ thủ tục nhận phòng đến trả phòng hay bất kỳ yêu cầu nào. Nếu cần giúp đỡ xin hãy liên hệ đội ngũ tiếp tân, chúng tôi luôn sẵn sàng hỗ trợ quý khách.\n\nTận hưởng những món ăn yêu thích với phong cách ẩm thực đặc biệt từ Comodo Nha Trang Hotel chỉ dành riêng cho quý khách.\n\nSóng WiFi phủ khắp các khu vực chung của khách sạn cho phép quý khách luôn kết nối với gia đình và bè bạn.\n\nComodo Nha Trang Hotel là khách sạn sở hữu đầy đủ tiện nghi và dịch vụ xuất sắc theo nhận định của hầu hết khách lưu trú.\n\nTận hưởng trải nghiệm lưu trú xa hoa đầy thú vị không đâu sánh bằng tại Comodo Nha Trang Hotel.',0,0,'Khách sạn Comodo Nha Trang',3,'active','2025-10-02 17:39:33.919838','f5af1aa8-9c38-11f0-a7b7-0a6aab4924ab','3edb5675-9c39-11f0-a7b7-0a6aab4924ab','35b546aa-09bf-40eb-bd9e-81e9beb9ffec','86A','b718319a-6fce-4a35-81af-d71caba4a916','cf592960-9c38-11f0-a7b7-0a6aab4924ab','9b193651-9c39-11f0-a7b7-0a6aab4924ab','60d7b795-9c39-11f0-a7b7-0a6aab4924ab',15),('10b1eaf8-f85f-42a3-b17b-26002db986db',_binary '\0','2025-09-28 14:19:48.937508','Quầy lễ tân 24 giờ luôn sẵn sàng phục vụ quý khách, từ nhận phòng đến trả phòng hoặc bất kỳ sự hỗ trợ nào bạn cần. Nếu bạn muốn biết thêm, đừng ngần ngại hỏi quầy lễ tân, chúng tôi luôn sẵn sàng phục vụ bạn.\r\n\r\nLa Mer Bali Mui Ne là một lựa chọn khôn ngoan cho du khách đến thăm Hàm Tiến.',0,0,'La Mer Bali Mui Ne',5,'active','2025-11-20 13:56:44.562300','5d73427e-9c3b-11f0-a7b7-0a6aab4924ab','b97ecc88-9c3b-11f0-a7b7-0a6aab4924ab','27b35453-3fe4-41ec-bc62-b89cb0a15268','124','b718319a-6fce-4a35-81af-d71caba4a916','29966eb1-9c3b-11f0-a7b7-0a6aab4924ab','032f0393-9c3c-11f0-a7b7-0a6aab4924ab','d7ab9dcb-9c3b-11f0-a7b7-0a6aab4924ab',15),('11e0560b-7b36-422d-a5bf-57f92d2221be',_binary '\0','2025-09-28 14:54:47.674315','Khu nghỉ dưỡng này là địa điểm tốt nhất cho những ai mong muốn có một kỳ nghỉ thanh bình và yên tĩnh, tránh xa đám đông.\n\nHãy sẵn sàng để có được trải nghiệm lưu trú khó quên với dịch vụ độc quyền, hoàn thiện bởi một loạt các tiện nghi để đáp ứng mọi nhu cầu của bạn.\n\nHãy tận hưởng một ngày vui vẻ và thư giãn tại hồ bơi, cho dù bạn đi du lịch một mình hay với những người thân yêu của mình.\n\nNhận ưu đãi tốt nhất cho chất lượng dịch vụ spa tốt nhất để thư giãn và trẻ hóa bản thân.\n\nQuầy lễ tân 24 giờ luôn sẵn sàng phục vụ bạn, từ nhận phòng đến trả phòng hoặc bất kỳ sự hỗ trợ nào bạn cần. Nếu bạn muốn biết thêm, đừng ngần ngại hỏi quầy lễ tân, chúng tôi luôn sẵn sàng phục vụ bạn.\n\nThưởng thức các món ăn yêu thích của bạn với các món ăn đặc biệt từ MuiNe Century Beach Resort & Spa dành riêng cho bạn.\n\nWi-Fi có sẵn trong các khu vực công cộng của khách sạn để giúp bạn giữ liên lạc với gia đình và bạn bè.\n\nMuiNe Century Beach Resort & Spa là một khu nghỉ dưỡng với sự thoải mái tuyệt vời và dịch vụ tuyệt vời theo ý kiến của hầu hết khách của khu nghỉ dưỡng.\n\nCó được những khoảnh khắc quý giá và khó quên trong thời gian bạn ở tại MuiNe Century Beach Resort & Spa.',0,0,'MuiNe Century Beach Resort & Spa',5,'active','2025-10-02 17:39:45.275073','5d73427e-9c3b-11f0-a7b7-0a6aab4924ab','b97ecc88-9c3b-11f0-a7b7-0a6aab4924ab','0e6a8fcf-76f3-4c54-ab82-5b92ae2f03c2','16','b718319a-6fce-4a35-81af-d71caba4a916','29966eb1-9c3b-11f0-a7b7-0a6aab4924ab','032f50d9-9c3c-11f0-a7b7-0a6aab4924ab','d7ab9dcb-9c3b-11f0-a7b7-0a6aab4924ab',15),('19f5b491-49e0-42d5-909c-74d4193ab327',_binary '\0','2025-11-17 04:13:50.217859','Vias Hotel Vũng Tàu là khách sạn cao cấp (5 sao) nằm trên đường Thùy Vân, ngay gần Bãi Sau (Back Beach) ở Vũng Tàu. \r\nKhách sạn có 152 phòng sang trọng, thiết kế hiện đại, nhiều phòng có ban công hoặc cửa sổ lớn nhìn ra biển hoặc thành phố. \r\nCó một tầng Presidential Suite rộng hơn 1.000 m², bao gồm phòng Presidential Suite lên đến 333 m² — rất lý tưởng cho khách VIP hoặc sự kiện nhỏ. \r\n\r\nTiện ích nổi bật: hồ bơi vô cực trên tầng thượng với view biển, sky bar, sân vườn “Ocean View Garden”, phòng gym tiêu chuẩn quốc tế và spa. \r\n\r\nNhà hàng “Garden Restaurant” cung cấp ẩm thực Á – Âu, hải sản; và còn có quán sky bar để thư giãn. \r\n\r\nDịch vụ khác: Wi-Fi tốc độ cao, đưa đón miễn phí, bãi đỗ xe, room service 24/7. \r\nVisit Vung Tau\r\n\r\nKhách sạn được đánh giá cao, từng nhận giải World Luxury Hotel Awards cho “Luxury Rooftop View Hotel”',0,0,'Vias Hotel Vung Tau',0,'active','2025-11-17 17:10:37.534724','05303065-9c3e-11f0-a7b7-0a6aab4924ab','8c60e3fd-d001-46d3-8c3f-7fdec5ed9362','012cf861-6aba-440d-a878-b6d71d260a83','179 Thùy Vân, Phường 8, Thành phố Vũng Tàu','b718319a-6fce-4a35-81af-d71caba4a916','00e3a65a-9c3e-11f0-a7b7-0a6aab4924ab','17eb0374-7db0-4317-b410-fad3f78c15fa','49621cd2-ea24-41c6-a0ca-bcdca9944163',15),('2083c0a7-7fd0-485f-919d-c78316bfb433',_binary '\0','2025-09-28 09:22:55.661568','Dù bạn đang lên kế hoạch cho một sự kiện hay những dịp đặc biệt khác, Minh Toàn SAFI Ocean Hotel là một lựa chọn tuyệt vời dành cho bạn với một phòng chức năng lớn và được trang bị đầy đủ để đáp ứng các yêu cầu của bạn.\n\nKhách sạn này là sự lựa chọn hoàn hảo cho các cặp đôi đang tìm kiếm một kỳ nghỉ lãng mạn hoặc một nơi nghỉ dưỡng hưởng tuần trăng mật. Tận hưởng những đêm đáng nhớ nhất với người yêu của bạn bằng cách ở tại Minh Toàn SAFI Ocean Hotel.\n\nMinh Toàn SAFI Ocean Hotel là sự lựa chọn tuyệt vời cho những ai đang tìm kiếm một kỳ nghỉ sang trọng. Hãy nuông chiều bản thân với những dịch vụ tuyệt vời nhất và làm cho kỳ nghỉ của bạn đáng nhớ bằng cách ở lại đây.\n\nBạn là một người nghiện mua sắm? Ở tại Minh Toàn SAFI Ocean Hotel chắc chắn sẽ làm bạn thích thú với nhiều trung tâm mua sắm gần đó.\n\nLiệu pháp spa là một trong những tính năng chính của khách sạn. Hãy nuông chiều bản thân với liệu pháp thư giãn giúp bạn trẻ hóa.\n\nTừ sự kiện kinh doanh đến các buổi họp mặt công ty, Minh Toàn SAFI Ocean Hotel cung cấp các dịch vụ và tiện nghi đầy đủ mà bạn và đồng nghiệp của bạn cần.\n\nHãy vui vẻ với nhiều tiện nghi giải trí khác nhau dành cho bạn và cả gia đình tại Minh Toàn SAFI Ocean Hotel, một nơi ở tuyệt vời cho kỳ nghỉ gia đình của bạn.\n\nKhách sạn này là một lựa chọn lý tưởng cho bạn, từ người mới bắt đầu đến những người chơi golf chuyên nghiệp.\n\nNếu bạn dự định có một kỳ nghỉ dài hạn, ở tại Minh Toàn SAFI Ocean Hotel là sự lựa chọn đúng đắn dành cho bạn. Cung cấp nhiều tiện nghi và chất lượng dịch vụ tuyệt vời, chỗ ở này chắc chắn sẽ khiến bạn cảm thấy như ở nhà.\n\nHãy sẵn sàng để có được trải nghiệm lưu trú khó quên bằng dịch vụ độc quyền của nó, được hoàn thiện bởi một loạt các tiện nghi để đáp ứng mọi nhu cầu của bạn.\n\nTrung tâm thể dục của khách sạn là một điều bạn phải thử trong thời gian bạn ở đây.\n\nCó một ngày vui vẻ và thư giãn tại hồ bơi, cho dù bạn đi du lịch một mình hay với những người thân yêu của bạn.\n\nNhận ưu đãi tốt nhất cho chất lượng tốt nhất của liệu pháp spa để thư giãn và trẻ hóa bản thân.\n\nQuầy lễ tân 24 giờ luôn sẵn sàng phục vụ bạn, từ nhận phòng đến trả phòng hoặc bất kỳ sự hỗ trợ nào bạn cần. Nếu bạn muốn nhiều hơn, đừng ngần ngại hỏi quầy lễ tân, chúng tôi luôn sẵn sàng phục vụ bạn.\n\nThưởng thức các món ăn yêu thích của bạn với các món ăn đặc biệt từ Minh Toàn SAFI Ocean Hotel dành riêng cho bạn.\n\nWiFi có sẵn trong các khu vực công cộng của khách sạn để giúp bạn kết nối với gia đình và bạn bè.\n\nMinh Toàn SAFI Ocean Hotel là một khách sạn với sự thoải mái tuyệt vời và dịch vụ tuyệt vời theo hầu hết khách của khách sạn.\n\nCó được những khoảnh khắc quý giá và khó quên trong thời gian bạn ở tại Minh Toàn SAFI Ocean Hotel.',0,0,'Khách sạn Minh Toan SAFI Ocean',1,'active','2025-10-02 17:39:50.099347','b491043b-97ce-11f0-a7b7-0a6aab4924ab','9d0e4548-97d2-11f0-a7b7-0a6aab4924ab','04037b75-be77-4caa-bf72-4ac413b2103b','224','b718319a-6fce-4a35-81af-d71caba4a916','1fe5846e-931a-440a-9e88-ffe6896df192','66847538-988c-11f0-a7b7-0a6aab4924ab','04c72f84-97d4-11f0-a7b7-0a6aab4924ab',15),('26088aec-6574-4d68-bbd3-590fbc8aca74',_binary '\0','2025-09-28 13:59:34.770037','Khách sạn này là lựa chọn hoàn hảo cho các kỳ nghỉ mát lãng mạn hay tuần trăng mật của các cặp đôi. Quý khách hãy tận hưởng những đêm đáng nhớ nhất cùng người thương của mình tại Grand Gosia Hotel Nha Trang\n\nGrand Gosia Hotel Nha Trang là lựa chọn sáng giá dành cho những ai đang tìm kiếm một trải nghiệm xa hoa đầy thú vị trong kỳ nghỉ của mình. Lưu trú tại đây cũng là cách để quý khách chiều chuộng bản thân với những dịch vụ xuất sắc nhất và khiến kỳ nghỉ của mình trở nên thật đáng nhớ.\n\nMột trong những đặc điểm chính của khách sạn này là các liệu pháp spa đa dạng. Hãy nâng niu bản thân bằng các liệu pháp thư giãn, phục hồi giúp quý khách tươi trẻ thân, tâm.\n\nTừ sự kiện doanh nghiệp đến họp mặt công ty, Grand Gosia Hotel Nha Trang cung cấp đầy đủ các dịch vụ và tiện nghi đáp ứng mọi nhu cầu của quý khách và đồng nghiệp.\n\nNếu dự định có một kỳ nghỉ dài, thì Grand Gosia Hotel Nha Trang chính là lựa chọn dành cho quý khách. Với đầy đủ tiện nghi với chất lượng dịch vụ tuyệt vời, Grand Gosia Hotel Nha Trang sẽ khiến quý khách cảm thấy thoải mái như đang ở nhà vậy.\n\nDu lịch một mình cũng không hề kém phần thú vị và Grand Gosia Hotel Nha Trang là nơi thích hợp dành riêng cho những ai đề cao sự riêng tư trong kỳ lưu trú.\n\nHãy sẵn sàng đón nhận trải nghiệm khó quên bằng dịch vụ độc đáo và hoàn hảo của khách sạn cùng các tiện nghi đầy đủ, đáp ứng mọi nhu cầu của quý khách.\n\nTrung tâm thể dục của khách sạn là một trong những tiện nghi không thể bỏ qua khi lưu trú tại đây.\n\nHưởng thụ một ngày thư thái đầy thú vị tại hồ bơi dù quý khách đang du lịch một mình hay cùng người thân.\n\nNhận ưu đãi đặc biệt dành cho các liệu pháp spa tinh tuý nhất giúp thư giãn tinh thần và làm tươi trẻ cơ thể.\n\nQuầy tiếp tân 24 giờ luôn sẵn sàng phục vụ quý khách từ thủ tục nhận phòng đến trả phòng hay bất kỳ yêu cầu nào. Nếu cần giúp đỡ xin hãy liên hệ đội ngũ tiếp tân, chúng tôi luôn sẵn sàng hỗ trợ quý khách.\n\nTận hưởng những món ăn yêu thích với phong cách ẩm thực đặc biệt từ Grand Gosia Hotel Nha Trang chỉ dành riêng cho quý khách.\n\nSóng WiFi phủ khắp các khu vực chung của khách sạn cho phép quý khách luôn kết nối với gia đình và bè bạn.\n\nGrand Gosia Hotel Nha Trang là khách sạn sở hữu đầy đủ tiện nghi và dịch vụ xuất sắc theo nhận định của hầu hết khách lưu trú.\n\nHãy sẵn sàng đón nhận những giây phút vô giá khó phai trong suốt kỳ nghỉ của quý khách tại Grand Gosia Hotel Nha Trang.',0,0,'Khách sạn Grand Gosia Nha Trang',2,'active','2025-10-02 17:40:01.897192','f5af1aa8-9c38-11f0-a7b7-0a6aab4924ab','3edb5675-9c39-11f0-a7b7-0a6aab4924ab','9a1bdde6-b3c1-47c2-8a33-d68435d7d4eb','10-12','b718319a-6fce-4a35-81af-d71caba4a916','cf592960-9c38-11f0-a7b7-0a6aab4924ab','e07392cb-9c39-11f0-a7b7-0a6aab4924ab','60d7be60-9c39-11f0-a7b7-0a6aab4924ab',15),('29c50e2d-8f21-4b17-a238-3e146f1befa5',_binary '\0','2025-09-27 02:26:24.283890','Từ sự kiện kinh doanh đến các cuộc họp công ty, Khách sạn Muong Thanh Grand Da Nang cung cấp các dịch vụ và tiện nghi hoàn chỉnh mà bạn và đồng nghiệp của bạn cần.\n\nHãy sẵn sàng để có được trải nghiệm lưu trú khó quên bằng dịch vụ độc quyền của nó, được hoàn thiện bởi một loạt các tiện nghi để phục vụ mọi nhu cầu của bạn.\n\nTrung tâm thể dục của khách sạn là một điều phải thử trong thời gian bạn ở đây.\n\nCó một ngày vui vẻ và thư giãn tại hồ bơi, cho dù bạn đi du lịch một mình hay với những người thân yêu của bạn.\n\nNhận ưu đãi tốt nhất cho chất lượng dịch vụ spa tốt nhất để thư giãn và trẻ hóa bản thân.\n\nQuầy lễ tân 24 giờ luôn sẵn sàng phục vụ bạn, từ nhận phòng đến trả phòng hoặc bất kỳ sự hỗ trợ nào bạn cần. Nếu bạn muốn biết thêm, đừng ngần ngại hỏi quầy lễ tân, chúng tôi luôn sẵn sàng phục vụ bạn.\n\nThưởng thức các món ăn yêu thích của bạn với các món ăn đặc biệt từ Khách sạn Muong Thanh Grand Da Nang dành riêng cho bạn.\n\nWi-Fi có sẵn trong các khu vực công cộng của khách sạn để giúp bạn kết nối với gia đình và bạn bè.\n\nKhách sạn Muong Thanh Grand Da Nang là một khách sạn có sự thoải mái tuyệt vời và dịch vụ tuyệt vời theo hầu hết khách của khách sạn.\n\nCó được những khoảnh khắc quý giá và khó quên trong thời gian bạn ở tại Khách sạn Muong Thanh Grand Da Nang.',0,0,'Khách sạn Mường Thanh Grand Đà Nẵng',2,'active','2025-10-02 17:40:06.619394','b491043b-97ce-11f0-a7b7-0a6aab4924ab','9d0e4548-97d2-11f0-a7b7-0a6aab4924ab','9acb3732-c499-4a5d-bad9-36f5b986aa16','962','b718319a-6fce-4a35-81af-d71caba4a916','1fe5846e-931a-440a-9e88-ffe6896df192','95b7101c-988c-11f0-a7b7-0a6aab4924ab','874f96be-9b46-11f0-a7b7-0a6aab4924ab',15),('2bc1cdf1-f72d-4d67-b539-8c9383a49b00',NULL,'2025-11-18 17:12:07.675311','Muong Thanh Cua Dong Hotel toạ lạc tại khu vực / thành phố Hưng Dũng. Quầy tiếp tân 24 giờ luôn sẵn sàng phục vụ quý khách từ thủ tục nhận phòng đến trả phòng hay bất kỳ yêu cầu nào. Nếu cần giúp đỡ xin hãy liên hệ đội ngũ tiếp tân, chúng tôi luôn sẵn sàng hỗ trợ quý khách. Sóng WiFi phủ khắp các khu vực chung của khách sạn cho phép quý khách luôn kết nối với gia đình và bè bạn.',0,0,'Muong Thanh Cua Dong Hotel',0,'inactive','2025-11-18 17:12:12.420290','a634e732-de3f-43c9-888c-f195822aae4b','95246789-3e3f-4669-af00-36b6581fc514','b7321cbd-cbfd-4d21-b9b5-bcb57ff08759','Chưa có địa chỉ','b718319a-6fce-4a35-81af-d71caba4a916','5dd81bda-efd8-487a-a66b-52d1e84f0ec0','83ecbddc-8756-4438-bf45-ca9325923957','23d4ab73-483b-4bf0-a942-6f3f4a5d5d54',15),('3147d003-ffd9-47f9-868c-d1bfa323449f',NULL,'2025-11-17 17:54:30.550849','Nature Hotel - Lac Long Quan toạ lạc tại khu vực / thành phố Tây Hồ. Quầy tiếp tân 24 giờ luôn sẵn sàng phục vụ quý khách từ thủ tục nhận phòng đến trả phòng hay bất kỳ yêu cầu nào. Nếu cần giúp đỡ xin hãy liên hệ đội ngũ tiếp tân, chúng tôi luôn sẵn sàng hỗ trợ quý khách. Sóng WiFi phủ khắp các khu vực chung của khách sạn cho phép quý khách luôn kết nối với gia đình và bè bạn.',0,0,'Nature Hotel - Lac Long Quan',0,'inactive','2025-11-18 09:58:45.630862','6bef0520-9c3f-11f0-a7b7-0a6aab4924ab','7098733d-9c3f-11f0-a7b7-0a6aab4924ab','2bebfb48-ac4d-40ed-9b1d-3c182bbd4e8c','số 533 đường Lạc Long Quân, phường Bưởi, Quận Tây Hồ, Thủ đô Hà Nội','b718319a-6fce-4a35-81af-d71caba4a916','6701d2d6-9c3f-11f0-a7b7-0a6aab4924ab','3d0f1c8b-b311-4e36-bf55-15e5cd4ca094','0c9e6ddc-8b86-4fe4-b434-d8cd61377480',15),('327a4e9b-9dc8-40b7-b8d2-38ce0b1418e0',NULL,'2025-11-18 17:17:36.228454','Lưu trú tại Toan Thang Stone Hotel là một lựa chọn đúng đắn khi quý khách đến thăm Hưng Dũng. Quầy tiếp tân 24 giờ luôn sẵn sàng phục vụ quý khách từ thủ tục nhận phòng đến trả phòng hay bất kỳ yêu cầu nào. Nếu cần giúp đỡ xin hãy liên hệ đội ngũ tiếp tân, chúng tôi luôn sẵn sàng hỗ trợ quý khách. Sóng WiFi phủ khắp các khu vực chung của khách sạn cho phép quý khách luôn kết nối với gia đình và bè bạn.',0,0,'Toan Thang Stone Hotel',0,'inactive','2025-11-18 17:17:39.602021','a634e732-de3f-43c9-888c-f195822aae4b','95246789-3e3f-4669-af00-36b6581fc514','b7321cbd-cbfd-4d21-b9b5-bcb57ff08759','Chưa có địa chỉ','b718319a-6fce-4a35-81af-d71caba4a916','5dd81bda-efd8-487a-a66b-52d1e84f0ec0','18602fe9-609d-48c2-9478-fe802b577612','23d4ab73-483b-4bf0-a942-6f3f4a5d5d54',15),('3352a7d9-d960-4786-809b-67587c97a495',NULL,'2025-11-18 16:09:44.452001','Lưu trú tại Cozrum Homes - Sonata Residence là một lựa chọn đúng đắn khi quý khách đến thăm Tân Phú. Quầy tiếp tân 24 giờ luôn sẵn sàng phục vụ quý khách từ thủ tục nhận phòng đến trả phòng hay bất kỳ yêu cầu nào. Nếu cần giúp đỡ xin hãy liên hệ đội ngũ tiếp tân, chúng tôi luôn sẵn sàng hỗ trợ quý khách. Sóng WiFi phủ khắp các khu vực chung của nơi nghỉ cho phép quý khách luôn kết nối với gia đình và bè bạn.',0,0,'Cozrum Homes - Sonata Residence',0,'inactive','2025-11-18 16:09:45.864902','e0801285-9c3c-11f0-a7b7-0a6aab4924ab','eb9d9d7d-9c3c-11f0-a7b7-0a6aab4924ab','7c9eaeca-6792-4f4b-b6b3-fe7b591b3dc8','Chưa có địa chỉ','b718319a-6fce-4a35-81af-d71caba4a916','da840409-9c3c-11f0-a7b7-0a6aab4924ab','bc59d5d0-291d-4740-bdcf-d349bfd4e744','ddb28917-5212-435d-b02c-08e30d55a2a7',15),('37153892-ffd2-46c9-a0f3-f882c701c2e7',_binary '\0','2025-09-28 13:47:34.718468','Hưởng thụ một ngày thư thái đầy thú vị tại hồ bơi dù quý khách đang du lịch một mình hay cùng người thân.\n\nQuầy tiếp tân 24 giờ luôn sẵn sàng phục vụ quý khách từ thủ tục nhận phòng đến trả phòng hay bất kỳ yêu cầu nào. Nếu cần giúp đỡ xin hãy liên hệ đội ngũ tiếp tân, chúng tôi luôn sẵn sàng hỗ trợ quý khách.\n\nTận hưởng những món ăn yêu thích với phong cách ẩm thực đặc biệt từ The Time Hotel Nha Trang chỉ dành riêng cho quý khách.\n\nSóng WiFi phủ khắp các khu vực chung của khách sạn cho phép quý khách luôn kết nối với gia đình và bè bạn.\n\nThe Time Hotel Nha Trang là khách sạn sở hữu đầy đủ tiện nghi và dịch vụ xuất sắc theo nhận định của hầu hết khách lưu trú.\n\nVới những tiện nghi sẵn có The Time Hotel Nha Trang thực sự là một nơi lưu trú hoàn hảo.',0,0,'The Time Hotel Nha Trang',5,'active','2025-10-02 17:40:12.843755','f5af1aa8-9c38-11f0-a7b7-0a6aab4924ab','3edb5675-9c39-11f0-a7b7-0a6aab4924ab','418f6bf4-1f2b-4802-aa7f-ca6676d9da40','17/15','b718319a-6fce-4a35-81af-d71caba4a916','cf592960-9c38-11f0-a7b7-0a6aab4924ab','abd989d6-9c39-11f0-a7b7-0a6aab4924ab','60d7bc7a-9c39-11f0-a7b7-0a6aab4924ab',15),('4b2d0a2d-cc1f-4030-8c07-5fa09b8229cf',_binary '\0','2025-09-28 13:57:44.824452','Hãy tận hưởng thời gian vui vẻ cùng cả gia đình với hàng loạt tiện nghi giải trí tại Golden Hotel Nha Trang, một nơi nghỉ tuyệt vời phù hợp cho mọi kỳ nghỉ bên người thân.\n\nKhách sạn này là lựa chọn hoàn hảo cho các kỳ nghỉ mát lãng mạn hay tuần trăng mật của các cặp đôi. Quý khách hãy tận hưởng những đêm đáng nhớ nhất cùng người thương của mình tại Golden Hotel Nha Trang\n\nNếu dự định có một kỳ nghỉ dài, thì Golden Hotel Nha Trang chính là lựa chọn dành cho quý khách. Với đầy đủ tiện nghi với chất lượng dịch vụ tuyệt vời, Golden Hotel Nha Trang sẽ khiến quý khách cảm thấy thoải mái như đang ở nhà vậy.\n\nGolden Hotel Nha Trang là lựa chọn sáng giá dành cho những ai đang tìm kiếm một trải nghiệm xa hoa đầy thú vị trong kỳ nghỉ của mình. Lưu trú tại đây cũng là cách để quý khách chiều chuộng bản thân với những dịch vụ xuất sắc nhất và khiến kỳ nghỉ của mình trở nên thật đáng nhớ.\n\nDu lịch một mình cũng không hề kém phần thú vị và Golden Hotel Nha Trang là nơi thích hợp dành riêng cho những ai đề cao sự riêng tư trong kỳ lưu trú.\n\nDịch vụ tuyệt vời, cơ sở vật chất hoàn chỉnh và các tiện nghi nơi nghỉ cung cấp sẽ khiến quý khách không thể phàn nàn trong suốt kỳ lưu trú tại Golden Hotel Nha Trang.\n\nQuầy tiếp tân 24 giờ luôn sẵn sàng phục vụ quý khách từ thủ tục nhận phòng đến trả phòng hay bất kỳ yêu cầu nào. Nếu cần giúp đỡ xin hãy liên hệ đội ngũ tiếp tân, chúng tôi luôn sẵn sàng hỗ trợ quý khách.\n\nTận hưởng những món ăn yêu thích với phong cách ẩm thực đặc biệt từ Golden Hotel Nha Trang chỉ dành riêng cho quý khách.\n\nSóng WiFi phủ khắp các khu vực chung của nơi nghỉ cho phép quý khách luôn kết nối với gia đình và bè bạn.\n\nGolden Hotel Nha Trang là nơi nghỉ sở hữu đầy đủ tiện nghi và dịch vụ xuất sắc theo nhận định của hầu hết khách lưu trú.\n\nVới những tiện nghi sẵn có Golden Hotel Nha Trang thực sự là một nơi lưu trú hoàn hảo.',0,0,'Golden Hotel Nha Trang',4,'active','2025-10-14 16:12:03.658647','f5af1aa8-9c38-11f0-a7b7-0a6aab4924ab','3edb5675-9c39-11f0-a7b7-0a6aab4924ab','8c1da0c8-c7db-43ac-aab1-345b3eec9483','136','b718319a-6fce-4a35-81af-d71caba4a916','cf592960-9c38-11f0-a7b7-0a6aab4924ab','9b193c33-9c39-11f0-a7b7-0a6aab4924ab','60d7b795-9c39-11f0-a7b7-0a6aab4924ab',15),('50efb248-b3ec-4cee-a795-8d2800cf3ab2',NULL,'2025-11-18 16:13:16.209262','Khách sạn này là sự lựa chọn hoàn hảo cho các cặp đôi đang tìm kiếm một kỳ nghỉ lãng mạn hoặc một nơi nghỉ trăng mật. Tận hưởng những đêm đáng nhớ nhất với người yêu của bạn bằng cách ở tại Havana Airport Hotel.',0,0,'Khách sạn Sân bay Havana',0,'inactive','2025-11-18 16:13:19.814594','e0801285-9c3c-11f0-a7b7-0a6aab4924ab','ed1bbf4f-9c3c-11f0-a7b7-0a6aab4924ab','7c9eaeca-6792-4f4b-b6b3-fe7b591b3dc8','Chưa có địa chỉ','b718319a-6fce-4a35-81af-d71caba4a916','da840409-9c3c-11f0-a7b7-0a6aab4924ab','16e98cad-1c2b-4de9-9361-b3deaff2dcdc','fe0b995a-9c3c-11f0-a7b7-0a6aab4924ab',15),('55501b56-6dec-48e0-bac7-6d383f0bb1df',_binary '\0','2025-09-28 14:00:49.438760','Dù quý khách muốn tổ chức một sự kiện hay các dịp kỷ niệm đặc biệt khác, Quinter Central Hotel Nha Trang là lựa chọn tuyệt vời cho quý khách với phòng chức năng rộng lớn, được trang bị đầy đủ để sẵn sàng đáp ứng mọi yêu cầu.\n\n\nKhách sạn này là lựa chọn hoàn hảo cho các kỳ nghỉ mát lãng mạn hay tuần trăng mật của các cặp đôi. Quý khách hãy tận hưởng những đêm đáng nhớ nhất cùng người thương của mình tại Quinter Central Hotel Nha Trang\n\nQuinter Central Hotel Nha Trang là lựa chọn sáng giá dành cho những ai đang tìm kiếm một trải nghiệm xa hoa đầy thú vị trong kỳ nghỉ của mình. Lưu trú tại đây cũng là cách để quý khách chiều chuộng bản thân với những dịch vụ xuất sắc nhất và khiến kỳ nghỉ của mình trở nên thật đáng nhớ.\n\nMột trong những đặc điểm chính của khách sạn này là các liệu pháp spa đa dạng. Hãy nâng niu bản thân bằng các liệu pháp thư giãn, phục hồi giúp quý khách tươi trẻ thân, tâm.\n\nTừ sự kiện doanh nghiệp đến họp mặt công ty, Quinter Central Hotel Nha Trang cung cấp đầy đủ các dịch vụ và tiện nghi đáp ứng mọi nhu cầu của quý khách và đồng nghiệp.\n\nHãy tận hưởng thời gian vui vẻ cùng cả gia đình với hàng loạt tiện nghi giải trí tại Quinter Central Hotel Nha Trang, một khách sạn tuyệt vời phù hợp cho mọi kỳ nghỉ bên người thân.\n\nNếu dự định có một kỳ nghỉ dài, thì Quinter Central Hotel Nha Trang chính là lựa chọn dành cho quý khách. Với đầy đủ tiện nghi với chất lượng dịch vụ tuyệt vời, Quinter Central Hotel Nha Trang sẽ khiến quý khách cảm thấy thoải mái như đang ở nhà vậy.\n\nDu lịch một mình cũng không hề kém phần thú vị và Quinter Central Hotel Nha Trang là nơi thích hợp dành riêng cho những ai đề cao sự riêng tư trong kỳ lưu trú.\n\nDịch vụ thượng hạng song hành với hàng loạt tiện nghi phong phú sẽ đem đến cho quý khách trải nghiệm của một kỳ nghỉ viên mãn nhất.\n\nTrung tâm thể dục của khách sạn là một trong những tiện nghi không thể bỏ qua khi lưu trú tại đây.\n\nHưởng thụ một ngày thư thái đầy thú vị tại hồ bơi dù quý khách đang du lịch một mình hay cùng người thân.\n\nQuầy tiếp tân 24 giờ luôn sẵn sàng phục vụ quý khách từ thủ tục nhận phòng đến trả phòng hay bất kỳ yêu cầu nào. Nếu cần giúp đỡ xin hãy liên hệ đội ngũ tiếp tân, chúng tôi luôn sẵn sàng hỗ trợ quý khách.\n\nTận hưởng những món ăn yêu thích với phong cách ẩm thực đặc biệt từ Quinter Central Hotel Nha Trang chỉ dành riêng cho quý khách.\n\nSóng WiFi phủ khắp các khu vực chung của khách sạn cho phép quý khách luôn kết nối với gia đình và bè bạn.\n\nQuinter Central Hotel Nha Trang là khách sạn sở hữu đầy đủ tiện nghi và dịch vụ xuất sắc theo nhận định của hầu hết khách lưu trú.\n\nTận hưởng trải nghiệm lưu trú xa hoa đầy thú vị không đâu sánh bằng tại Quinter Central Hotel Nha Trang.',0,0,'Quinter Central Hotel Nha Trang',5,'active','2025-10-02 17:40:22.783310','f5af1aa8-9c38-11f0-a7b7-0a6aab4924ab','3edb5675-9c39-11f0-a7b7-0a6aab4924ab','dfab2141-972b-4594-8573-d70bff2f2c0d','86/4','b718319a-6fce-4a35-81af-d71caba4a916','cf592960-9c38-11f0-a7b7-0a6aab4924ab','e07392cb-9c39-11f0-a7b7-0a6aab4924ab','60d7be60-9c39-11f0-a7b7-0a6aab4924ab',15),('5bc2a74a-7f2d-458c-b0ea-c372d84b2c7a',_binary '\0','2025-09-28 14:25:35.106040','Khu nghỉ dưỡng này là sự lựa chọn hoàn hảo cho các cặp đôi đang tìm kiếm một kỳ nghỉ lãng mạn hoặc một nơi nghỉ trăng mật. Tận hưởng những đêm đáng nhớ nhất với người yêu của bạn bằng cách ở tại Non Nuoc Resort.\n\nNon Nuoc Resort là sự lựa chọn tuyệt vời cho những ai đang tìm kiếm một kỳ nghỉ sang trọng. Hãy nuông chiều bản thân với những dịch vụ tuyệt vời nhất và làm cho kỳ nghỉ của bạn đáng nhớ bằng cách ở lại đây.\n\nKhu nghỉ dưỡng này là địa điểm tốt nhất cho những ai mong muốn một kỳ nghỉ thanh bình và yên tĩnh, tránh xa đám đông.\n\n\nCó một ngày vui vẻ và thư giãn tại hồ bơi, cho dù bạn đi du lịch một mình hay với những người thân yêu của bạn.\n\nThưởng thức các món ăn yêu thích của bạn với các món ăn đặc biệt từ Non Nuoc Resort dành riêng cho bạn.\n\nWi-Fi có sẵn trong các khu vực công cộng của khách sạn để giúp bạn giữ liên lạc với gia đình và bạn bè.\n\nNon Nuoc Resort là sự lựa chọn lý tưởng cho những ai đang tìm kiếm một chỗ ở thoải mái nhưng giá cả phải chăng.',0,0,'Non Nuoc Resort',1,'active','2025-10-02 17:40:27.562123','5d73427e-9c3b-11f0-a7b7-0a6aab4924ab','b97ecc88-9c3b-11f0-a7b7-0a6aab4924ab','ea8b1105-d610-4d8c-9ff9-a71ed583d571','56-97','b718319a-6fce-4a35-81af-d71caba4a916','29966eb1-9c3b-11f0-a7b7-0a6aab4924ab','094ff487-9c3c-11f0-a7b7-0a6aab4924ab','da671c7a-9c3b-11f0-a7b7-0a6aab4924ab',15),('5e21cc09-34bf-4d44-a433-f4e759561070',NULL,'2025-11-18 15:43:09.797340','Lưu trú tại 3T Hotel Hanoi là một lựa chọn đúng đắn khi quý khách đến thăm Quận Ba Đình. Quầy tiếp tân 24 giờ luôn sẵn sàng phục vụ quý khách từ thủ tục nhận phòng đến trả phòng hay bất kỳ yêu cầu nào. Nếu cần giúp đỡ xin hãy liên hệ đội ngũ tiếp tân, chúng tôi luôn sẵn sàng hỗ trợ quý khách. Sóng WiFi phủ khắp các khu vực chung của khách sạn cho phép quý khách luôn kết nối với gia đình và bè bạn.',0,0,'3T Hotel Hanoi',0,'inactive','2025-11-18 15:43:11.513314','6bef0520-9c3f-11f0-a7b7-0a6aab4924ab','71ce30be-9c3f-11f0-a7b7-0a6aab4924ab','2bebfb48-ac4d-40ed-9b1d-3c182bbd4e8c','Chưa có địa chỉ','b718319a-6fce-4a35-81af-d71caba4a916','6701d2d6-9c3f-11f0-a7b7-0a6aab4924ab','521c75b7-148b-4a86-9a95-e4a5242a40f3','ed95865f-b7c4-4323-827a-402eec4726f6',15),('647100fd-632f-40aa-af09-44d3e2827258',_binary '\0','2025-09-28 13:31:36.910269','Best Western Premier Marvella Nha Trang là lựa chọn sáng giá dành cho những ai đang tìm kiếm một trải nghiệm xa hoa đầy thú vị trong kỳ nghỉ của mình. Lưu trú tại đây cũng là cách để quý khách chiều chuộng bản thân với những dịch vụ xuất sắc nhất và khiến kỳ nghỉ của mình trở nên thật đáng nhớ.\n\nDịch vụ thượng hạng song hành với hàng loạt tiện nghi phong phú sẽ đem đến cho quý khách trải nghiệm của một kỳ nghỉ viên mãn nhất.\n\nTrung tâm thể dục của khách sạn là một trong những tiện nghi không thể bỏ qua khi lưu trú tại đây.\n\nHưởng thụ một ngày thư thái đầy thú vị tại hồ bơi dù quý khách đang du lịch một mình hay cùng người thân.\n\nNhận ưu đãi đặc biệt dành cho các liệu pháp spa tinh tuý nhất giúp thư giãn tinh thần và làm tươi trẻ cơ thể.\n\nQuầy tiếp tân 24 giờ luôn sẵn sàng phục vụ quý khách từ thủ tục nhận phòng đến trả phòng hay bất kỳ yêu cầu nào. Nếu cần giúp đỡ xin hãy liên hệ đội ngũ tiếp tân, chúng tôi luôn sẵn sàng hỗ trợ quý khách.\n\nTận hưởng những món ăn yêu thích với phong cách ẩm thực đặc biệt từ Best Western Premier Marvella Nha Trang chỉ dành riêng cho quý khách.\n\nSóng WiFi phủ khắp các khu vực chung của khách sạn cho phép quý khách luôn kết nối với gia đình và bè bạn.\n\nBest Western Premier Marvella Nha Trang là khách sạn sở hữu đầy đủ tiện nghi và dịch vụ xuất sắc theo nhận định của hầu hết khách lưu trú.\n\nHãy sẵn sàng đón nhận những giây phút vô giá khó phai trong suốt kỳ nghỉ của quý khách tại Best Western Premier Marvella Nha Trang.',0,0,'Best Western Premier Marvella Nha Trang',2,'active','2025-10-02 17:40:32.268781','f5af1aa8-9c38-11f0-a7b7-0a6aab4924ab','3edb5675-9c39-11f0-a7b7-0a6aab4924ab','3f295167-bcaa-47be-8d68-6d4479044a13','102B','b718319a-6fce-4a35-81af-d71caba4a916','cf592960-9c38-11f0-a7b7-0a6aab4924ab','9b193651-9c39-11f0-a7b7-0a6aab4924ab','60d7b795-9c39-11f0-a7b7-0a6aab4924ab',15),('65f0ce49-5000-4a68-9f0c-10c485bf7001',_binary '\0','2025-09-28 14:13:19.383521','iãn, phục hồi giúp quý khách tươi trẻ thân, tâm.\n\nTừ sự kiện doanh nghiệp đến họp mặt công ty, Pandanus Resort cung cấp đầy đủ các dịch vụ và tiện nghi đáp ứng mọi nhu cầu của quý khách và đồng nghiệp.\n\nHãy tận hưởng thời gian vui vẻ cùng cả gia đình với hàng loạt tiện nghi giải trí tại Pandanus Resort, một nơi nghỉ tuyệt vời phù hợp cho mọi kỳ nghỉ bên người thân.\n\nNếu dự định có một kỳ nghỉ dài, thì Pandanus Resort chính là lựa chọn dành cho quý khách. Với đầy đủ tiện nghi với chất lượng dịch vụ tuyệt vời, Pandanus Resort sẽ khiến quý khách cảm thấy thoải mái như đang ở nhà vậy.\n\nKhách sạn này là nơi tốt nhất dành cho những ai mong muốn một nơi thanh bình, thư thái để ẩn mình khỏi đám đông ồn ã, xô bồ.\n\nHãy sẵn sàng đón nhận trải nghiệm khó quên bằng dịch vụ độc đáo và hoàn hảo của nơi nghỉ cùng các tiện nghi đầy đủ, đáp ứng mọi nhu cầu của quý khách.\n\nTrung tâm thể dục của nơi nghỉ là một trong những tiện nghi không thể bỏ qua khi lưu trú tại đây.\n\nHưởng thụ một ngày thư thái đầy thú vị tại hồ bơi dù quý khách đang du lịch một mình hay cùng người thân.\n\nNhận ưu đãi đặc biệt dành cho các liệu pháp spa tinh tuý nhất giúp thư giãn tinh thần và làm tươi trẻ cơ thể.\n\nQuầy tiếp tân 24 giờ luôn sẵn sàng phục vụ quý khách từ thủ tục nhận phòng đến trả phòng hay bất kỳ yêu cầu nào. Nếu cần giúp đỡ xin hãy liên hệ đội ngũ tiếp tân, chúng tôi luôn sẵn sàng hỗ trợ quý khách.\n\nTận hưởng những món ăn yêu thích với phong cách ẩm thực đặc biệt từ Pandanus Resort chỉ dành riêng cho quý khách.\n\nSóng WiFi phủ khắp các khu vực chung của nơi nghỉ cho phép quý khách luôn kết nối với gia đình và bè bạn.\n\nPandanus Resort là nơi nghỉ sở hữu đầy đủ tiện nghi và dịch vụ xuất sắc theo nhận định của hầu hết khách lưu trú.\n\nHãy sẵn sàng đón nhận những giây phút vô giá khó phai trong suốt kỳ nghỉ của quý khách tại Pandanus Resort.',0,0,'Pandanus Resort',5,'active','2025-10-02 17:40:39.043776','5d73427e-9c3b-11f0-a7b7-0a6aab4924ab','b97ecc88-9c3b-11f0-a7b7-0a6aab4924ab','05c7b8e6-9de4-4970-a8ea-174c6add1306','54','b718319a-6fce-4a35-81af-d71caba4a916','29966eb1-9c3b-11f0-a7b7-0a6aab4924ab','07c7cf8f-9c3c-11f0-a7b7-0a6aab4924ab','d94b2498-9c3b-11f0-a7b7-0a6aab4924ab',15),('6a5f7d70-3d0e-4c6c-8648-48e9bdc35d55',NULL,'2025-11-17 18:10:37.957387','Nằm tại trung tâm quận Hai Bà Trưng, Hà Nội, Ha Noi Le Grand Hotel là một điểm dừng chân lý tưởng cho du khách đến thăm thủ đô. Được đánh giá là khách sạn 3.0 sao, Ha Noi Le Grand Hotel nổi bật với sự sang trọng và tiện nghi hiện đại. Với sự kết hợp hoàn hảo giữa kiến trúc truyền thống và phong cách hiện đại, khách sạn mang đến cho du khách trải nghiệm nghỉ ngơi tuyệt vời giữa lòng phố cổ.',0,0,'Ha Noi Le Grand Hotel',0,'inactive','2025-11-17 18:19:28.061352','6bef0520-9c3f-11f0-a7b7-0a6aab4924ab','e69d54c0-42d6-48fa-8573-6b9260fea7b9','2bebfb48-ac4d-40ed-9b1d-3c182bbd4e8c','Chưa có địa chỉ','b718319a-6fce-4a35-81af-d71caba4a916','6701d2d6-9c3f-11f0-a7b7-0a6aab4924ab','3c7b7ccd-0edc-442b-80a2-b7418ce6d278','91be3f69-658b-4754-ab21-0208278b4082',15),('6acaf39d-a06c-4d7a-b140-b2b2d44fbf65',_binary '\0','2025-09-28 09:29:21.988046','Dịch vụ thượng hạng song hành với hàng loạt tiện nghi phong phú sẽ đem đến cho quý khách trải nghiệm của một kỳ nghỉ viên mãn nhất.\n\nTrung tâm thể dục của khách sạn là một trong những tiện nghi không thể bỏ qua khi lưu trú tại đây.\n\nHưởng thụ một ngày thư thái đầy thú vị tại hồ bơi dù quý khách đang du lịch một mình hay cùng người thân.\n\nNhận ưu đãi đặc biệt dành cho các liệu pháp spa tinh tuý nhất giúp thư giãn tinh thần và làm tươi trẻ cơ thể.\n\nQuầy tiếp tân 24 giờ luôn sẵn sàng phục vụ quý khách từ thủ tục nhận phòng đến trả phòng hay bất kỳ yêu cầu nào. Nếu cần giúp đỡ xin hãy liên hệ đội ngũ tiếp tân, chúng tôi luôn sẵn sàng hỗ trợ quý khách.\n\nTận hưởng những món ăn yêu thích với phong cách ẩm thực đặc biệt từ Hyatt Regency Danang Resort and Spa chỉ dành riêng cho quý khách.\n\nHyatt Regency Danang Resort and Spa là khách sạn sở hữu đầy đủ tiện nghi và dịch vụ xuất sắc theo nhận định của hầu hết khách lưu trú.\n\nHãy sẵn sàng đón nhận những giây phút vô giá khó phai trong suốt kỳ nghỉ của quý khách tại Hyatt Regency Danang Resort and Spa.',0,0,'Hyatt Regency Danang Resort & Spa',1,'active','2025-10-02 17:40:44.231874','b491043b-97ce-11f0-a7b7-0a6aab4924ab','9d0e463c-97d2-11f0-a7b7-0a6aab4924ab','e668d229-86a7-4d13-a724-a71fc5da18a3','5','b718319a-6fce-4a35-81af-d71caba4a916','1fe5846e-931a-440a-9e88-ffe6896df192','4fa712da-988d-11f0-a7b7-0a6aab4924ab','2aa9d16d-97d4-11f0-a7b7-0a6aab4924ab',15),('70ec9338-8afb-4cd9-be50-8726b949bd6e',_binary '\0','2025-09-28 14:22:54.226554','Dù bạn đang lên kế hoạch cho một sự kiện hay những dịp đặc biệt khác, Saigon Mui Ne Resort là một lựa chọn tuyệt vời dành cho bạn với một phòng chức năng lớn và được trang bị đầy đủ để đáp ứng các yêu cầu của bạn.\r\n\r\nKhách sạn này là sự lựa chọn hoàn hảo cho các cặp đôi đang tìm kiếm một kỳ nghỉ lãng mạn hoặc một nơi nghỉ dưỡng hưởng tuần trăng mật. Tận hưởng những đêm đáng nhớ nhất với người yêu của bạn bằng cách ở tại Saigon Mui Ne Resort.\r\n\r\nSaigon Mui Ne Resort là sự lựa chọn tuyệt vời cho những ai đang tìm kiếm một kỳ nghỉ sang trọng. Hãy nuông chiều bản thân với những dịch vụ tuyệt vời nhất và làm cho kỳ nghỉ của bạn đáng nhớ bằng cách ở lại đây.\r\n\r\nBạn là một người nghiện mua sắm? Ở tại Saigon Mui Ne Resort chắc chắn sẽ làm bạn thích thú với nhiều trung tâm mua sắm gần đó.\r\n\r\nLiệu pháp spa là một trong những tính năng chính của khách sạn. Hãy nuông chiều bản thân với liệu pháp thư giãn giúp bạn trẻ hóa.\r\n\r\nKhi ở tại một khách sạn, thiết kế và kiến trúc là hai yếu tố quan trọng có thể làm hài lòng bạn. Với thiết kế độc đáo, Saigon Mui Ne Resort mang đến một chỗ ở dễ chịu cho kỳ nghỉ của bạn.\r\n\r\nTừ sự kiện kinh doanh đến các buổi họp mặt của công ty, Saigon Mui Ne Resort cung cấp các dịch vụ và tiện nghi đầy đủ mà bạn và đồng nghiệp của bạn cần.\r\n\r\nHãy vui vẻ với nhiều tiện nghi giải trí khác nhau dành cho bạn và cả gia đình tại Saigon Mui Ne Resort, một chỗ ở tuyệt vời cho kỳ nghỉ gia đình của bạn.\r\n\r\nNếu bạn dự định có một kỳ nghỉ dài hạn, ở tại Saigon Mui Ne Resort là sự lựa chọn phù hợp dành cho bạn. Cung cấp nhiều tiện nghi và chất lượng dịch vụ tuyệt vời, chỗ ở này chắc chắn sẽ khiến bạn cảm thấy như ở nhà.\r\n\r\nTrong khi đi du lịch với bạn bè có thể rất vui, thì việc đi du lịch một mình lại có những lợi ích riêng. Đối với chỗ ở, Saigon Mui Ne Resort phù hợp với những người coi trọng sự riêng tư trong thời gian lưu trú.\r\n\r\nKhách sạn này là địa điểm tốt nhất cho những ai mong muốn một kỳ nghỉ thanh bình và yên tĩnh, tránh xa đám đông.\r\n\r\nHãy sẵn sàng để có được trải nghiệm lưu trú khó quên bằng dịch vụ độc quyền của nó, được hoàn thiện bởi một loạt các tiện nghi để phục vụ mọi nhu cầu của bạn.\r\n\r\nTrung tâm thể dục của khách sạn là một điều bạn phải thử trong thời gian bạn ở đây.\r\n\r\nCó một ngày vui vẻ và thư giãn tại hồ bơi, cho dù bạn đi du lịch một mình hay với những người thân yêu của bạn.\r\n\r\nNhận ưu đãi tốt nhất cho chất lượng tốt nhất của liệu pháp spa để thư giãn và trẻ hóa bản thân.\r\n\r\nQuầy lễ tân 24 giờ luôn sẵn sàng phục vụ bạn, từ nhận phòng đến trả phòng hoặc bất kỳ sự hỗ trợ nào bạn cần. Nếu bạn muốn nhiều hơn, đừng ngần ngại hỏi quầy lễ tân, chúng tôi luôn sẵn sàng phục vụ bạn.\r\n\r\nThưởng thức các món ăn yêu thích của bạn với các món ăn đặc biệt từ Saigon Mui Ne Resort dành riêng cho bạn.\r\n\r\nWi-Fi có sẵn trong các khu vực công cộng của khách sạn để giúp bạn kết nối với gia đình và bạn bè.\r\n\r\nSaigon Mui Ne Resort là một khách sạn có sự thoải mái tuyệt vời và dịch vụ tuyệt vời theo ý kiến của hầu hết khách sạn.\r\n\r\nCó được những khoảnh khắc quý giá và khó quên trong thời gian bạn ở tại Saigon Mui Ne Resort.',0,0,'Saigon Mui Ne Resort',3,'active','2025-11-19 06:47:13.859116','5d73427e-9c3b-11f0-a7b7-0a6aab4924ab','b97ecc88-9c3b-11f0-a7b7-0a6aab4924ab','d70da15a-914a-4910-b7dd-e69e5e5f26c8','56-97','b718319a-6fce-4a35-81af-d71caba4a916','29966eb1-9c3b-11f0-a7b7-0a6aab4924ab','032f0393-9c3c-11f0-a7b7-0a6aab4924ab','d7ab9dcb-9c3b-11f0-a7b7-0a6aab4924ab',15),('892991e9-ad1c-4831-bfa9-fae1820c5719',_binary '\0','2025-09-28 09:32:10.541519','Không phải tất cả các khách sạn đều cho phép khách mang theo vật nuôi, nhưng Wink Hotel Danang Centre - 24hrs Lifestyle Stay chào đón người bạn lông xù của bạn bằng chính sách đặc biệt của mình. Khách sạn thân thiện với vật nuôi này cho phép bạn tận hưởng kỳ nghỉ mà không phải lo lắng về việc để vật nuôi ở nhà.\n\nHãy sẵn sàng để có được trải nghiệm lưu trú khó quên với dịch vụ độc quyền của nó, được hoàn thiện bởi một loạt các tiện nghi để phục vụ mọi nhu cầu của bạn.\n\nTrung tâm thể dục của khách sạn là một điều bạn phải thử trong thời gian lưu trú tại đây.\n\nQuầy lễ tân 24 giờ luôn sẵn sàng phục vụ bạn, từ nhận phòng đến trả phòng hoặc bất kỳ sự hỗ trợ nào bạn cần. Nếu bạn muốn nhiều hơn, đừng ngần ngại hỏi quầy lễ tân, chúng tôi luôn sẵn sàng phục vụ bạn.\n\nThưởng thức các món ăn yêu thích của bạn với các món ăn đặc biệt từ Wink Hotel Danang Centre - 24hrs Lifestyle Stay dành riêng cho bạn.\n\nWi-Fi có sẵn trong các khu vực công cộng của chỗ ở để giúp bạn giữ liên lạc với gia đình và bạn bè.\n\nWink Hotel Danang Centre - 24hrs Lifestyle Stay là một khách sạn có sự thoải mái tuyệt vời và dịch vụ tuyệt vời theo hầu hết khách của khách sạn.\n\nTận hưởng những món ngon sang trọng và trải nghiệm vô song bằng cách ở tại Wink Hotel Danang Centre - 24hrs Lifestyle Stay.',0,0,'Wink Hotel Danang Centre - Chỗ ở theo phong cách sống 24 giờ',1,'active','2025-10-02 17:40:58.799221','b491043b-97ce-11f0-a7b7-0a6aab4924ab','9d0e4439-97d2-11f0-a7b7-0a6aab4924ab','a9a40c85-a35b-4a4c-b0b5-2dd8130f29cc','178','b718319a-6fce-4a35-81af-d71caba4a916','1fe5846e-931a-440a-9e88-ffe6896df192','623a01ab-988d-11f0-a7b7-0a6aab4924ab','a3b74e7b-97d3-11f0-a7b7-0a6aab4924ab',15),('8b255ed6-0832-493e-afaf-73d198a7a910',_binary '\0','2025-09-28 13:22:37.912757','Dành cho những du khách muốn du lịch thoải mái cùng ngân sách tiết kiệm, Virgo Hotel Nha Trang sẽ là lựa chọn lưu trú hoàn hảo, nơi cung cấp các tiện nghi chất lượng và dịch vụ tuyệt vời.\n\nTừ sự kiện doanh nghiệp đến họp mặt công ty, Virgo Hotel Nha Trang cung cấp đầy đủ các dịch vụ và tiện nghi đáp ứng mọi nhu cầu của quý khách và đồng nghiệp.\n\nHãy tận hưởng thời gian vui vẻ cùng cả gia đình với hàng loạt tiện nghi giải trí tại Virgo Hotel Nha Trang, một khách sạn tuyệt vời phù hợp cho mọi kỳ nghỉ bên người thân.\n\nKhách sạn này là lựa chọn hoàn hảo cho các kỳ nghỉ mát lãng mạn hay tuần trăng mật của các cặp đôi. Quý khách hãy tận hưởng những đêm đáng nhớ nhất cùng người thương của mình tại Virgo Hotel Nha Trang\n\nNếu dự định có một kỳ nghỉ dài, thì Virgo Hotel Nha Trang chính là lựa chọn dành cho quý khách. Với đầy đủ tiện nghi với chất lượng dịch vụ tuyệt vời, Virgo Hotel Nha Trang sẽ khiến quý khách cảm thấy thoải mái như đang ở nhà vậy.\n\nDu lịch một mình cũng không hề kém phần thú vị và Virgo Hotel Nha Trang là nơi thích hợp dành riêng cho những ai đề cao sự riêng tư trong kỳ lưu trú.\n\n\nTrung tâm thể dục của khách sạn là một trong những tiện nghi không thể bỏ qua khi lưu trú tại đây.\n\nHưởng thụ một ngày thư thái đầy thú vị tại hồ bơi dù quý khách đang du lịch một mình hay cùng người thân.\n\nQuầy tiếp tân 24 giờ luôn sẵn sàng phục vụ quý khách từ thủ tục nhận phòng đến trả phòng hay bất kỳ yêu cầu nào. Nếu cần giúp đỡ xin hãy liên hệ đội ngũ tiếp tân, chúng tôi luôn sẵn sàng hỗ trợ quý khách.\n\nTận hưởng những món ăn yêu thích với phong cách ẩm thực đặc biệt từ Virgo Hotel Nha Trang chỉ dành riêng cho quý khách.\n\nSóng WiFi phủ khắp các khu vực chung của khách sạn cho phép quý khách luôn kết nối với gia đình và bè bạn.\n\nVirgo Hotel Nha Trang là khách sạn sở hữu đầy đủ tiện nghi và dịch vụ xuất sắc theo nhận định của hầu hết khách lưu trú.\n\nHãy sẵn sàng đón nhận những giây phút vô giá khó phai trong suốt kỳ nghỉ của quý khách tại Virgo Hotel Nha Trang.',0,0,'Virgo Hotel Nha Trang',1,'active','2025-10-02 17:41:04.015674','f5af1aa8-9c38-11f0-a7b7-0a6aab4924ab','3edb5675-9c39-11f0-a7b7-0a6aab4924ab','1a8e0ec3-05ab-4b8a-adb7-5f93f4ca44e8','39-41','b718319a-6fce-4a35-81af-d71caba4a916','cf592960-9c38-11f0-a7b7-0a6aab4924ab','abd989d6-9c39-11f0-a7b7-0a6aab4924ab','60d7bc7a-9c39-11f0-a7b7-0a6aab4924ab',15),('94828204-8c36-4f7d-ab61-e4c5b36d71f5',_binary '\0','2025-09-28 13:45:24.569880','Dịch vụ thượng hạng song hành với hàng loạt tiện nghi phong phú sẽ đem đến cho quý khách trải nghiệm của một kỳ nghỉ viên mãn nhất.\n\nTrung tâm thể dục của khách sạn là một trong những tiện nghi không thể bỏ qua khi lưu trú tại đây.\n\nHưởng thụ một ngày thư thái đầy thú vị tại hồ bơi dù quý khách đang du lịch một mình hay cùng người thân.\n\nNhận ưu đãi đặc biệt dành cho các liệu pháp spa tinh tuý nhất giúp thư giãn tinh thần và làm tươi trẻ cơ thể.\n\nQuầy tiếp tân 24 giờ luôn sẵn sàng phục vụ quý khách từ thủ tục nhận phòng đến trả phòng hay bất kỳ yêu cầu nào. Nếu cần giúp đỡ xin hãy liên hệ đội ngũ tiếp tân, chúng tôi luôn sẵn sàng hỗ trợ quý khách.\n\nTận hưởng những món ăn yêu thích với phong cách ẩm thực đặc biệt từ Sheraton Nha Trang Hotel & Spa chỉ dành riêng cho quý khách.\n\nSheraton Nha Trang Hotel & Spa là khách sạn sở hữu đầy đủ tiện nghi và dịch vụ xuất sắc theo nhận định của hầu hết khách lưu trú.\n\nTận hưởng trải nghiệm lưu trú xa hoa đầy thú vị không đâu sánh bằng tại Sheraton Nha Trang Hotel & Spa.',0,0,'Khách sạn Sheraton Nha Trang',5,'active','2025-10-02 17:41:09.294710','f5af1aa8-9c38-11f0-a7b7-0a6aab4924ab','3edb5675-9c39-11f0-a7b7-0a6aab4924ab','3f372b5f-8b93-4017-bafe-2d6f5d163b3d','26-28','b718319a-6fce-4a35-81af-d71caba4a916','cf592960-9c38-11f0-a7b7-0a6aab4924ab','9b193651-9c39-11f0-a7b7-0a6aab4924ab','60d7b795-9c39-11f0-a7b7-0a6aab4924ab',15),('a3f9e082-3e7a-4e2c-91fb-49b81fdd0dcb',_binary '\0','2025-09-27 02:30:54.922095','Cho dù bạn đang lên kế hoạch cho một sự kiện hay những dịp đặc biệt khác, Melia Vinpearl Danang Riverfront là một lựa chọn tuyệt vời cho bạn với một phòng chức năng lớn và được trang bị tốt để phù hợp với yêu cầu của bạn.\n\nMelia Vinpearl Danang Riverfront là sự lựa chọn tuyệt vời cho những ai đang tìm kiếm một kỳ nghỉ sang trọng. Hãy nuông chiều bản thân với những dịch vụ tuyệt vời nhất và làm cho kỳ nghỉ của bạn đáng nhớ bằng cách ở lại đây.\n\nTừ sự kiện kinh doanh đến các cuộc họp công ty, Melia Vinpearl Danang Riverfront cung cấp các dịch vụ và tiện nghi đầy đủ mà bạn và đồng nghiệp của bạn cần.\n\nHãy vui vẻ với nhiều tiện nghi giải trí khác nhau dành cho bạn và cả gia đình tại Melia Vinpearl Danang Riverfront, một chỗ ở tuyệt vời cho kỳ nghỉ gia đình của bạn.\n\nNếu bạn dự định có một kỳ nghỉ dài hạn, việc ở lại Melia Vinpearl Danang Riverfront là lựa chọn phù hợp với bạn. Cung cấp nhiều tiện nghi và chất lượng dịch vụ tuyệt vời, chỗ ở này chắc chắn sẽ khiến bạn cảm thấy như ở nhà.\n\nTrong khi đi du lịch với bạn bè có thể rất vui, thì việc đi du lịch một mình lại có những đặc quyền riêng. Đối với chỗ ở, Melia Vinpearl Danang Riverfront phù hợp với những người coi trọng sự riêng tư trong thời gian lưu trú của bạn.\n\nKhách sạn này là địa điểm tốt nhất cho những ai mong muốn một kỳ nghỉ thanh bình và yên tĩnh, cách xa đám đông.\n\nDịch vụ chất lượng cao nhất cùng với các tiện nghi phong phú sẽ giúp bạn có được trải nghiệm kỳ nghỉ tuyệt vời nhất.\n\nQuầy lễ tân 24 giờ luôn sẵn sàng phục vụ bạn, từ nhận phòng đến trả phòng hoặc bất kỳ sự hỗ trợ nào bạn cần. Nếu bạn muốn nhiều hơn, đừng ngần ngại hỏi quầy lễ tân, chúng tôi luôn sẵn sàng phục vụ bạn.\n\nThưởng thức các món ăn yêu thích của bạn với các món ăn đặc biệt từ Melia Vinpearl Danang Riverfront dành riêng cho bạn.\n\nWi-Fi có sẵn trong các khu vực công cộng của khách sạn để giúp bạn kết nối với gia đình và bạn bè.\n\nMelia Vinpearl Danang Riverfront là một khách sạn có sự thoải mái tuyệt vời và dịch vụ tuyệt vời theo hầu hết khách của khách sạn.\n\nTận hưởng những trải nghiệm sang trọng và không thể so sánh bằng cách ở lại Melia Vinpearl Danang Riverfront.',0,0,'Melia Vinpearl Danang Riverfront',2,'active','2025-10-02 17:41:14.160060','b491043b-97ce-11f0-a7b7-0a6aab4924ab','9d0e4548-97d2-11f0-a7b7-0a6aab4924ab','5d326b73-a061-4e3e-bb77-345e31fa83a2','341','b718319a-6fce-4a35-81af-d71caba4a916','1fe5846e-931a-440a-9e88-ffe6896df192','bf89f7b6-988c-11f0-a7b7-0a6aab4924ab','04c72dda-97d4-11f0-a7b7-0a6aab4924ab',15),('aa7c737b-56d7-4c48-ad04-76b02a1caa07',_binary '\0','2025-09-27 02:42:37.357536','Không chỉ nằm trong tầm tay dễ dàng đến các địa điểm tham quan khác nhau cho cuộc phiêu lưu của bạn, mà việc ở tại Raon Danang Beach Hotel - STAY 24H cũng sẽ mang đến cho bạn một kỳ nghỉ dễ chịu.\n\nRaon Danang Beach Hotel - STAY 24H rất được khuyến khích cho những người đi du lịch ba lô, những người muốn có một kỳ nghỉ giá cả phải chăng nhưng vẫn thoải mái.\n\nĐối với bạn, những du khách muốn đi du lịch thoải mái với ngân sách, Raon Danang Beach Hotel - STAY 24H là nơi hoàn hảo để ở, nơi cung cấp các tiện nghi đầy đủ cũng như các dịch vụ tuyệt vời.\n\nKhách sạn này là sự lựa chọn hoàn hảo cho các cặp đôi đang tìm kiếm một kỳ nghỉ lãng mạn hoặc một nơi nghỉ trăng mật. Tận hưởng những đêm đáng nhớ nhất với người yêu của bạn bằng cách ở tại Raon Danang Beach Hotel - STAY 24H.\n\nTừ sự kiện kinh doanh đến các buổi họp mặt của công ty, Raon Danang Beach Hotel - STAY 24H cung cấp các dịch vụ và tiện nghi đầy đủ mà bạn và đồng nghiệp của bạn cần.\n\nHãy vui vẻ với nhiều tiện nghi giải trí khác nhau dành cho bạn và cả gia đình tại Raon Danang Beach Hotel - STAY 24H, một chỗ ở tuyệt vời cho kỳ nghỉ gia đình của bạn.\n\nNếu bạn dự định có một kỳ nghỉ dài hạn, việc ở tại Raon Danang Beach Hotel - STAY 24H là sự lựa chọn đúng đắn dành cho bạn. Cung cấp nhiều tiện nghi và chất lượng dịch vụ tuyệt vời, chỗ ở này chắc chắn sẽ khiến bạn cảm thấy như ở nhà.\n\nTrong khi đi du lịch với bạn bè có thể rất vui, thì việc đi du lịch một mình lại có những đặc quyền riêng. Đối với chỗ ở, Raon Danang Beach Hotel - STAY 24H phù hợp với những người coi trọng sự riêng tư trong thời gian lưu trú của bạn.\n\nDịch vụ tuyệt vời cùng với nhiều tiện nghi được cung cấp sẽ khiến bạn không phàn nàn trong suốt thời gian lưu trú tại Raon Danang Beach Hotel - STAY 24H.\n\nCó một ngày vui vẻ và thư giãn tại hồ bơi, cho dù bạn đi du lịch một mình hay với những người thân yêu của mình.\n\nQuầy lễ tân 24 giờ luôn sẵn sàng phục vụ bạn, từ nhận phòng đến trả phòng hoặc bất kỳ sự hỗ trợ nào bạn cần. Nếu bạn muốn nhiều hơn, đừng ngần ngại hỏi quầy lễ tân, chúng tôi luôn sẵn sàng phục vụ bạn.\n\nThưởng thức các món ăn yêu thích của bạn với các món ăn đặc biệt từ Raon Danang Beach Hotel - STAY 24H dành riêng cho bạn.\n\nWi-Fi có sẵn trong các khu vực công cộng của khách sạn để giúp bạn giữ liên lạc với gia đình và bạn bè.\n\nRaon Danang Beach Hotel - STAY 24H là một khách sạn có sự thoải mái tuyệt vời và dịch vụ tuyệt vời theo ý kiến của hầu hết khách của khách sạn.\n\nVới tất cả các tiện nghi được cung cấp, Raon Danang Beach Hotel - STAY 24H là nơi thích hợp để ở.',0,0,'Khách sạn Raon Danang Beach - Ở 24H',5,'active','2025-10-02 17:41:24.315470','b491043b-97ce-11f0-a7b7-0a6aab4924ab','9d0e463c-97d2-11f0-a7b7-0a6aab4924ab','a5807d7b-3ead-4859-8b4b-b8810df23d2a','5-7','b718319a-6fce-4a35-81af-d71caba4a916','1fe5846e-931a-440a-9e88-ffe6896df192','77867a3a-9b4b-11f0-a7b7-0a6aab4924ab','2aa9cc79-97d4-11f0-a7b7-0a6aab4924ab',15),('aa934a59-13e0-447d-8b0f-df8f07bcf40b',_binary '\0','2025-09-28 14:10:15.532568','Khách sạn này là lựa chọn hoàn hảo cho các kỳ nghỉ mát lãng mạn hay tuần trăng mật của các cặp đôi. Quý khách hãy tận hưởng những đêm đáng nhớ nhất cùng người thương của mình tại Muong Thanh Holiday Mui Ne Hotel\r\n\r\nMuong Thanh Holiday Mui Ne Hotel là lựa chọn sáng giá dành cho những ai đang tìm kiếm một trải nghiệm xa hoa đầy thú vị trong kỳ nghỉ của mình. Lưu trú tại đây cũng là cách để quý khách chiều chuộng bản thân với những dịch vụ xuất sắc nhất và khiến kỳ nghỉ của mình trở nên thật đáng nhớ.\r\n\r\nTừ sự kiện doanh nghiệp đến họp mặt công ty, Muong Thanh Holiday Mui Ne Hotel cung cấp đầy đủ các dịch vụ và tiện nghi đáp ứng mọi nhu cầu của quý khách và đồng nghiệp.\r\n\r\nHãy tận hưởng thời gian vui vẻ cùng cả gia đình với hàng loạt tiện nghi giải trí tại Muong Thanh Holiday Mui Ne Hotel, một khách sạn tuyệt vời phù hợp cho mọi kỳ nghỉ bên người thân.\r\n\r\nHãy sẵn sàng đón nhận trải nghiệm khó quên bằng dịch vụ độc đáo và hoàn hảo của khách sạn cùng các tiện nghi đầy đủ, đáp ứng mọi nhu cầu của quý khách.\r\n\r\nQuầy tiếp tân 24 giờ luôn sẵn sàng phục vụ quý khách từ thủ tục nhận phòng đến trả phòng hay bất kỳ yêu cầu nào. Nếu cần giúp đỡ xin hãy liên hệ đội ngũ tiếp tân, chúng tôi luôn sẵn sàng hỗ trợ quý khách.\r\n\r\nTận hưởng những món ăn yêu thích với phong cách ẩm thực đặc biệt từ Muong Thanh Holiday Mui Ne Hotel chỉ dành riêng cho quý khách.\r\n\r\nSóng WiFi phủ khắp các khu vực chung của khách sạn cho phép quý khách luôn kết nối với gia đình và bè bạn.\r\n\r\nMuong Thanh Holiday Mui Ne Hotel là khách sạn sở hữu đầy đủ tiện nghi và dịch vụ xuất sắc theo nhận định của hầu hết khách lưu trú.\r\n\r\nHãy sẵn sàng đón nhận những giây phút vô giá khó phai trong suốt kỳ nghỉ của quý khách tại Muong Thanh Holiday Mui Ne Hotel.',0,0,'Khách sạn Muong Thanh Holiday Mui Ne',5,'active','2025-11-19 02:39:01.004247','5d73427e-9c3b-11f0-a7b7-0a6aab4924ab','b97ecc88-9c3b-11f0-a7b7-0a6aab4924ab','033162a5-6898-40ea-afeb-1a68a1a91b0a','54','b718319a-6fce-4a35-81af-d71caba4a916','29966eb1-9c3b-11f0-a7b7-0a6aab4924ab','032f50d9-9c3c-11f0-a7b7-0a6aab4924ab','d7ab9dcb-9c3b-11f0-a7b7-0a6aab4924ab',15),('b64af598-ddd9-4368-ac51-5c1e70f5b407',NULL,'2025-11-18 16:17:19.760125','Lưu trú tại Cuong Thanh 3 Hotel là một lựa chọn đúng đắn khi quý khách đến thăm Phường 12. Quầy tiếp tân 24 giờ luôn sẵn sàng phục vụ quý khách từ thủ tục nhận phòng đến trả phòng hay bất kỳ yêu cầu nào. Nếu cần giúp đỡ xin hãy liên hệ đội ngũ tiếp tân, chúng tôi luôn sẵn sàng hỗ trợ quý khách. Sóng WiFi phủ khắp các khu vực chung của khách sạn cho phép quý khách luôn kết nối với gia đình và bè bạn.',0,0,'Khách sạn Cuong Thanh 3',0,'inactive','2025-11-18 16:17:23.356034','e0801285-9c3c-11f0-a7b7-0a6aab4924ab','3903b90e-7fe6-4b85-8354-2b704776b14a','7c9eaeca-6792-4f4b-b6b3-fe7b591b3dc8','Chưa có địa chỉ','b718319a-6fce-4a35-81af-d71caba4a916','da840409-9c3c-11f0-a7b7-0a6aab4924ab','f20c15c1-fa8a-464a-8b9a-deec37ce307b','a2e41973-b411-49c3-88cb-9dad66bedfce',15),('cb11bc6f-e586-4e08-b3cd-f04ba2ea0889',_binary '\0','2025-09-27 02:57:04.621732','ành cho những du khách muốn du lịch thoải mái cùng ngân sách tiết kiệm, Seashore Hotel & Apartment sẽ là lựa chọn lưu trú hoàn hảo, nơi cung cấp các tiện nghi chất lượng và dịch vụ tuyệt vời.\n\nKhách sạn này là lựa chọn hoàn hảo cho các kỳ nghỉ mát lãng mạn hay tuần trăng mật của các cặp đôi. Quý khách hãy tận hưởng những đêm đáng nhớ nhất cùng người thương của mình tại Seashore Hotel & Apartment\n\nSeashore Hotel & Apartment là lựa chọn sáng giá dành cho những ai đang tìm kiếm một trải nghiệm xa hoa đầy thú vị trong kỳ nghỉ của mình. Lưu trú tại đây cũng là cách để quý khách chiều chuộng bản thân với những dịch vụ xuất sắc nhất và khiến kỳ nghỉ của mình trở nên thật đáng nhớ.\n\nTừ sự kiện doanh nghiệp đến họp mặt công ty, Seashore Hotel & Apartment cung cấp đầy đủ các dịch vụ và tiện nghi đáp ứng mọi nhu cầu của quý khách và đồng nghiệp.\n\nHãy tận hưởng thời gian vui vẻ cùng cả gia đình với hàng loạt tiện nghi giải trí tại Seashore Hotel & Apartment , một khách sạn tuyệt vời phù hợp cho mọi kỳ nghỉ bên người thân.\n\nNếu dự định có một kỳ nghỉ dài, thì Seashore Hotel & Apartment chính là lựa chọn dành cho quý khách. Với đầy đủ tiện nghi với chất lượng dịch vụ tuyệt vời, Seashore Hotel & Apartment sẽ khiến quý khách cảm thấy thoải mái như đang ở nhà vậy.\n\nDu lịch một mình cũng không hề kém phần thú vị và Seashore Hotel & Apartment là nơi thích hợp dành riêng cho những ai đề cao sự riêng tư trong kỳ lưu trú.\n\nHãy sẵn sàng đón nhận trải nghiệm khó quên bằng dịch vụ độc đáo và hoàn hảo của khách sạn cùng các tiện nghi đầy đủ, đáp ứng mọi nhu cầu của quý khách.\n\nHưởng thụ một ngày thư thái đầy thú vị tại hồ bơi dù quý khách đang du lịch một mình hay cùng người thân.\n\nQuầy tiếp tân 24 giờ luôn sẵn sàng phục vụ quý khách từ thủ tục nhận phòng đến trả phòng hay bất kỳ yêu cầu nào. Nếu cần giúp đỡ xin hãy liên hệ đội ngũ tiếp tân, chúng tôi luôn sẵn sàng hỗ trợ quý khách.\n\nTận hưởng những món ăn yêu thích với phong cách ẩm thực đặc biệt từ Seashore Hotel & Apartment chỉ dành riêng cho quý khách.\n\nSóng WiFi phủ khắp các khu vực chung của khách sạn cho phép quý khách luôn kết nối với gia đình và bè bạn.\n\nSeashore Hotel & Apartment là khách sạn sở hữu đầy đủ tiện nghi và dịch vụ xuất sắc theo nhận định của hầu hết khách lưu trú.\n\nTận hưởng trải nghiệm lưu trú xa hoa đầy thú vị không đâu sánh bằng tại Seashore Hotel & Apartment .',0,0,'Seashore Hotel & Apartment',3,'active','2025-10-02 17:41:34.642415','b491043b-97ce-11f0-a7b7-0a6aab4924ab','9d0e4548-97d2-11f0-a7b7-0a6aab4924ab','b73c9cca-dba8-42d7-bd36-bc576242ba9b','15-16','b718319a-6fce-4a35-81af-d71caba4a916','1fe5846e-931a-440a-9e88-ffe6896df192','668517aa-988c-11f0-a7b7-0a6aab4924ab','04c72cec-97d4-11f0-a7b7-0a6aab4924ab',15),('d4882142-d933-4e81-9532-2a5f911c5cc6',_binary '\0','2025-09-28 14:33:36.175166','Không chỉ sở hữu vị trí giúp quý khách dễ dàng ghé thăm những địa điểm lý thú trong chuyến hành trình, Rainbow Beach Mui Ne - Homestay & Coffee cũng sẽ mang đến cho quý khách trải nghiệm lưu trú mỹ mãn.\n\nRainbow Beach Mui Ne - Homestay & Coffee là đề xuất hàng đầu dành cho những tín đồ du lịch \"bụi\" mong muốn được nghỉ tại một khách sạn vừa thoải mái lại hợp túi tiền.\n\nHãy tận hưởng thời gian vui vẻ cùng cả gia đình với hàng loạt tiện nghi giải trí tại Rainbow Beach Mui Ne - Homestay & Coffee, một khách sạn tuyệt vời phù hợp cho mọi kỳ nghỉ bên người thân.\n\nRainbow Beach Mui Ne - Homestay & Coffee là lựa chọn thông thái nhất cho những ai đang tìm kiếm một khách sạn với dịch vụ xuất sắc nhưng hợp với túi tiền.\n\nHưởng thụ một ngày thư thái đầy thú vị tại hồ bơi dù quý khách đang du lịch một mình hay cùng người thân.\n\nQuầy tiếp tân 24 giờ luôn sẵn sàng phục vụ quý khách từ thủ tục nhận phòng đến trả phòng hay bất kỳ yêu cầu nào. Nếu cần giúp đỡ xin hãy liên hệ đội ngũ tiếp tân, chúng tôi luôn sẵn sàng hỗ trợ quý khách.\n\nTận hưởng những món ăn yêu thích với phong cách ẩm thực đặc biệt từ Rainbow Beach Mui Ne - Homestay & Coffee chỉ dành riêng cho quý khách.\n\nSóng WiFi phủ khắp các khu vực chung của khách sạn cho phép quý khách luôn kết nối với gia đình và bè bạn.\n\nRainbow Beach Mui Ne - Homestay & Coffee là lựa chọn lý tưởng cho những ai đang tìm kiếm một phòng nghỉ thoải mái với giá thành hợp lý.',0,0,'Rainbow Beach Mui Ne - Homestay & Coffee',3,'active','2025-10-02 17:41:39.333447','5d73427e-9c3b-11f0-a7b7-0a6aab4924ab','b97ecc88-9c3b-11f0-a7b7-0a6aab4924ab','efab574c-4b18-482f-ba34-3644bc7379c4','98','b718319a-6fce-4a35-81af-d71caba4a916','29966eb1-9c3b-11f0-a7b7-0a6aab4924ab','07c7cf8f-9c3c-11f0-a7b7-0a6aab4924ab','d94b2498-9c3b-11f0-a7b7-0a6aab4924ab',15),('e75d2c87-5a33-4df3-b67e-103ee95b801b',_binary '\0','2025-09-28 14:04:02.992389','Dù quý khách muốn tổ chức một sự kiện hay các dịp kỷ niệm đặc biệt khác, Starcity Hotel & Condotel Beachfront Nha Trang là lựa chọn tuyệt vời cho quý khách với phòng chức năng rộng lớn, được trang bị đầy đủ để sẵn sàng đáp ứng mọi yêu cầu.\n\nKhách sạn này là lựa chọn hoàn hảo cho các kỳ nghỉ mát lãng mạn hay tuần trăng mật của các cặp đôi. Quý khách hãy tận hưởng những đêm đáng nhớ nhất cùng người thương của mình tại Starcity Hotel & Condotel Beachfront Nha Trang\n\nStarcity Hotel & Condotel Beachfront Nha Trang là lựa chọn sáng giá dành cho những ai đang tìm kiếm một trải nghiệm xa hoa đầy thú vị trong kỳ nghỉ của mình. Lưu trú tại đây cũng là cách để quý khách chiều chuộng bản thân với những dịch vụ xuất sắc nhất và khiến kỳ nghỉ của mình trở nên thật đáng nhớ.\n\nBạn có phải là tín đồ mua sắm? Lưu trú tại Starcity Hotel & Condotel Beachfront Nha Trang chắc chắn sẽ thoả mãn bạn với hàng loạt các trung tâm mua sắm kề cận.\n\nTừ sự kiện doanh nghiệp đến họp mặt công ty, Starcity Hotel & Condotel Beachfront Nha Trang cung cấp đầy đủ các dịch vụ và tiện nghi đáp ứng mọi nhu cầu của quý khách và đồng nghiệp.\n\nHãy tận hưởng thời gian vui vẻ cùng cả gia đình với hàng loạt tiện nghi giải trí tại Starcity Hotel & Condotel Beachfront Nha Trang, một khách sạn tuyệt vời phù hợp cho mọi kỳ nghỉ bên người thân.\n\nNếu dự định có một kỳ nghỉ dài, thì Starcity Hotel & Condotel Beachfront Nha Trang chính là lựa chọn dành cho quý khách. Với đầy đủ tiện nghi với chất lượng dịch vụ tuyệt vời, Starcity Hotel & Condotel Beachfront Nha Trang sẽ khiến quý khách cảm thấy thoải mái như đang ở nhà vậy.\n\nDịch vụ thượng hạng song hành với hàng loạt tiện nghi phong phú sẽ đem đến cho quý khách trải nghiệm của một kỳ nghỉ viên mãn nhất.\n\nHưởng thụ một ngày thư thái đầy thú vị tại hồ bơi dù quý khách đang du lịch một mình hay cùng người thân.\n\nQuầy tiếp tân 24 giờ luôn sẵn sàng phục vụ quý khách từ thủ tục nhận phòng đến trả phòng hay bất kỳ yêu cầu nào. Nếu cần giúp đỡ xin hãy liên hệ đội ngũ tiếp tân, chúng tôi luôn sẵn sàng hỗ trợ quý khách.\n\nTận hưởng những món ăn yêu thích với phong cách ẩm thực đặc biệt từ Starcity Hotel & Condotel Beachfront Nha Trang chỉ dành riêng cho quý khách.\n\nSóng WiFi phủ khắp các khu vực chung của khách sạn cho phép quý khách luôn kết nối với gia đình và bè bạn.\n\nStarcity Hotel & Condotel Beachfront Nha Trang là khách sạn sở hữu đầy đủ tiện nghi và dịch vụ xuất sắc theo nhận định của hầu hết khách lưu trú.\n\nTận hưởng trải nghiệm lưu trú xa hoa đầy thú vị không đâu sánh bằng tại Starcity Hotel & Condotel Beachfront Nha Trang.',0,0,'Starcity Hotel & Condotel Beachfront Nha Trang',3,'active','2025-10-02 17:41:44.824573','f5af1aa8-9c38-11f0-a7b7-0a6aab4924ab','3edb5675-9c39-11f0-a7b7-0a6aab4924ab','fa1f6096-cbd0-4ea4-a030-8195321a879e','72-74','b718319a-6fce-4a35-81af-d71caba4a916','cf592960-9c38-11f0-a7b7-0a6aab4924ab','9b193651-9c39-11f0-a7b7-0a6aab4924ab','60d7b795-9c39-11f0-a7b7-0a6aab4924ab',15),('f2fd2631-f605-4640-94b5-97e7a3bbcccb',_binary '\0','2025-09-28 13:56:05.071009','Dành cho những du khách muốn du lịch thoải mái cùng ngân sách tiết kiệm, New Sun Hotel Nha Trang sẽ là lựa chọn lưu trú hoàn hảo, nơi cung cấp các tiện nghi chất lượng và dịch vụ tuyệt vời.\n\nKhách sạn này là lựa chọn hoàn hảo cho các kỳ nghỉ mát lãng mạn hay tuần trăng mật của các cặp đôi. Quý khách hãy tận hưởng những đêm đáng nhớ nhất cùng người thương của mình tại New Sun Hotel Nha Trang\n\nHãy tận hưởng thời gian vui vẻ cùng cả gia đình với hàng loạt tiện nghi giải trí tại New Sun Hotel Nha Trang, một khách sạn tuyệt vời phù hợp cho mọi kỳ nghỉ bên người thân.\n\nKhông phải mọi khách sạn đều cho phép mang thú cưng theo cùng, nhưng với chính sách đặc biệt của mình New Sun Hotel Nha Trang luôn chào đón những người bạn đồng hành thân thiết của du khách. Khách sạn thân thiện với thú cưng này cho phép quý khách tận hưởng kỳ nghỉ mà không phải bận tâm lo lắng như khi bỏ lại chúng ở nhà.\n\nDịch vụ tuyệt vời, cơ sở vật chất hoàn chỉnh và các tiện nghi khách sạn cung cấp sẽ khiến quý khách không thể phàn nàn trong suốt kỳ lưu trú tại New Sun Hotel Nha Trang.\n\nQuầy tiếp tân 24 giờ luôn sẵn sàng phục vụ quý khách từ thủ tục nhận phòng đến trả phòng hay bất kỳ yêu cầu nào. Nếu cần giúp đỡ xin hãy liên hệ đội ngũ tiếp tân, chúng tôi luôn sẵn sàng hỗ trợ quý khách.\n\nTận hưởng những món ăn yêu thích với phong cách ẩm thực đặc biệt từ New Sun Hotel Nha Trang chỉ dành riêng cho quý khách.\n\nSóng WiFi phủ khắp các khu vực chung của khách sạn cho phép quý khách luôn kết nối với gia đình và bè bạn.\n\nNew Sun Hotel Nha Trang là khách sạn sở hữu đầy đủ tiện nghi và dịch vụ xuất sắc theo nhận định của hầu hết khách lưu trú.\n\nVới những tiện nghi sẵn có New Sun Hotel Nha Trang thực sự là một nơi lưu trú hoàn hảo.',0,0,'Khách sạn New Sun Nha Trang',1,'active','2025-10-02 17:41:49.329343','f5af1aa8-9c38-11f0-a7b7-0a6aab4924ab','3edb5675-9c39-11f0-a7b7-0a6aab4924ab','7cf4c4e9-4546-481e-9cde-0beed1a5b26b','2/3','b718319a-6fce-4a35-81af-d71caba4a916','cf592960-9c38-11f0-a7b7-0a6aab4924ab','9b193c33-9c39-11f0-a7b7-0a6aab4924ab','60d7b795-9c39-11f0-a7b7-0a6aab4924ab',15),('f8262970-61ff-4afd-b4af-17aeee352501',_binary '\0','2025-09-28 14:38:10.840732','Hãy tận hưởng thời gian vui vẻ cùng cả gia đình với hàng loạt tiện nghi giải trí tại Surf4You Residence, một nơi nghỉ tuyệt vời phù hợp cho mọi kỳ nghỉ bên người thân.\n\nNếu dự định có một kỳ nghỉ dài, thì Surf4You Residence chính là lựa chọn dành cho quý khách. Với đầy đủ tiện nghi với chất lượng dịch vụ tuyệt vời, Surf4You Residence sẽ khiến quý khách cảm thấy thoải mái như đang ở nhà vậy.\n\nDu lịch một mình cũng không hề kém phần thú vị và Surf4You Residence là nơi thích hợp dành riêng cho những ai đề cao sự riêng tư trong kỳ lưu trú.\n\nKhách sạn này là nơi tốt nhất dành cho những ai mong muốn một nơi thanh bình, thư thái để ẩn mình khỏi đám đông ồn ã, xô bồ.\n\nDịch vụ tuyệt vời, cơ sở vật chất hoàn chỉnh và các tiện nghi nơi nghỉ cung cấp sẽ khiến quý khách không thể phàn nàn trong suốt kỳ lưu trú tại Surf4You Residence.\n\nHưởng thụ một ngày thư thái đầy thú vị tại hồ bơi dù quý khách đang du lịch một mình hay cùng người thân.\n\nQuầy tiếp tân 24 giờ luôn sẵn sàng phục vụ quý khách từ thủ tục nhận phòng đến trả phòng hay bất kỳ yêu cầu nào. Nếu cần giúp đỡ xin hãy liên hệ đội ngũ tiếp tân, chúng tôi luôn sẵn sàng hỗ trợ quý khách.\n\nTận hưởng những món ăn yêu thích với phong cách ẩm thực đặc biệt từ Surf4You Residence chỉ dành riêng cho quý khách.\n\nSóng WiFi phủ khắp các khu vực chung của nơi nghỉ cho phép quý khách luôn kết nối với gia đình và bè bạn.\n\nSurf4You Residence là nơi nghỉ sở hữu đầy đủ tiện nghi và dịch vụ xuất sắc theo nhận định của hầu hết khách lưu trú.\n\nVới những tiện nghi sẵn có Surf4You Residence thực sự là một nơi lưu trú hoàn hảo.',0,0,'Surf4You Residence',4,'active','2025-10-02 17:41:54.253209','5d73427e-9c3b-11f0-a7b7-0a6aab4924ab','b97ecc88-9c3b-11f0-a7b7-0a6aab4924ab','f1174deb-4ebf-4ea5-bd9c-2e337e5841f4','90','b718319a-6fce-4a35-81af-d71caba4a916','29966eb1-9c3b-11f0-a7b7-0a6aab4924ab','032f50d9-9c3c-11f0-a7b7-0a6aab4924ab','d7ab9dcb-9c3b-11f0-a7b7-0a6aab4924ab',15);
/*!40000 ALTER TABLE `hotels` ENABLE KEYS */;
UNLOCK TABLES;

--
-- Table structure for table `identification_documents`
--

DROP TABLE IF EXISTS `identification_documents`;
/*!40101 SET @saved_cs_client     = @@character_set_client */;
/*!50503 SET character_set_client = utf8mb4 */;
CREATE TABLE `identification_documents` (
  `id` varchar(255) NOT NULL,
  `name` varchar(255) NOT NULL,
  PRIMARY KEY (`id`)
) ENGINE=InnoDB DEFAULT CHARSET=utf8mb4 COLLATE=utf8mb4_0900_ai_ci;
/*!40101 SET character_set_client = @saved_cs_client */;

--
-- Dumping data for table `identification_documents`
--

LOCK TABLES `identification_documents` WRITE;
/*!40000 ALTER TABLE `identification_documents` DISABLE KEYS */;
INSERT INTO `identification_documents` VALUES ('87ec7a5e-a0e3-11f0-a7b7-0a6aab4924ab','Căn cước công dân / CMND'),('87ed84d0-a0e3-11f0-a7b7-0a6aab4924ab','Hộ chiếu'),('87ed8794-a0e3-11f0-a7b7-0a6aab4924ab','Giấy khai sinh (cho trẻ em)');
/*!40000 ALTER TABLE `identification_documents` ENABLE KEYS */;
UNLOCK TABLES;

--
-- Table structure for table `invalid_tokens`
--

DROP TABLE IF EXISTS `invalid_tokens`;
/*!40101 SET @saved_cs_client     = @@character_set_client */;
/*!50503 SET character_set_client = utf8mb4 */;
CREATE TABLE `invalid_tokens` (
  `id` varchar(255) NOT NULL,
  `token` text,
  PRIMARY KEY (`id`)
) ENGINE=InnoDB DEFAULT CHARSET=utf8mb4 COLLATE=utf8mb4_0900_ai_ci;
/*!40101 SET character_set_client = @saved_cs_client */;

--
-- Dumping data for table `invalid_tokens`
--

LOCK TABLES `invalid_tokens` WRITE;
/*!40000 ALTER TABLE `invalid_tokens` DISABLE KEYS */;
INSERT INTO `invalid_tokens` VALUES ('00089d72-cd32-4bdf-8500-6171342a69ca','eyJhbGciOiJIUzUxMiJ9.eyJzdWIiOiJ0aGl2YW50cmFuMjAwM0BnbWFpbC5jb20iLCJzY29wZSI6InVzZXIiLCJpc3MiOiJob2xpZGF0ZV9kZXZzIiwiZnVsbE5hbWUiOiJUcuG6p24gVGjhu4sgVsOibiIsImV4cCI6MTc2Mzg3MDg5NywiaWF0IjoxNzYzMjY2MDk3LCJqdGkiOiIwMDA4OWQ3Mi1jZDMyLTRiZGYtODUwMC02MTcxMzQyYTY5Y2EifQ.czOMP1jwfLxVdCrPuaS4UYavj3N1Zo-LlGpR230ZLCU7cb-77jUngQw3IoQo3Lb3R6IbH897m_Y6jl0zwo_n4Q'),('0348ea3a-f36a-4db0-99a3-fdda6e59ca25','eyJhbGciOiJIUzUxMiJ9.eyJzdWIiOiJwaHVxdW9jZGt2bkBnbWFpbC5jb20iLCJzY29wZSI6InVzZXIiLCJpc3MiOiJob2xpZGF0ZV9kZXZzIiwiZnVsbE5hbWUiOiJQaHUgUXVvYyIsImV4cCI6MTc2NDI0OTY1MCwiaWF0IjoxNzYzNjQ0ODUwLCJqdGkiOiIwMzQ4ZWEzYS1mMzZhLTRkYjAtOTlhMy1mZGRhNmU1OWNhMjUifQ.EHdomDcgSrM_qLNA0pSbmR1aSw5KMLsZVPm3vVk_cI81KMo-KG8ihtX4HZbhHFgGaNTdutwpqIxrU5OXP5j7UQ'),('0ce231e7-3cfd-403f-8639-26d878990fcc','eyJhbGciOiJIUzUxMiJ9.eyJzdWIiOiJhZG1pbkBob2xpZGF0ZS5jb20iLCJzY29wZSI6ImFkbWluIiwiaXNzIjoiaG9saWRhdGVfZGV2cyIsImZ1bGxOYW1lIjoiQWRtaW4iLCJleHAiOjE3NTgxMjA5MTgsImlhdCI6MTc1ODEyMDc5OCwianRpIjoiMGNlMjMxZTctM2NmZC00MDNmLTg2MzktMjZkODc4OTkwZmNjIn0.2fVeMc1uJXab3DzPde9NhzAKygFEVdpY6jA0rH-A9bozGqV0iYhdoO6z8aycO3zJWID5Enp4o1lSwtspxC-wuQ'),('0d402e84-035d-4ddf-8717-62ccaa9b2c6a','eyJhbGciOiJIUzUxMiJ9.eyJzdWIiOiJ0aGl2YW50cmFuMjAwM0BnbWFpbC5jb20iLCJzY29wZSI6InVzZXIiLCJpc3MiOiJob2xpZGF0ZV9kZXZzIiwiZnVsbE5hbWUiOiJUcuG6p24gVGjhu4sgVsOibiIsImV4cCI6MTc2MzMwODkxOCwiaWF0IjoxNzYyNzA0MTE4LCJqdGkiOiIwZDQwMmU4NC0wMzVkLTRkZGYtODcxNy02MmNjYWE5YjJjNmEifQ.yU2EnzGy3hBkhRn6jRGdmO_mgcWwJnN7EC0U3PIDgMqIOVj8aj-xEqcOScgUTSwgqVYzpQgARW64cAhLGvX-VQ'),('16670389-a8b1-42e8-a995-10a92f9c9b82','eyJhbGciOiJIUzUxMiJ9.eyJzdWIiOiJhZG1pbkBob2xpZGF0ZS5jb20iLCJzY29wZSI6ImFkbWluIiwiaXNzIjoiaG9saWRhdGVfZGV2cyIsImZ1bGxOYW1lIjoiQWRtaW4iLCJleHAiOjE3NTgyMTIyOTgsImlhdCI6MTc1ODIxMjE3OCwianRpIjoiMTY2NzAzODktYThiMS00MmU4LWE5OTUtMTBhOTJmOWM5YjgyIn0.4Skj21e59X4QMqXLWwpgH9PrcmfiNAZ85atpVEnlP-L3u5zFTz-mOIXp28kcIlh9Iy8OJkiTjtCD7jG5Xv3HlQ'),('175b3964-77b2-4fff-9a2b-c60635d8dd79','eyJhbGciOiJIUzUxMiJ9.eyJzdWIiOiJiYW9kdW9uZzI5NzIwMDNAZ21haWwuY29tIiwic2NvcGUiOiJ1c2VyIiwiaXNzIjoiaG9saWRhdGVfZGV2cyIsImZ1bGxOYW1lIjoiVHLhuqduIFF14buRYyBExrDGoW5nIiwiZXhwIjoxNzYzMDkxMzA2LCJpYXQiOjE3NjI0ODY1MDYsImp0aSI6IjE3NWIzOTY0LTc3YjItNGZmZi05YTJiLWM2MDYzNWQ4ZGQ3OSJ9.2ICY0iaeeYtOAlaTrZllKgohQLdVMP0a77a9dHTNT5BbtSA9zC1PAxVCZEkFtHljnlOYB8RpyLlKURKDREDZTA'),('1932ef5b-dea4-4e9a-96a7-26436c84a788','eyJhbGciOiJIUzUxMiJ9.eyJzdWIiOiJhZG1pbkBob2xpZGF0ZS5jb20iLCJzY29wZSI6ImFkbWluIiwiaXNzIjoiaG9saWRhdGVfZGV2cyIsImZ1bGxOYW1lIjoiQWRtaW4iLCJleHAiOjE3NTgwMzYxNTQsImlhdCI6MTc1ODAzNjA5NCwianRpIjoiMTkzMmVmNWItZGVhNC00ZTlhLTk2YTctMjY0MzZjODRhNzg4In0.ZSH62M-VzsTw-mtgg7EtLpR9UVYckD1Z-xexWwM-atWMo2LUacb9GPdFTSb5LvsptRsqIJyZ0guLZDPw8ocisg'),('20ae55c1-cff7-4025-a87e-f474396383ef','eyJhbGciOiJIUzUxMiJ9.eyJzdWIiOiJhZG1pbkBob2xpZGF0ZS5jb20iLCJzY29wZSI6ImFkbWluIiwiaXNzIjoiaG9saWRhdGVfZGV2cyIsImZ1bGxOYW1lIjoiQWRtaW4iLCJleHAiOjE3NTgyMTE1MzUsImlhdCI6MTc1ODIxMTQxNSwianRpIjoiMjBhZTU1YzEtY2ZmNy00MDI1LWE4N2UtZjQ3NDM5NjM4M2VmIn0.EvD35wL3bqGO51d6XfzsNEF-c34bilYU4xl6WMcm2aE9ynEVgnjTNrbi3HdTD3iPG1nitVYUw7y_e5UhwXnfiA'),('2115b777-4365-4652-a2fe-485cc19cecc4','eyJhbGciOiJIUzUxMiJ9.eyJzdWIiOiJiYW9kdW9uZzI5NzIwMDNAZ21haWwuY29tIiwic2NvcGUiOiJ1c2VyIiwiaXNzIjoiaG9saWRhdGVfZGV2cyIsImZ1bGxOYW1lIjoiVHLhuqduIFF14buRYyBExrDGoW5nIiwiZXhwIjoxNzYzMjIwMDAyLCJpYXQiOjE3NjI2MTUyMDIsImp0aSI6IjIxMTViNzc3LTQzNjUtNDY1Mi1hMmZlLTQ4NWNjMTljZWNjNCJ9.oF4XN0lHdcmUkYsO61nKDEIj_TBp5pUN-stTZOIBpbn_dOStgTEtGgc9yW7bETu6giZ2Zcl2hBgsdUAErfkIvA'),('23441f8e-6816-4809-a5ce-58b7e176769b','eyJhbGciOiJIUzUxMiJ9.eyJzdWIiOiJwaHVxdW9jZGt2bkBnbWFpbC5jb20iLCJzY29wZSI6InVzZXIiLCJpc3MiOiJob2xpZGF0ZV9kZXZzIiwiZnVsbE5hbWUiOiJQaHUgUXVvYyIsImV4cCI6MTc2MzA5MTQxMiwiaWF0IjoxNzYyNDg2NjEyLCJqdGkiOiIyMzQ0MWY4ZS02ODE2LTQ4MDktYTVjZS01OGI3ZTE3Njc2OWIifQ.PBCPii1hbW5GYs6W8tA6-4zmg1d6FCO3CENlVkFeokkJ5w3z6Rwg2RJxYEm1xewo583MWbDJVyAbQ-O2wf-Alw'),('276feaf9-9800-4cb4-b825-8ad84d43d991','eyJhbGciOiJIUzUxMiJ9.eyJzdWIiOiJwaHVxdW9jZGt2bkBnbWFpbC5jb20iLCJzY29wZSI6InVzZXIiLCJpc3MiOiJob2xpZGF0ZV9kZXZzIiwiZnVsbE5hbWUiOiJQaHUgUXVvYyIsImV4cCI6MTc2NDI0NTAwOCwiaWF0IjoxNzYzNjQwMjA4LCJqdGkiOiIyNzZmZWFmOS05ODAwLTRjYjQtYjgyNS04YWQ4NGQ0M2Q5OTEifQ.qSci60WmGNn6cc-7MfGLGJzSfG5t4_SjzpujvWKAVNO5uwCMNFRDIV8T9sYK8_YpFaRPmzR1taKmSfxFop08Sg'),('2bcc418c-c4a1-4326-a939-7e95907a62ec','eyJhbGciOiJIUzUxMiJ9.eyJzdWIiOiJwaHVxdW9jZGt2bkBnbWFpbC5jb20iLCJzY29wZSI6InVzZXIiLCJpc3MiOiJob2xpZGF0ZV9kZXZzIiwiZnVsbE5hbWUiOiJQaHUgUXVvYyIsImV4cCI6MTc2MzA5MTQxMiwiaWF0IjoxNzYyNDg2NjEyLCJqdGkiOiIyYmNjNDE4Yy1jNGExLTQzMjYtYTkzOS03ZTk1OTA3YTYyZWMifQ.3Jzgxd0CkDKzdywQPMS-TMWoeJRKde_PniFNq5iYLxC87Si3iP7U7HOZmmXptR8uctrdrv5SRQwnTxQotQR_AQ'),('353e2e1b-ac62-40ee-9ae2-1d82534fb01a','eyJhbGciOiJIUzUxMiJ9.eyJzdWIiOiJ0aGl2YW50cmFuMjAwM0BnbWFpbC5jb20iLCJzY29wZSI6InVzZXIiLCJpc3MiOiJob2xpZGF0ZV9kZXZzIiwiZnVsbE5hbWUiOiJUcuG6p24gVGjhu4sgVsOibiIsImV4cCI6MTc2MzIxOTY3MiwiaWF0IjoxNzYyNjE0ODcyLCJqdGkiOiIzNTNlMmUxYi1hYzYyLTQwZWUtOWFlMi0xZDgyNTM0ZmIwMWEifQ.qEGnoCpxE73qUmzVCj7kW_aYWC1Dgg6P4W4ZG_qPf3iopnEFKKrlo181hXYqdvhBntheVNe0Zf6mSoyUWWeggg'),('354ad344-95e7-4a2f-8d90-335b3fed1267','eyJhbGciOiJIUzUxMiJ9.eyJzdWIiOiJiYW9kdW9uZzI5NzIwMDNAZ21haWwuY29tIiwic2NvcGUiOiJ1c2VyIiwiaXNzIjoiaG9saWRhdGVfZGV2cyIsImZ1bGxOYW1lIjoiVHLhuqduIFF14buRYyBExrDGoW5nIiwiZXhwIjoxNzYzMjE4NjUzLCJpYXQiOjE3NjI2MTM4NTMsImp0aSI6IjM1NGFkMzQ0LTk1ZTctNGEyZi04ZDkwLTMzNWIzZmVkMTI2NyJ9.j6Sram_nuwNDQhuVPdqBv7t5lrVXNHg66f5tMQixResZrbupO6aUke--4eBvUBn-TWcTTCTXwQRTcfK6CeADSg'),('361d022b-1fd6-4838-b502-baccbc9e5824','eyJhbGciOiJIUzUxMiJ9.eyJzdWIiOiJhZG1pbkBob2xpZGF0ZS5jb20iLCJzY29wZSI6ImFkbWluIiwiaXNzIjoiaG9saWRhdGVfZGV2cyIsImZ1bGxOYW1lIjoiQWRtaW4iLCJleHAiOjE3NjQwMDQ0MzcsImlhdCI6MTc2MzM5OTYzNywianRpIjoiMzYxZDAyMmItMWZkNi00ODM4LWI1MDItYmFjY2JjOWU1ODI0In0.e1NriiLvBRzYuwbAwTOcw2O99KGT81Uyb3SdQzKaeRyjVh7e8dMDNoM4mAKRj86ka9G8D-Y_UQt7dNdV_g91-g'),('367f91d9-c139-47b1-8cde-0ab060e7c813','eyJhbGciOiJIUzUxMiJ9.eyJzdWIiOiJwaHVxdW9jZGt2bkBnbWFpbC5jb20iLCJzY29wZSI6InVzZXIiLCJpc3MiOiJob2xpZGF0ZV9kZXZzIiwiZnVsbE5hbWUiOiJQaHUgUXVvYyIsImV4cCI6MTc2MzA5ODkwMiwiaWF0IjoxNzYyNDk0MTAyLCJqdGkiOiIzNjdmOTFkOS1jMTM5LTQ3YjEtOGNkZS0wYWIwNjBlN2M4MTMifQ.E-XQOloLZtCiENtR6u7vzgHanXWHvK9OzHJdMVjPy78sO0hfdTkykr3M_X-YYfzkupbENKk_lbsLVyjYm4N_LQ'),('3e206ac3-b1a3-4fc8-a93c-9cdc6d84e8a8','eyJhbGciOiJIUzUxMiJ9.eyJzdWIiOiJ0aGl2YW50cmFuMjAwM0BnbWFpbC5jb20iLCJzY29wZSI6InVzZXIiLCJpc3MiOiJob2xpZGF0ZV9kZXZzIiwiZnVsbE5hbWUiOiJUcuG6p24gVGjhu4sgVsOibiIsImV4cCI6MTc2MzA5NDgzMSwiaWF0IjoxNzYyNDkwMDMxLCJqdGkiOiIzZTIwNmFjMy1iMWEzLTRmYzgtYTkzYy05Y2RjNmQ4NGU4YTgifQ.qDh9yePaw1xQeq3-quMq2lsSnd6Tv7jc7gbxSvT0MdoiWicV3KtEHPoCeNLg5gSHuiVm3OKzuY58_00CNQS0rg'),('441e275c-f407-46c9-8ac2-28fbf293e578','eyJhbGciOiJIUzUxMiJ9.eyJzdWIiOiJ0aGl2YW50cmFuMjAwM0BnbWFpbC5jb20iLCJzY29wZSI6InVzZXIiLCJpc3MiOiJob2xpZGF0ZV9kZXZzIiwiZnVsbE5hbWUiOiJUcuG6p24gVGjhu4sgVsOibiIsImV4cCI6MTc2MzIxODYwOSwiaWF0IjoxNzYyNjEzODA5LCJqdGkiOiI0NDFlMjc1Yy1mNDA3LTQ2YzktOGFjMi0yOGZiZjI5M2U1NzgifQ.WPqtUqfmDU5dbdMp3_FvAwKQArx0O9rNdzLgzHTQKQ2IeoS9weRBhykh055AUIQmM3IkFY6elSBTXvMDwQUGdA'),('4692474f-5eaf-4f72-b9bb-c971552ecd6d','eyJhbGciOiJIUzUxMiJ9.eyJzdWIiOiJ0aGl2YW50cmFuMjAwM0BnbWFpbC5jb20iLCJzY29wZSI6InVzZXIiLCJpc3MiOiJob2xpZGF0ZV9kZXZzIiwiZnVsbE5hbWUiOiJUcuG6p24gVGjhu4sgVsOibiIsImV4cCI6MTc2Mzg4OTYyOSwiaWF0IjoxNzYzMjg0ODI5LCJqdGkiOiI0NjkyNDc0Zi01ZWFmLTRmNzItYjliYi1jOTcxNTUyZWNkNmQifQ.SogZqRX-tRD3DurMbgN0Zy93ZFS4CXRTavunAXpY-tP80L7fcuD4A9UVxX0YNWbaY7nFqxhnJ7Mp6tk3N25XvA'),('4c30bff4-3c95-4621-b604-cadde555044e','eyJhbGciOiJIUzUxMiJ9.eyJzdWIiOiJhZG1pbkBob2xpZGF0ZS5jb20iLCJzY29wZSI6ImFkbWluIiwiaXNzIjoiaG9saWRhdGVfZGV2cyIsImZ1bGxOYW1lIjoiQWRtaW4iLCJleHAiOjE3NTgxMjI3NTksImlhdCI6MTc1ODEyMjY5OSwianRpIjoiNGMzMGJmZjQtM2M5NS00NjIxLWI2MDQtY2FkZGU1NTUwNDRlIn0.OhTX4hBpQ41EBWOMMJt3Yz-vNta9tW4mx8walXuh1UKZ5O4zFtqwr61Sc8k_G57Ba2CgGKGr1FPCU7WRGyCVeg'),('4dd46d7e-a910-4e62-a2a1-05b1c58e0054','eyJhbGciOiJIUzUxMiJ9.eyJzdWIiOiJiYW9kdW9uZzI5NzIwMDNAZ21haWwuY29tIiwic2NvcGUiOiJ1c2VyIiwiaXNzIjoiaG9saWRhdGVfZGV2cyIsImZ1bGxOYW1lIjoiVHLhuqduIFF14buRYyBExrDGoW5nIiwiZXhwIjoxNzYzMjE4NjUzLCJpYXQiOjE3NjI2MTM4NTMsImp0aSI6IjRkZDQ2ZDdlLWE5MTAtNGU2Mi1hMmExLTA1YjFjNThlMDA1NCJ9.LQEWlkd_omscjy_b_wDc8lgMXrAIKkRnCBKtp8F_OfqxEQWOHWCeA8EA1wF1DMLMMMg2AAptH5GTNjuaD61AoQ'),('5327c5f1-a694-4ee4-80cf-6f9d6b7ba938','eyJhbGciOiJIUzUxMiJ9.eyJzdWIiOiJ0aGl2YW50cmFuMjAwM0BnbWFpbC5jb20iLCJzY29wZSI6InVzZXIiLCJpc3MiOiJob2xpZGF0ZV9kZXZzIiwiZnVsbE5hbWUiOiJUcuG6p24gVGjhu4sgVsOibiIsImV4cCI6MTc2Mzg4OTc5MCwiaWF0IjoxNzYzMjg0OTkwLCJqdGkiOiI1MzI3YzVmMS1hNjk0LTRlZTQtODBjZi02ZjlkNmI3YmE5MzgifQ.QLEX29BvnRD6YTUuT-5dO9jYRzAFRvL8H4g5xSu842L993FsNl6Xjb0oF0JYpx4fKE1gkXG6gUjTW1JOJWaLdA'),('5483b008-5e3a-4573-85be-7ce940b6e5a3','eyJhbGciOiJIUzUxMiJ9.eyJzdWIiOiJ0aGl2YW50cmFuMjAwM0BnbWFpbC5jb20iLCJzY29wZSI6InVzZXIiLCJpc3MiOiJob2xpZGF0ZV9kZXZzIiwiZnVsbE5hbWUiOiJUcuG6p24gVGjhu4sgVsOibiIsImV4cCI6MTc2Mzg4OTYyOSwiaWF0IjoxNzYzMjg0ODI5LCJqdGkiOiI1NDgzYjAwOC01ZTNhLTQ1NzMtODViZS03Y2U5NDBiNmU1YTMifQ.ybtzoPZsZ8XIvi8aX1Gh8vkAUuXmn58Jod6LcYLe3dNC4G_UMsI-8j72U3jhsT3SQs8RA38hMI_619j-feIzhQ'),('56953145-cbcf-4249-b42c-8abc9de6690f','eyJhbGciOiJIUzUxMiJ9.eyJzdWIiOiJ0aGl2YW50cmFuMjAwM0BnbWFpbC5jb20iLCJzY29wZSI6InVzZXIiLCJpc3MiOiJob2xpZGF0ZV9kZXZzIiwiZnVsbE5hbWUiOiJUcuG6p24gVGjhu4sgVsOibiIsImV4cCI6MTc2NDI0NDk0NSwiaWF0IjoxNzYzNjQwMTQ1LCJqdGkiOiI1Njk1MzE0NS1jYmNmLTQyNDktYjQyYy04YWJjOWRlNjY5MGYifQ.Gbs-cAs0LDZ0iTslGsswZVkFYbLh8qOfDxNyRZQvD6MvRVSua7x0eDFsLmjhUzpu6Q2_-q4ga54C0_SEyxIkbQ'),('5747d9ad-12c0-4065-9ae2-4725ba624c19','eyJhbGciOiJIUzUxMiJ9.eyJzdWIiOiJiYW9kdW9uZzI5NzIwMDNAZ21haWwuY29tIiwic2NvcGUiOiJ1c2VyIiwiaXNzIjoiaG9saWRhdGVfZGV2cyIsImZ1bGxOYW1lIjoiVHLhuqduIFF14buRYyBExrDGoW5nIiwiZXhwIjoxNzY0MjU1NjQzLCJpYXQiOjE3NjM2NTA4NDMsImp0aSI6IjU3NDdkOWFkLTEyYzAtNDA2NS05YWUyLTQ3MjViYTYyNGMxOSJ9.1-6w4AcEkK_Iva1cVGwmiG_omfLAiOOHYEr3Hl_g_xhzRP1TEr82ZshNJSAW5VLhsZ8JNaoy_jKUZyetjaYXsQ'),('57e066dd-7347-458b-a27c-bf552c589f1d','eyJhbGciOiJIUzUxMiJ9.eyJzdWIiOiJwaGFtbWluaGtoYW5ncHkyMDAzQGdtYWlsLmNvbSIsInNjb3BlIjoidXNlciIsImlzcyI6ImhvbGlkYXRlX2RldnMiLCJmdWxsTmFtZSI6Ik1pbmggS2hhbmcgUGjhuqFtIiwiZXhwIjoxNzU4MjEyNzQ4LCJpYXQiOjE3NTgyMTI2ODgsImp0aSI6IjU3ZTA2NmRkLTczNDctNDU4Yi1hMjdjLWJmNTUyYzU4OWYxZCJ9.dULCu6niBuMrYAvolYWGbse7iO1PlIVTnysexqFNoI9iEJrzOl5v-ntWj2krdSu46L94pA-xE3iRWEzQ21HDtw'),('633265ec-1435-49d7-911d-c7383abfdc21','eyJhbGciOiJIUzUxMiJ9.eyJzdWIiOiJwaHVxdW9jZGt2bkBnbWFpbC5jb20iLCJzY29wZSI6InVzZXIiLCJpc3MiOiJob2xpZGF0ZV9kZXZzIiwiZnVsbE5hbWUiOiJQaHUgUXVvYyIsImV4cCI6MTc2NDI0OTY1MCwiaWF0IjoxNzYzNjQ0ODUwLCJqdGkiOiI2MzMyNjVlYy0xNDM1LTQ5ZDctOTExZC1jNzM4M2FiZmRjMjEifQ.n8YEA0-DL_TAixIjxjYQRF7ifjgbx5kv0Bj6p0YGo5-iMvaKHcNNrXNGfNltkzx-Qzndjov0fExpXArJQcQD7g'),('654433d5-f3d5-48e7-81b9-9093cc0fca4d','eyJhbGciOiJIUzUxMiJ9.eyJzdWIiOiJwaHVxdW9jZGt2bkBnbWFpbC5jb20iLCJzY29wZSI6InVzZXIiLCJpc3MiOiJob2xpZGF0ZV9kZXZzIiwiZnVsbE5hbWUiOiJQaHUgUXVvYyIsImV4cCI6MTc2NDI0NTAwOCwiaWF0IjoxNzYzNjQwMjA4LCJqdGkiOiI2NTQ0MzNkNS1mM2Q1LTQ4ZTctODFiOS05MDkzY2MwZmNhNGQifQ.e_pQ24GQ4VXRyNWuOG9L0sAsOAwsL01r1Q28LsPFFMC6ZIV4keARUKeJleqq7Q99XMQE3BUse-beJEKwQVJN5g'),('6cf1b291-812c-4990-b410-fdae75f63ac5','eyJhbGciOiJIUzUxMiJ9.eyJzdWIiOiJ0aGl2YW50cmFuMjAwM0BnbWFpbC5jb20iLCJzY29wZSI6InVzZXIiLCJpc3MiOiJob2xpZGF0ZV9kZXZzIiwiZnVsbE5hbWUiOiJUcuG6p24gVGjhu4sgVsOibiIsImV4cCI6MTc2Mzg4OTc5MCwiaWF0IjoxNzYzMjg0OTkwLCJqdGkiOiI2Y2YxYjI5MS04MTJjLTQ5OTAtYjQxMC1mZGFlNzVmNjNhYzUifQ.-l_qUBx3h0YdW-KU1t5DPbsKoi3P02mJD_jH16EAu32-O4PvKuEfn5XDCgZZ7OvHP9vq1KkX14CFJggp6iSWmw'),('6f369cd1-3b52-4203-8996-9486044d4e73','eyJhbGciOiJIUzUxMiJ9.eyJzdWIiOiJhZG1pbkBob2xpZGF0ZS5jb20iLCJzY29wZSI6ImFkbWluIiwiaXNzIjoiaG9saWRhdGVfZGV2cyIsImZ1bGxOYW1lIjoiQWRtaW4iLCJleHAiOjE3NjMwMDc3MDYsImlhdCI6MTc2MjQwMjkwNiwianRpIjoiNmYzNjljZDEtM2I1Mi00MjAzLTg5OTYtOTQ4NjA0NGQ0ZTczIn0.DrYmpPYm0LZfi7glb87q3Q8nOa92JahDyiD0ObZl7qFfrkJBLE26_-Btu39qjvzTotiu-mZp2ZcCQ8n5jg4A7g'),('7315173d-6b35-428e-9b98-5a828896e2e2','eyJhbGciOiJIUzUxMiJ9.eyJzdWIiOiJhZG1pbkBob2xpZGF0ZS5jb20iLCJzY29wZSI6ImFkbWluIiwiaXNzIjoiaG9saWRhdGVfZGV2cyIsImZ1bGxOYW1lIjoiQWRtaW4iLCJleHAiOjE3NjI4NDI1OTcsImlhdCI6MTc2MjIzNzc5NywianRpIjoiNzMxNTE3M2QtNmIzNS00MjhlLTliOTgtNWE4Mjg4OTZlMmUyIn0.FYSHZ14pTCfVqo-Jz4BexoVac7WaSSMVEfaDAXIkE7jhX4QTkT0Oczs63cHWfU9BfAOePm3mwuzKlpxo9l8L5w'),('7a8965b6-4e78-4b20-9a1b-a73b973f9989','eyJhbGciOiJIUzUxMiJ9.eyJzdWIiOiJwaGFtbWluaGtoYW5ncHkyMDAzQGdtYWlsLmNvbSIsInNjb3BlIjoidXNlciIsImlzcyI6ImhvbGlkYXRlX2RldnMiLCJmdWxsTmFtZSI6Ik1pbmggS2hhbmcgUGjhuqFtIiwiZXhwIjoxNzU4MjEyODA4LCJpYXQiOjE3NTgyMTI2ODgsImp0aSI6IjdhODk2NWI2LTRlNzgtNGIyMC05YTFiLWE3M2I5NzNmOTk4OSJ9.1pQcWSN18X1I3CO1HHE9-Ub8O9qTtOLsr6CQf8LC01CX-XwGJIORtHMB_GQa7YUVhxqyi3MOSZ_8IEenhGH4ew'),('7ba15eda-f8c1-4e2c-9de8-fc4268b50387','eyJhbGciOiJIUzUxMiJ9.eyJzdWIiOiJiYW9kdW9uZzI5NzIwMDNAZ21haWwuY29tIiwic2NvcGUiOiJ1c2VyIiwiaXNzIjoiaG9saWRhdGVfZGV2cyIsImZ1bGxOYW1lIjoiVHLhuqduIFF14buRYyBExrDGoW5nIiwiZXhwIjoxNzY0MjU1NjQzLCJpYXQiOjE3NjM2NTA4NDMsImp0aSI6IjdiYTE1ZWRhLWY4YzEtNGUyYy05ZGU4LWZjNDI2OGI1MDM4NyJ9.Muve9p9uie_KIuwOmLENAWtCrK0prMQTPYvLGlEzRBNGNZr-8dlfEWoip11P9vIjqfTwuRUBJ41dMuxLAVA4Yw'),('7fa83a1c-6a37-4f8f-afc3-9d7604643ea2','eyJhbGciOiJIUzUxMiJ9.eyJzdWIiOiJiYW9kdW9uZzI5NzIwMDNAZ21haWwuY29tIiwic2NvcGUiOiJ1c2VyIiwiaXNzIjoiaG9saWRhdGVfZGV2cyIsImZ1bGxOYW1lIjoiVHLhuqduIFF14buRYyBExrDGoW5nIiwiZXhwIjoxNzYzMDk3NjMyLCJpYXQiOjE3NjI0OTI4MzIsImp0aSI6IjdmYTgzYTFjLTZhMzctNGY4Zi1hZmMzLTlkNzYwNDY0M2VhMiJ9.CRC1u4fMWjn5JC7ODPKCoDbiRC08loBvM9gqnrn2f_ArI1xuEZ3w6JeAVPJUq1jUAYvNRRq8-YH1eNhvmAkg2Q'),('8521e6c5-9190-4f4e-9f7c-eb245d280b4f','eyJhbGciOiJIUzUxMiJ9.eyJzdWIiOiJwaGFtbWluaGtoYW5ncHkyMDAzQGdtYWlsLmNvbSIsInNjb3BlIjoidXNlciIsImlzcyI6ImhvbGlkYXRlX2RldnMiLCJmdWxsTmFtZSI6Ik1pbmggS2hhbmcgUGjhuqFtIiwiZXhwIjoxNzU4MTIyODc3LCJpYXQiOjE3NTgxMjI3NTcsImp0aSI6Ijg1MjFlNmM1LTkxOTAtNGY0ZS05ZjdjLWViMjQ1ZDI4MGI0ZiJ9.MPbhADUfGndx8AZOoMaTXkNEPGg5qy2XNHpzGDP2e6hLAgWd0ECKcJc04ZgfaV6_JOpT4BdXjcRFkEaMHyvLdA'),('869526e8-fdf6-43f7-83c3-5ced1521d193','eyJhbGciOiJIUzUxMiJ9.eyJzdWIiOiJ0aGl2YW50cmFuMjAwM0BnbWFpbC5jb20iLCJzY29wZSI6InVzZXIiLCJpc3MiOiJob2xpZGF0ZV9kZXZzIiwiZnVsbE5hbWUiOiJUcuG6p24gVGjhu4sgVsOibiIsImV4cCI6MTc2MzA5NzYxMywiaWF0IjoxNzYyNDkyODEzLCJqdGkiOiI4Njk1MjZlOC1mZGY2LTQzZjctODNjMy01Y2VkMTUyMWQxOTMifQ.whzo1lFdAi7kJdBK2pGXWTOZzw9QnYDSxOxSr494eQMbH609Qvk_HiotlK4WLQzbqdJbfqU1aNifjsHDUbz60w'),('89af5534-07e9-4a25-a545-5b285bb007d9','eyJhbGciOiJIUzUxMiJ9.eyJzdWIiOiJiYW9kdW9uZzI5NzIwMDNAZ21haWwuY29tIiwic2NvcGUiOiJ1c2VyIiwiaXNzIjoiaG9saWRhdGVfZGV2cyIsImZ1bGxOYW1lIjoiVHLhuqduIFF14buRYyBExrDGoW5nIiwiZXhwIjoxNzYzMjIwMDAyLCJpYXQiOjE3NjI2MTUyMDIsImp0aSI6Ijg5YWY1NTM0LTA3ZTktNGEyNS1hNTQ1LTViMjg1YmIwMDdkOSJ9.lhQ94u_b54eAXpmzhb0n1mGIwcHvTiVlpXRCdoaqm4mVG7zhxqe-eHm_vjKGgPQlGPU1w9BwmaFTR8VoWn2kYQ'),('8db92f39-e444-44c8-b1cf-49a85986b392','eyJhbGciOiJIUzUxMiJ9.eyJzdWIiOiJiYW9kdW9uZzI5NzIwMDNAZ21haWwuY29tIiwic2NvcGUiOiJ1c2VyIiwiaXNzIjoiaG9saWRhdGVfZGV2cyIsImZ1bGxOYW1lIjoiVHLhuqduIFF14buRYyBExrDGoW5nIiwiZXhwIjoxNzYzMDk0ODQzLCJpYXQiOjE3NjI0OTAwNDMsImp0aSI6IjhkYjkyZjM5LWU0NDQtNDRjOC1iMWNmLTQ5YTg1OTg2YjM5MiJ9.DY-xAq8rCFnH7VumG_ZEPY71YrnqhVwIkpYlv2_I2mYVLYOf4WDwac6DxzdZoG9ZvJlHO7M3wtcTfU8Py_-0Ow'),('96a4b809-1b2b-4465-ba74-1ec3d233a0f7','eyJhbGciOiJIUzUxMiJ9.eyJzdWIiOiJhZG1pbkBob2xpZGF0ZS5jb20iLCJzY29wZSI6ImFkbWluIiwiaXNzIjoiaG9saWRhdGVfZGV2cyIsImZ1bGxOYW1lIjoiQWRtaW4iLCJleHAiOjE3NTgyMTI1MTgsImlhdCI6MTc1ODIxMjM5OCwianRpIjoiOTZhNGI4MDktMWIyYi00NDY1LWJhNzQtMWVjM2QyMzNhMGY3In0.yGl7O1iXDqncVbHHonLZPv1if9P00pix5YDuqEdxOn3uaGmzg_FfgrW8vXQlM4H-QEX8_mvcBGyOQTnTkOUakQ'),('9942ff49-e951-4024-8b3f-44bc0eb2bcbd','eyJhbGciOiJIUzUxMiJ9.eyJzdWIiOiJ0aGl2YW50cmFuMjAwM0BnbWFpbC5jb20iLCJzY29wZSI6InVzZXIiLCJpc3MiOiJob2xpZGF0ZV9kZXZzIiwiZnVsbE5hbWUiOiJUcuG6p24gVGjhu4sgVsOibiIsImV4cCI6MTc2MzMwODkxOCwiaWF0IjoxNzYyNzA0MTE4LCJqdGkiOiI5OTQyZmY0OS1lOTUxLTQwMjQtOGIzZi00NGJjMGViMmJjYmQifQ.GdESuVsfUee0deRROkzqQh5Tm-bPlCaLvk6vxMXrBhmaJ_3r4-o998T3gLB25nDtyGCDybyPzTEPUrnj5wNh7g'),('9d18f525-d20c-4800-9a31-8bc02011f32e','eyJhbGciOiJIUzUxMiJ9.eyJzdWIiOiJ0aGl2YW50cmFuMjAwM0BnbWFpbC5jb20iLCJzY29wZSI6InVzZXIiLCJpc3MiOiJob2xpZGF0ZV9kZXZzIiwiZnVsbE5hbWUiOiJUcuG6p24gVGjhu4sgVsOibiIsImV4cCI6MTc2MzIxOTY3MiwiaWF0IjoxNzYyNjE0ODcyLCJqdGkiOiI5ZDE4ZjUyNS1kMjBjLTQ4MDAtOWEzMS04YmMwMjAxMWYzMmUifQ.wAcjN_ZPnjWkRFBlQkf2hBZTHB5Z2yEhepI69QFhkzbc1N4mBvR9RTHEVkiYSHIaICRX_xID_xqFEPhWrD_cGw'),('a5f7b5fd-367c-442c-bcfb-132c494286d2','eyJhbGciOiJIUzUxMiJ9.eyJzdWIiOiJ0aGl2YW50cmFuMjAwM0BnbWFpbC5jb20iLCJzY29wZSI6InVzZXIiLCJpc3MiOiJob2xpZGF0ZV9kZXZzIiwiZnVsbE5hbWUiOiJUcuG6p24gVGjhu4sgVsOibiIsImV4cCI6MTc2MzA5NDgzMSwiaWF0IjoxNzYyNDkwMDMxLCJqdGkiOiJhNWY3YjVmZC0zNjdjLTQ0MmMtYmNmYi0xMzJjNDk0Mjg2ZDIifQ.zkDEReX_vX80zdg5LLA5eJA_uU4UuOQNxSnhBWKVcEaLjfrD_5FWhsDXQkwy1qJauaKASW9p8yXqtjJq3U0_yg'),('acdb425c-b33e-44d8-9b8f-1bbcbe24851c','eyJhbGciOiJIUzUxMiJ9.eyJzdWIiOiJwaHVxdW9jZGt2bkBnbWFpbC5jb20iLCJzY29wZSI6InVzZXIiLCJpc3MiOiJob2xpZGF0ZV9kZXZzIiwiZnVsbE5hbWUiOiJQaHUgUXVvYyIsImV4cCI6MTc2MzA5ODkwMiwiaWF0IjoxNzYyNDk0MTAyLCJqdGkiOiJhY2RiNDI1Yy1iMzNlLTQ0ZDgtOWI4Zi0xYmJjYmUyNDg1MWMifQ.YXgC7YMr8kLI2mIKoTYWE5fXXlvwg55zdsSDdjlZBwRBex8KD7rIX1KyNhDV3yt7GS43ewkpzeosqveIS6QN3A'),('af555895-c5b2-430e-a131-3f598a4a37d8','eyJhbGciOiJIUzUxMiJ9.eyJzdWIiOiJhZG1pbkBob2xpZGF0ZS5jb20iLCJzY29wZSI6ImFkbWluIiwiaXNzIjoiaG9saWRhdGVfZGV2cyIsImZ1bGxOYW1lIjoiQWRtaW4iLCJleHAiOjE3NTgwMzU0MjksImlhdCI6MTc1ODAzNTM2OSwianRpIjoiYWY1NTU4OTUtYzViMi00MzBlLWExMzEtM2Y1OThhNGEzN2Q4In0.IT3EjWynThuQAM_fLYpq6pr_nXjNxOtOp7mSQF9HF4bg_ZJf1D_X0rpH5TknIxVdh2Nk2gNvoB5S2N_DuSWV1w'),('b28b40e8-c3d6-4218-8e11-0819d69809e5','eyJhbGciOiJIUzUxMiJ9.eyJzdWIiOiJiYW9kdW9uZzI5NzIwMDNAZ21haWwuY29tIiwic2NvcGUiOiJ1c2VyIiwiaXNzIjoiaG9saWRhdGVfZGV2cyIsImZ1bGxOYW1lIjoiVHLhuqduIFF14buRYyBExrDGoW5nIiwiZXhwIjoxNzYzMDkwNjQyLCJpYXQiOjE3NjI0ODU4NDIsImp0aSI6ImIyOGI0MGU4LWMzZDYtNDIxOC04ZTExLTA4MTlkNjk4MDllNSJ9.NNwaLt5JSdcQfIy5nJMFF9YkdAEldsF-fdCJky5JC5eEpU_GI1nB9AWxArvTrIDLPg4-FSDpEQUrpYbOhdEhbA'),('b71e9558-cfc1-4e22-8ad8-94f7624e1356','eyJhbGciOiJIUzUxMiJ9.eyJzdWIiOiJiYW9kdW9uZzI5NzIwMDNAZ21haWwuY29tIiwic2NvcGUiOiJ1c2VyIiwiaXNzIjoiaG9saWRhdGVfZGV2cyIsImZ1bGxOYW1lIjoiVHLhuqduIFF14buRYyBExrDGoW5nIiwiZXhwIjoxNzYzMDkwNjQyLCJpYXQiOjE3NjI0ODU4NDIsImp0aSI6ImI3MWU5NTU4LWNmYzEtNGUyMi04YWQ4LTk0Zjc2MjRlMTM1NiJ9.-7YHggdPzhGjLuLpzzGS0C5I-TjwOTyvWUQoMrMG2F779UKbadTMHeq33I3NRREca9nb6ENmN-9wnU7aGNATBQ'),('bb6c039e-dd7d-4f06-aff3-537ebbfa0a89','eyJhbGciOiJIUzUxMiJ9.eyJzdWIiOiJ0aGl2YW50cmFuMjAwM0BnbWFpbC5jb20iLCJzY29wZSI6InVzZXIiLCJpc3MiOiJob2xpZGF0ZV9kZXZzIiwiZnVsbE5hbWUiOiJUcuG6p24gVGjhu4sgVsOibiIsImV4cCI6MTc2MzIxODYwOSwiaWF0IjoxNzYyNjEzODA5LCJqdGkiOiJiYjZjMDM5ZS1kZDdkLTRmMDYtYWZmMy01MzdlYmJmYTBhODkifQ.Gnngi93JDwiDNYmKsfBCVAKovxEXQ9-V7HGfn7Ulk8dx4aCaht1ZuYGSXUL1sNRk1dcPfI530R1U09zXWRqqTw'),('bd342338-0cd8-41d1-8ea4-677f1eb5d9a7','eyJhbGciOiJIUzUxMiJ9.eyJzdWIiOiJhZG1pbkBob2xpZGF0ZS5jb20iLCJzY29wZSI6ImFkbWluIiwiaXNzIjoiaG9saWRhdGVfZGV2cyIsImZ1bGxOYW1lIjoiQWRtaW4iLCJleHAiOjE3NTc5NTU5NDcsImlhdCI6MTc1Nzk1NTg4NywianRpIjoiYmQzNDIzMzgtMGNkOC00MWQxLThlYTQtNjc3ZjFlYjVkOWE3In0.iD9A1UWlWJDKv91vIal4hOnLQVb1AXd9Y6mV9LK41xLzChui1xCJpTwBvD7H9sG8qyuNwuOwE-PDX_vg1ao8ZA'),('c51c9f28-1018-411e-87f4-a05d7672a4ef','eyJhbGciOiJIUzUxMiJ9.eyJzdWIiOiJiYW9kdW9uZzI5NzIwMDNAZ21haWwuY29tIiwic2NvcGUiOiJ1c2VyIiwiaXNzIjoiaG9saWRhdGVfZGV2cyIsImZ1bGxOYW1lIjoiVHLhuqduIFF14buRYyBExrDGoW5nIiwiZXhwIjoxNzYzMDkxMzA2LCJpYXQiOjE3NjI0ODY1MDYsImp0aSI6ImM1MWM5ZjI4LTEwMTgtNDExZS04N2Y0LWEwNWQ3NjcyYTRlZiJ9.Ow5J1t51-EEdexDvKYqdE9-nMKfo6HKTKaeOlquGzoxCQMN1RqYiG95DhcVNqP82WNrte8QhXn_ge5X8H3h_9A'),('c8362fa7-9d4e-4563-afea-cdb1c6bf8e19','eyJhbGciOiJIUzUxMiJ9.eyJzdWIiOiJhZG1pbkBob2xpZGF0ZS5jb20iLCJzY29wZSI6ImFkbWluIiwiaXNzIjoiaG9saWRhdGVfZGV2cyIsImZ1bGxOYW1lIjoiQWRtaW4iLCJleHAiOjE3NTgwMzYyMTQsImlhdCI6MTc1ODAzNjA5NCwianRpIjoiYzgzNjJmYTctOWQ0ZS00NTYzLWFmZWEtY2RiMWM2YmY4ZTE5In0.ptSAfaUG55xc-LblhSxatlgQjaA5nPBoFMpIotm5tq5qUjDW_uLjrLZgNp0zumf1XEAx1Klam_J1jIuFt-j5_Q'),('cb110578-b404-4a91-a204-2890f49e451f','eyJhbGciOiJIUzUxMiJ9.eyJzdWIiOiJhZG1pbkBob2xpZGF0ZS5jb20iLCJzY29wZSI6ImFkbWluIiwiaXNzIjoiaG9saWRhdGVfZGV2cyIsImZ1bGxOYW1lIjoiQWRtaW4iLCJleHAiOjE3NjM4Mjc5ODcsImlhdCI6MTc2MzIyMzE4NywianRpIjoiY2IxMTA1NzgtYjQwNC00YTkxLWEyMDQtMjg5MGY0OWU0NTFmIn0.kXJ4xZ1L5eS07NMLlDbbwk3hZDrCVvHg8_SNztG553mxxhMCL8ZR18Bjac_U2Z3nhFcJAA5Ub5J3xekFWMblng'),('d6b37beb-60ba-4175-b02b-5e8308db0aee','eyJhbGciOiJIUzUxMiJ9.eyJzdWIiOiJ0aGl2YW50cmFuMjAwM0BnbWFpbC5jb20iLCJzY29wZSI6InVzZXIiLCJpc3MiOiJob2xpZGF0ZV9kZXZzIiwiZnVsbE5hbWUiOiJUcuG6p24gVGjhu4sgVsOibiIsImV4cCI6MTc2NDI0NDk0NSwiaWF0IjoxNzYzNjQwMTQ1LCJqdGkiOiJkNmIzN2JlYi02MGJhLTQxNzUtYjAyYi01ZTgzMDhkYjBhZWUifQ.K43cZzOPH-HSG3kfbN9rfGro-1GrxxcKCnlGPXroQtM0lrkalaLEFR4RC-0vU5Er8iOwZdj84vWCKOjY-C0nBg'),('d929663e-b7a9-4836-b64f-df0dcf12a52e','eyJhbGciOiJIUzUxMiJ9.eyJzdWIiOiJ0aGl2YW50cmFuMjAwM0BnbWFpbC5jb20iLCJzY29wZSI6InVzZXIiLCJpc3MiOiJob2xpZGF0ZV9kZXZzIiwiZnVsbE5hbWUiOiJUcuG6p24gVGjhu4sgVsOibiIsImV4cCI6MTc2MzA5NzYxMywiaWF0IjoxNzYyNDkyODEzLCJqdGkiOiJkOTI5NjYzZS1iN2E5LTQ4MzYtYjY0Zi1kZjBkY2YxMmE1MmUifQ.0oQ-Z9GCjpwJzZEN7zI9l-1fdn5mgyRAZ9ZCEWy47dUb_EAJZgdqcr7xQpnMs98Wbm3bBVPvhSoNwId3pvgOQg'),('db0a1ff6-acaf-4953-a4a4-183572864c2b','eyJhbGciOiJIUzUxMiJ9.eyJzdWIiOiJhZG1pbkBob2xpZGF0ZS5jb20iLCJzY29wZSI6ImFkbWluIiwiaXNzIjoiaG9saWRhdGVfZGV2cyIsImZ1bGxOYW1lIjoiQWRtaW4iLCJleHAiOjE3NjI5MTM5MjQsImlhdCI6MTc2MjMwOTEyNCwianRpIjoiZGIwYTFmZjYtYWNhZi00OTUzLWE0YTQtMTgzNTcyODY0YzJiIn0.o7aWvTReFV9aYjk-japvsH2Pkkpbmt00Dwxl2gF3uwNTaSGTARV4UWFb3mwt__tqtLanmlSAX7Za24jbMojtNg'),('dbf48f78-3e87-48bf-9394-d863a73d80ba','eyJhbGciOiJIUzUxMiJ9.eyJzdWIiOiJhZG1pbkBob2xpZGF0ZS5jb20iLCJzY29wZSI6ImFkbWluIiwiaXNzIjoiaG9saWRhdGVfZGV2cyIsImZ1bGxOYW1lIjoiQWRtaW4iLCJleHAiOjE3NTgwMzYxNDIsImlhdCI6MTc1ODAzNjAyMiwianRpIjoiZGJmNDhmNzgtM2U4Ny00OGJmLTkzOTQtZDg2M2E3M2Q4MGJhIn0.WLdnTfmQGsmcIxmf0QI-4r5UD8S8cWt35vdi9XThSZItE6f5ZpSqtxCX2McCc7ADvyw-z9wT_IDEqs9TT8yv0Q'),('dd583d69-1c1e-451d-9343-7c120c2a6e29','eyJhbGciOiJIUzUxMiJ9.eyJzdWIiOiJ0aGl2YW50cmFuMjAwM0BnbWFpbC5jb20iLCJzY29wZSI6InVzZXIiLCJpc3MiOiJob2xpZGF0ZV9kZXZzIiwiZnVsbE5hbWUiOiJUcuG6p24gVGjhu4sgVsOibiIsImV4cCI6MTc2NDI0OTYzMCwiaWF0IjoxNzYzNjQ0ODMwLCJqdGkiOiJkZDU4M2Q2OS0xYzFlLTQ1MWQtOTM0My03YzEyMGMyYTZlMjkifQ.piPx_pa9qW9aKRdAdYM9yiIkjsM2dkfRIqMU-MZriXw_HH9Ystnry47KRKZOnJ_fp-stPgw7GM2cgbnv-ZCagw'),('ebdd33f9-802c-4eba-8615-f1b915c73440','eyJhbGciOiJIUzUxMiJ9.eyJzdWIiOiJhZG1pbkBob2xpZGF0ZS5jb20iLCJzY29wZSI6ImFkbWluIiwiaXNzIjoiaG9saWRhdGVfZGV2cyIsImZ1bGxOYW1lIjoiQWRtaW4iLCJleHAiOjE3NTc5NTU2NTQsImlhdCI6MTc1Nzk1NTU5NCwianRpIjoiZWJkZDMzZjktODAyYy00ZWJhLTg2MTUtZjFiOTE1YzczNDQwIn0.NwwQH2Qvbly0uFu0tVQL8bCLovAwwjSuyf7KtU70sANFSdOsoKAMrHECOTtxNGPXZ7xFW_WezERLYuMBBX5Sgg'),('ed0c9c2a-ab6a-4acd-9642-6bf61120a75d','eyJhbGciOiJIUzUxMiJ9.eyJzdWIiOiJhZG1pbkBob2xpZGF0ZS5jb20iLCJzY29wZSI6ImFkbWluIiwiaXNzIjoiaG9saWRhdGVfZGV2cyIsImZ1bGxOYW1lIjoiQWRtaW4iLCJleHAiOjE3NjMwMDkzNDcsImlhdCI6MTc2MjQwNDU0NywianRpIjoiZWQwYzljMmEtYWI2YS00YWNkLTk2NDItNmJmNjExMjBhNzVkIn0.AVEfGOl4JjOI-RHFjHStPIVtzaXF0NGP9mLKo6aqRgA5PKipBmGiQWWRMtT-WJbIqpoj45LYALcCoiyejU7byw'),('ee5aa21a-42ff-4ece-9d41-af8743cc2e34','eyJhbGciOiJIUzUxMiJ9.eyJzdWIiOiJhZG1pbkBob2xpZGF0ZS5jb20iLCJzY29wZSI6ImFkbWluIiwiaXNzIjoiaG9saWRhdGVfZGV2cyIsImZ1bGxOYW1lIjoiQWRtaW4iLCJleHAiOjE3NTc5NTU4NzEsImlhdCI6MTc1Nzk1NTgxMSwianRpIjoiZWU1YWEyMWEtNDJmZi00ZWNlLTlkNDEtYWY4NzQzY2MyZTM0In0.mPHPhioV4hX_hLxdAvQUU7ULZ4MBFYd0TXA-ALg4WoqIwes6BhqIQgDz5GPCguZn5cBgffdxbFiGGk5WrtL9QQ'),('ee687080-fb5d-42ea-aa47-ce29a04cf3b9','eyJhbGciOiJIUzUxMiJ9.eyJzdWIiOiJiYW9kdW9uZzI5NzIwMDNAZ21haWwuY29tIiwic2NvcGUiOiJ1c2VyIiwiaXNzIjoiaG9saWRhdGVfZGV2cyIsImZ1bGxOYW1lIjoiVHLhuqduIFF14buRYyBExrDGoW5nIiwiZXhwIjoxNzYzMDk0ODQzLCJpYXQiOjE3NjI0OTAwNDMsImp0aSI6ImVlNjg3MDgwLWZiNWQtNDJlYS1hYTQ3LWNlMjlhMDRjZjNiOSJ9.vXza_euL1PCWGn4vcL30kAoUxqR3I1e0Nm5IQAtiL6ii2ADsPDSY0aN0cvWBl2KaGfhz2EHTYNvmU0oEqF9WWQ'),('ef7e68f8-df3b-4ed6-b241-86c1510bc3c7','eyJhbGciOiJIUzUxMiJ9.eyJzdWIiOiJwaGFtbWluaGtoYW5ncHkyMDAzQGdtYWlsLmNvbSIsInNjb3BlIjoidXNlciIsImlzcyI6ImhvbGlkYXRlX2RldnMiLCJmdWxsTmFtZSI6Ik1pbmggS2hhbmcgUGjhuqFtIiwiZXhwIjoxNzU4MjEyNjUwLCJpYXQiOjE3NTgyMTI1MzAsImp0aSI6ImVmN2U2OGY4LWRmM2ItNGVkNi1iMjQxLTg2YzE1MTBiYzNjNyJ9.QJEX_J61SZMSxsp2UTc_qd_I1hz5EbUlV_w5xwKkSATd1MKIi5f6xMdUyPHytSshqssFSQHBSG8mxyNZuWD5XA'),('f49bc166-81d6-4294-aa8d-5b72f33bc00b','eyJhbGciOiJIUzUxMiJ9.eyJzdWIiOiJhZG1pbkBob2xpZGF0ZS5jb20iLCJzY29wZSI6ImFkbWluIiwiaXNzIjoiaG9saWRhdGVfZGV2cyIsImZ1bGxOYW1lIjoiQWRtaW4iLCJleHAiOjE3NjMwNDA1NTksImlhdCI6MTc2MjQzNTc1OSwianRpIjoiZjQ5YmMxNjYtODFkNi00Mjk0LWFhOGQtNWI3MmYzM2JjMDBiIn0.ch9r4XV_QALtVnQ3EMycVMxKYQp7psk0dM_kbIBK3kw3UoFJsB11hzsI2uT22JgaAnW1IH6ilDRYelvf5rMP6g'),('f614b5c1-15de-4711-a2c6-b175ecaffce6','eyJhbGciOiJIUzUxMiJ9.eyJzdWIiOiJiYW9kdW9uZzI5NzIwMDNAZ21haWwuY29tIiwic2NvcGUiOiJ1c2VyIiwiaXNzIjoiaG9saWRhdGVfZGV2cyIsImZ1bGxOYW1lIjoiVHLhuqduIFF14buRYyBExrDGoW5nIiwiZXhwIjoxNzYzMDk3NjMyLCJpYXQiOjE3NjI0OTI4MzIsImp0aSI6ImY2MTRiNWMxLTE1ZGUtNDcxMS1hMmM2LWIxNzVlY2FmZmNlNiJ9.E_NnxVbbB9luJ128sYdyQtvMgjwlbF4h4NgtK9NrnCbdCmcGyCEA5hcURaZeuivVYA28XaEGX_gORijUQZKfqQ'),('f6212cb7-2b85-4782-9b34-fb0cfaa050f3','eyJhbGciOiJIUzUxMiJ9.eyJzdWIiOiJ0aGl2YW50cmFuMjAwM0BnbWFpbC5jb20iLCJzY29wZSI6InVzZXIiLCJpc3MiOiJob2xpZGF0ZV9kZXZzIiwiZnVsbE5hbWUiOiJUcuG6p24gVGjhu4sgVsOibiIsImV4cCI6MTc2Mzg3MDg5NywiaWF0IjoxNzYzMjY2MDk3LCJqdGkiOiJmNjIxMmNiNy0yYjg1LTQ3ODItOWIzNC1mYjBjZmFhMDUwZjMifQ.aWHA0I881Td0G-PhJqMCsz1dly_1MLrnOI1k-gZ8flGdRDbACC2FXZ_XH5F7E7cqBN3Wlews46ElR9GLbt--cQ'),('f830630f-91be-4847-879d-5aefb2889892','eyJhbGciOiJIUzUxMiJ9.eyJzdWIiOiJ0aGl2YW50cmFuMjAwM0BnbWFpbC5jb20iLCJzY29wZSI6InVzZXIiLCJpc3MiOiJob2xpZGF0ZV9kZXZzIiwiZnVsbE5hbWUiOiJUcuG6p24gVGjhu4sgVsOibiIsImV4cCI6MTc2NDI0OTYzMCwiaWF0IjoxNzYzNjQ0ODMwLCJqdGkiOiJmODMwNjMwZi05MWJlLTQ4NDctODc5ZC01YWVmYjI4ODk4OTIifQ.PdgNhfBpX2NTKYXg5AI4Z3MVRhgcsEPjolnzaBqAA7mowfbjxYn5xnkKJ-fHcSQ1-HABcbAnKyyaoydF_OdsVQ'),('fdbabc09-4a12-4484-ab32-b2b7efe2ea9b','eyJhbGciOiJIUzUxMiJ9.eyJzdWIiOiJhZG1pbkBob2xpZGF0ZS5jb20iLCJzY29wZSI6ImFkbWluIiwiaXNzIjoiaG9saWRhdGVfZGV2cyIsImZ1bGxOYW1lIjoiQWRtaW4iLCJleHAiOjE3NTgwMzU0MDMsImlhdCI6MTc1ODAzNTI4MywianRpIjoiZmRiYWJjMDktNGExMi00NDg0LWFiMzItYjJiN2VmZTJlYTliIn0.aBVntc53yR_pyUofOUJXwOIVOofC6HusEFUAEHhnTwxlW8ajR6KgldfKGmjeLKgywcq7RkVvlONVjRzoPykUwg'),('fff17232-3bda-4469-84c1-956901b822ea','eyJhbGciOiJIUzUxMiJ9.eyJzdWIiOiJhZG1pbkBob2xpZGF0ZS5jb20iLCJzY29wZSI6ImFkbWluIiwiaXNzIjoiaG9saWRhdGVfZGV2cyIsImZ1bGxOYW1lIjoiQWRtaW4iLCJleHAiOjE3NTgxMjI4MTksImlhdCI6MTc1ODEyMjY5OSwianRpIjoiZmZmMTcyMzItM2JkYS00NDY5LTg0YzEtOTU2OTAxYjgyMmVhIn0.NiAXAzYFt1KSQzJDxkXZ2g7JSX7VmOlmUfnI8mAWuOLI3Kx9qtfdzOaBctKdoXVge1gVHzFAJZoMvK5qxjzo_A');
/*!40000 ALTER TABLE `invalid_tokens` ENABLE KEYS */;
UNLOCK TABLES;

--
-- Table structure for table `payments`
--

DROP TABLE IF EXISTS `payments`;
/*!40101 SET @saved_cs_client     = @@character_set_client */;
/*!50503 SET character_set_client = utf8mb4 */;
CREATE TABLE `payments` (
  `id` varchar(255) NOT NULL,
  `amount` double NOT NULL,
  `completed_at` datetime(6) DEFAULT NULL,
  `created_at` datetime(6) NOT NULL,
  `payment_method` varchar(255) NOT NULL,
  `status` varchar(255) NOT NULL,
  `transaction_id` varchar(255) DEFAULT NULL,
  `booking_id` varchar(255) NOT NULL,
  PRIMARY KEY (`id`),
  UNIQUE KEY `UKnuscjm6x127hkb15kcb8n56wo` (`booking_id`),
  UNIQUE KEY `UKlryndveuwa4k5qthti0pkmtlx` (`transaction_id`),
  KEY `idx_payments_booking_id` (`booking_id`),
  KEY `idx_payments_status` (`status`),
  KEY `idx_payments_transaction_id` (`transaction_id`),
  KEY `idx_payments_payment_method` (`payment_method`),
  KEY `idx_payments_completed_at` (`completed_at`),
  KEY `idx_revenue_tracking_composite` (`status`,`completed_at`,`amount`),
  CONSTRAINT `FKc52o2b1jkxttngufqp3t7jr3h` FOREIGN KEY (`booking_id`) REFERENCES `bookings` (`id`)
) ENGINE=InnoDB DEFAULT CHARSET=utf8mb4 COLLATE=utf8mb4_0900_ai_ci;
/*!40101 SET character_set_client = @saved_cs_client */;

--
-- Dumping data for table `payments`
--

LOCK TABLES `payments` WRITE;
/*!40000 ALTER TABLE `payments` DISABLE KEYS */;
INSERT INTO `payments` VALUES ('043d83b6-2df4-404c-a8cb-cde027f11fc0',2260000,'2025-10-30 05:03:10.720578','2025-10-30 05:01:27.878484','vnpay','success','15226845','a2577d3b-29d0-4d95-b1e7-e232e8cb82a9'),('04ba6d65-800f-4f42-b730-bd6a3586d50a',2260000,'2025-10-30 06:19:15.782260','2025-10-30 06:18:20.190926','vnpay','success','15226975','6a91cd29-45d7-48ea-90cd-4bcf02de9997'),('0ebaabbf-b182-433b-8031-496b3833c6d3',22148000,'2025-10-31 17:05:34.240297','2025-10-31 17:03:02.716072','vnpay','success','15230802','8a1552e9-0fcd-4add-9b5f-b14bf1ed7527'),('2d5258ef-a9b3-4e95-8cbd-1bc9ecd667fd',10283000,'2025-11-01 06:43:15.226105','2025-11-01 06:42:40.066646','vnpay','success','15231361','5f199845-0aa0-45c6-91d0-6e55f1a6a9e4'),('32d99516-3ddd-4ffa-a3e7-ec595b89cced',977450,NULL,'2025-11-20 15:02:42.958149','vnpay','pending',NULL,'e29a0f79-f150-46ed-9adb-654215f565b9'),('38ef3a2f-3523-4225-90fc-e2108e291c8c',1921000,'2025-11-01 08:10:21.668667','2025-11-01 07:55:09.903089','vnpay','failed','0','a563ebae-f4e7-4acb-8955-349a79cbd5ba'),('48a30f22-762a-4134-9f78-a0d2dc58d5ea',9610650,'2025-10-28 15:58:02.030780','2025-10-28 15:57:25.498767','vnpay','success','15223596','924025f9-2bb0-4537-b6bf-5a90d300e700'),('490ebc0e-78ef-4386-aac5-42c5fc92e1c5',14656000,'2025-10-31 16:38:43.233036','2025-10-30 07:21:47.670401','vnpay','success','15230755','8c4e9d5c-5cc3-4894-a2ba-27f8214b9a6a'),('5d58e174-b82a-4a4e-925a-606e57422c04',10678500,'2025-10-28 16:12:44.156409','2025-10-28 16:12:03.410473','vnpay','success','15223612','8af48f05-a259-449a-ac9f-65a9a83a4fab'),('65eb0dfc-cac4-4229-882b-fdb1063aa591',2260000,'2025-10-30 05:13:22.062327','2025-10-30 05:12:26.686265','vnpay','success','15226863','580f254a-7716-4392-ada2-c57c11d04619'),('661e2c21-de63-49c3-80de-9d8553be00f1',1632850,'2025-11-20 12:29:18.991638','2025-11-20 12:19:53.946849','vnpay','success','15273245','15925ba8-af56-4d3f-a9de-1fac8bf1bdb7'),('7660840a-a7ac-4caa-a04a-0aa39dca91ac',11865000,'2025-10-31 16:51:46.783475','2025-10-31 16:51:12.408956','vnpay','success','15230779','a45ec050-1ad3-4c88-826c-7f008b55ba89'),('7a1959f5-38b9-4021-8b1a-4a0d57d72890',2260000,'2025-10-30 06:41:49.916556','2025-10-30 06:41:15.284105','vnpay','success','15227063','28a06901-0f40-4b81-84d3-33503f3e0fa3'),('7f1664e3-e46b-485a-af6e-5aa12f713897',1567875,NULL,'2025-10-28 16:58:28.961055','vnpay','pending',NULL,'438a4f52-9aaa-4b58-bffc-0874d1fcb236'),('8c9a2a32-87a4-4507-8d64-efbe4d08aca9',2260000,NULL,'2025-10-30 03:12:30.620604','vnpay','pending',NULL,'10efde46-7b9d-4b2f-9809-34abb8ef3969'),('8d69e79d-bebf-4f7f-a978-27a2186b0bbb',2260000,'2025-10-30 03:17:04.897198','2025-10-30 03:15:46.857816','vnpay','success','15226549','ef0da733-bd3b-4699-95e5-a5cc5209e6f3'),('8f9da04d-f2e2-47cd-aabc-1cdb22ae9c07',2260000,'2025-10-30 06:31:51.790134','2025-10-30 06:31:04.675456','vnpay','success','15227011','c9ba33ce-ae7b-4ecb-b670-b1c69a5c1c4b'),('951e0956-6663-4eae-b2a0-ef0f25ea6995',3364850,'2025-11-20 15:23:25.198876','2025-11-20 15:03:30.544582','vnpay','success','15273583','6c9279dd-ce12-4fc2-b6c5-0ce8b8c5a0ac'),('9adbd74d-ab1a-4b5b-ae4c-307dc85822a5',2260000,'2025-10-30 08:28:16.795381','2025-10-30 08:27:35.243537','vnpay','success','15227462','199bd637-99f7-47e4-afa2-66b785def27d'),('9de3c482-60f9-4a33-8051-313eaeef8978',3390000,'2025-10-29 14:45:30.514037','2025-10-29 14:44:22.132245','vnpay','success','15225981','e6a9459f-9125-43f0-9baa-03880b03e07e'),('9e0c216f-1d5c-4b75-b221-45a3ccaf28ba',2260000,'2025-10-30 13:18:30.225844','2025-10-30 13:17:12.052639','vnpay','success','15228199','4b633618-ad6d-4ec9-bea3-297f3fb2beca'),('a221bb73-da01-4657-bfc3-65c336825d0f',3842000,'2025-10-30 15:22:16.212630','2025-10-30 15:21:40.052609','vnpay','success','15228416','36330702-e82e-43d7-8aa6-557e5fc28f79'),('aa017c6d-58ff-4058-88f9-27ac9b5cd41d',4197300,'2025-10-31 16:29:45.832539','2025-10-30 15:39:22.309365','vnpay','success','15230739','3f4d9a49-51fe-4794-b974-1dd2fb234475'),('ab88682d-8d6d-4fb8-9f2f-e61702b51cd9',28476000,'2025-11-01 05:56:43.484166','2025-11-01 05:49:06.594577','vnpay','success','15231303','07ec047d-daa6-47da-9c62-caa3807d4829'),('b0b4d907-be67-429a-854e-2019cbc36ab2',847500,NULL,'2025-10-31 14:47:27.178906','vnpay','pending',NULL,'0aa6b369-fbb7-415e-9506-2b7e760dec3d'),('b7461407-c631-41d6-a890-726beca9f36c',2203500,'2025-10-28 16:49:11.897890','2025-10-28 16:47:04.346387','vnpay','success','15223677','515b9dc9-275a-4130-9cb7-e27db5f636ce'),('bc38cb8b-fd41-4966-84a0-829b7cd93a56',11865000,'2025-10-31 16:54:54.903871','2025-10-31 16:52:02.004790','vnpay','success','15230787','298dda8f-cc52-43c3-9b0a-ce06e433d11e'),('d946546f-77ed-4d6f-8f32-c5811ce22b0d',847500,'2025-10-31 15:35:07.667615','2025-10-31 15:34:25.050630','vnpay','success','15230649','3f00aba0-8907-4622-aab2-c9796bd809d8'),('ec364f13-629d-4589-94e1-de58f991957d',1921000,'2025-11-01 08:15:30.593841','2025-11-01 08:14:49.545434','vnpay','success','15231567','c1002ff6-5ec8-441f-b103-bdf88f2ac6cc'),('eeabc0cf-9368-4d5d-93b1-509c85980f07',2260000,'2025-10-30 08:03:11.262057','2025-10-30 08:02:23.566940','vnpay','success','15227370','db68088b-80f8-4836-b0c0-be764e75f738');
/*!40000 ALTER TABLE `payments` ENABLE KEYS */;
UNLOCK TABLES;

--
-- Table structure for table `photo_categories`
--

DROP TABLE IF EXISTS `photo_categories`;
/*!40101 SET @saved_cs_client     = @@character_set_client */;
/*!50503 SET character_set_client = utf8mb4 */;
CREATE TABLE `photo_categories` (
  `id` varchar(255) NOT NULL,
  `name` varchar(255) NOT NULL,
  PRIMARY KEY (`id`),
  UNIQUE KEY `UKjhxrhq2p1ylg6x0nirigiov3j` (`name`)
) ENGINE=InnoDB DEFAULT CHARSET=utf8mb4 COLLATE=utf8mb4_0900_ai_ci;
/*!40101 SET character_set_client = @saved_cs_client */;

--
-- Dumping data for table `photo_categories`
--

LOCK TABLES `photo_categories` WRITE;
/*!40000 ALTER TABLE `photo_categories` DISABLE KEYS */;
INSERT INTO `photo_categories` VALUES ('0ffb6f23-a0c7-11f0-a7b7-0a6aab4924ab','Ban công'),('89829534-9ed8-11f0-a7b7-0a6aab4924ab','Bên ngoài'),('05d2c3bd-b7c5-11f0-a7b7-0a6aab4924ab','Đánh giá'),('a8d2d034-9ed8-11f0-a7b7-0a6aab4924ab','Khác'),('89832ee6-9ed8-11f0-a7b7-0a6aab4924ab','Khu vực công cộng'),('8983301e-9ed8-11f0-a7b7-0a6aab4924ab','Nhà hàng hồ bơi'),('0ffa54d0-a0c7-11f0-a7b7-0a6aab4924ab','Phòng'),('0ffb6caa-a0c7-11f0-a7b7-0a6aab4924ab','Phòng tắm'),('89830164-9ed8-11f0-a7b7-0a6aab4924ab','Sảnh chờ');
/*!40000 ALTER TABLE `photo_categories` ENABLE KEYS */;
UNLOCK TABLES;

--
-- Table structure for table `photos`
--

DROP TABLE IF EXISTS `photos`;
/*!40101 SET @saved_cs_client     = @@character_set_client */;
/*!50503 SET character_set_client = utf8mb4 */;
CREATE TABLE `photos` (
  `id` varchar(255) NOT NULL,
  `url` text NOT NULL,
  `photo_category_id` varchar(255) NOT NULL,
  PRIMARY KEY (`id`),
  KEY `idx_photos_category_id` (`photo_category_id`),
  CONSTRAINT `FKe33amqu2a4cl01hmtfojwsvrv` FOREIGN KEY (`photo_category_id`) REFERENCES `photo_categories` (`id`)
) ENGINE=InnoDB DEFAULT CHARSET=utf8mb4 COLLATE=utf8mb4_0900_ai_ci;
/*!40101 SET character_set_client = @saved_cs_client */;

--
-- Dumping data for table `photos`
--

LOCK TABLES `photos` WRITE;
/*!40000 ALTER TABLE `photos` DISABLE KEYS */;
INSERT INTO `photos` VALUES ('00088e06-5900-4e5f-b35a-f1474489900e','https://holidate-storage.s3.ap-southeast-1.amazonaws.com/20033631-aec1028c4f98d763a9ed14d005add27a.jpeg','a8d2d034-9ed8-11f0-a7b7-0a6aab4924ab'),('00a1c7de-fa44-457f-9456-6b76be1f2938','https://holidate-storage.s3.ap-southeast-1.amazonaws.com/20033631-c5671fb5232227e8d841abcbab94f24c.jpeg','a8d2d034-9ed8-11f0-a7b7-0a6aab4924ab'),('00afc669-1c97-4a5c-a706-71f4673fc981','https://holidate-storage.s3.ap-southeast-1.amazonaws.com/20033631-85b3ba41998cace6b8c56e546ad9a0bc.jpeg','a8d2d034-9ed8-11f0-a7b7-0a6aab4924ab'),('00f8bee8-7058-47ef-96aa-d48b576ff9fa','https://holidate-storage.s3.ap-southeast-1.amazonaws.com/20033631-85b3ba41998cace6b8c56e546ad9a0bc.jpeg','a8d2d034-9ed8-11f0-a7b7-0a6aab4924ab'),('0108250f-1abf-4b9f-98e6-d7b781c1dfc4','https://holidate-storage.s3.ap-southeast-1.amazonaws.com/20050636-83c0454f27ab5d93f791429f5b83d9f4.jpeg','0ffb6f23-a0c7-11f0-a7b7-0a6aab4924ab'),('016a56c3-f1cf-4790-8bfe-7ae4369c75fc','https://holidate-storage.s3.ap-southeast-1.amazonaws.com/20033631-aec1028c4f98d763a9ed14d005add27a.jpeg','a8d2d034-9ed8-11f0-a7b7-0a6aab4924ab'),('01a9737d-a3e6-492d-9dcd-229b81608f70','https://holidate-storage.s3.ap-southeast-1.amazonaws.com/20033631-c5671fb5232227e8d841abcbab94f24c.jpeg','a8d2d034-9ed8-11f0-a7b7-0a6aab4924ab'),('01dc0eb1-fd45-4f4c-adda-0d1ed18adf42','https://holidate-storage.s3.ap-southeast-1.amazonaws.com/20033631-85b3ba41998cace6b8c56e546ad9a0bc.jpeg','a8d2d034-9ed8-11f0-a7b7-0a6aab4924ab'),('02736c23-8862-41e0-9ef1-47f8c673015b','https://holidate-storage.s3.ap-southeast-1.amazonaws.com/10019241-800x518-FIT_AND_TRIM-519e495dd0a4b9e1c786d6cbf2bdb205.jpg','0ffb6caa-a0c7-11f0-a7b7-0a6aab4924ab'),('02b4b36b-4a1c-454a-82d7-84307485ff59','https://holidate-storage.s3.ap-southeast-1.amazonaws.com/20033631-85b3ba41998cace6b8c56e546ad9a0bc.jpeg','a8d2d034-9ed8-11f0-a7b7-0a6aab4924ab'),('02d24fba-9a5d-48f7-a26e-7ee037ae3c37','https://holidate-storage.s3.ap-southeast-1.amazonaws.com/20033631-8ca9569de0ab3f614019d698d56cc793.jpeg','a8d2d034-9ed8-11f0-a7b7-0a6aab4924ab'),('032f1e9a-a369-4cdb-a51c-f5d11ffffe9b','https://holidate-storage.s3.ap-southeast-1.amazonaws.com/658107740.jpg','0ffa54d0-a0c7-11f0-a7b7-0a6aab4924ab'),('03343a3c-9273-4d88-936f-5757c855b4bb','https://holidate-storage.s3.ap-southeast-1.amazonaws.com/10019241-1827x1219-FIT_AND_TRIM-a36d9257b8ff3636c8ec151304d1293b.jpeg','0ffa54d0-a0c7-11f0-a7b7-0a6aab4924ab'),('034f28ca-13e2-47ea-b39d-6b6d15525180','https://holidate-storage.s3.ap-southeast-1.amazonaws.com/20033631-8ca9569de0ab3f614019d698d56cc793.jpeg','a8d2d034-9ed8-11f0-a7b7-0a6aab4924ab'),('0391940a-8a0e-4e62-83ac-4dd05da06111','https://holidate-storage.s3.ap-southeast-1.amazonaws.com/20033631-85b3ba41998cace6b8c56e546ad9a0bc.jpeg','a8d2d034-9ed8-11f0-a7b7-0a6aab4924ab'),('052c7144-61d9-41a0-8fe9-a8dc4205c951','https://holidate-storage.s3.ap-southeast-1.amazonaws.com/20042647-411cfd5403a2215ba863aedb8c6a1436.jpeg','0ffb6f23-a0c7-11f0-a7b7-0a6aab4924ab'),('06a7d462-bf0d-4d17-85a3-a8b70e023f48','https://holidate-storage.s3.ap-southeast-1.amazonaws.com/10019241-800x518-FIT_AND_TRIM-519e495dd0a4b9e1c786d6cbf2bdb205.jpg','0ffb6caa-a0c7-11f0-a7b7-0a6aab4924ab'),('07b245c5-98c3-4146-8738-1820580edeed','https://holidate-storage.s3.ap-southeast-1.amazonaws.com/20042647-dafcb52df89913917a9ddbc267568cea.jpeg','0ffb6f23-a0c7-11f0-a7b7-0a6aab4924ab'),('07f0fc09-671c-4139-b1cb-91dbe8b012ad','https://holidate-storage.s3.ap-southeast-1.amazonaws.com/10019241-800x518-FIT_AND_TRIM-519e495dd0a4b9e1c786d6cbf2bdb205.jpg','0ffb6caa-a0c7-11f0-a7b7-0a6aab4924ab'),('081cadba-0dbf-491b-91cf-336ed932107f','https://holidate-storage.s3.ap-southeast-1.amazonaws.com/20033631-aec1028c4f98d763a9ed14d005add27a.jpeg','a8d2d034-9ed8-11f0-a7b7-0a6aab4924ab'),('083fe22e-2c1e-4d3f-b85b-dff7ab95f3a3','https://holidate-storage.s3.ap-southeast-1.amazonaws.com/20033631-85b3ba41998cace6b8c56e546ad9a0bc.jpeg','a8d2d034-9ed8-11f0-a7b7-0a6aab4924ab'),('08997771-4c2b-4aa1-a740-5d0c6382efa9','https://holidate-storage.s3.ap-southeast-1.amazonaws.com/10019241-800x518-FIT_AND_TRIM-519e495dd0a4b9e1c786d6cbf2bdb205.jpg','0ffa54d0-a0c7-11f0-a7b7-0a6aab4924ab'),('08e60173-296d-4e1c-bdad-d66e3f1dc733','https://holidate-storage.s3.ap-southeast-1.amazonaws.com/20042647-dafcb52df89913917a9ddbc267568cea.jpeg','0ffb6f23-a0c7-11f0-a7b7-0a6aab4924ab'),('08f6e715-cb99-4b8e-baf7-6226b77ed2c8','https://holidate-storage.s3.ap-southeast-1.amazonaws.com/20033631-85b3ba41998cace6b8c56e546ad9a0bc.jpeg','a8d2d034-9ed8-11f0-a7b7-0a6aab4924ab'),('09f34b26-fea2-4a6f-a787-0b12513c7216','https://holidate-storage.s3.ap-southeast-1.amazonaws.com/20033631-85b3ba41998cace6b8c56e546ad9a0bc.jpeg','a8d2d034-9ed8-11f0-a7b7-0a6aab4924ab'),('0b7b28e3-2771-4397-85b9-d047a835f15c','https://holidate-storage.s3.ap-southeast-1.amazonaws.com/20033631-85b3ba41998cace6b8c56e546ad9a0bc.jpeg','a8d2d034-9ed8-11f0-a7b7-0a6aab4924ab'),('0ba0b1bf-6081-4cf2-8da4-1ea19fa9145f','https://holidate-storage.s3.ap-southeast-1.amazonaws.com/B.jpg','0ffa54d0-a0c7-11f0-a7b7-0a6aab4924ab'),('0ba9d2e2-1c40-49aa-a176-081e88330921','https://holidate-storage.s3.ap-southeast-1.amazonaws.com/10019241-1827x1219-FIT_AND_TRIM-a36d9257b8ff3636c8ec151304d1293b.jpeg','0ffa54d0-a0c7-11f0-a7b7-0a6aab4924ab'),('0c0e1f7b-ba51-40e9-aeaf-c8c240e4409a','https://holidate-storage.s3.ap-southeast-1.amazonaws.com/20033631-b0698f733b24661b9d24b98b30019ca1.jpeg','a8d2d034-9ed8-11f0-a7b7-0a6aab4924ab'),('0c7cee35-b79f-4853-ade7-f99ce0b8c576','https://holidate-storage.s3.ap-southeast-1.amazonaws.com/20033631-aec1028c4f98d763a9ed14d005add27a.jpeg','a8d2d034-9ed8-11f0-a7b7-0a6aab4924ab'),('0d7c4db1-3d37-497e-b4da-262b4c0e3c12','https://holidate-storage.s3.ap-southeast-1.amazonaws.com/20033631-c5671fb5232227e8d841abcbab94f24c.jpeg','a8d2d034-9ed8-11f0-a7b7-0a6aab4924ab'),('0f295f92-51ab-4d30-90be-22afd6daf4d7','https://holidate-storage.s3.ap-southeast-1.amazonaws.com/20033631-8ca9569de0ab3f614019d698d56cc793.jpeg','a8d2d034-9ed8-11f0-a7b7-0a6aab4924ab'),('0f7f8b09-4f0a-4271-9ddc-77bf6b966eaf','https://holidate-storage.s3.ap-southeast-1.amazonaws.com/20033631-b0698f733b24661b9d24b98b30019ca1.jpeg','a8d2d034-9ed8-11f0-a7b7-0a6aab4924ab'),('0ff14e2b-744c-4e8c-a596-248050e71431','https://holidate-storage.s3.ap-southeast-1.amazonaws.com/20033631-b0698f733b24661b9d24b98b30019ca1.jpeg','a8d2d034-9ed8-11f0-a7b7-0a6aab4924ab'),('10e67c18-075c-4cfd-b2bc-7422c29fb0e3','https://holidate-storage.s3.ap-southeast-1.amazonaws.com/20033631-85b3ba41998cace6b8c56e546ad9a0bc.jpeg','a8d2d034-9ed8-11f0-a7b7-0a6aab4924ab'),('10eae4ca-957b-4419-b0a3-5a727182840a','https://holidate-storage.s3.ap-southeast-1.amazonaws.com/95fbe588_z.jpg','0ffb6caa-a0c7-11f0-a7b7-0a6aab4924ab'),('1116c09d-c4e6-4c0f-964f-abf4e94bdb65','https://holidate-storage.s3.ap-southeast-1.amazonaws.com/20033631-8ca9569de0ab3f614019d698d56cc793.jpeg','a8d2d034-9ed8-11f0-a7b7-0a6aab4924ab'),('111987f5-140d-438e-8163-a5bfefb416f2','https://holidate-storage.s3.ap-southeast-1.amazonaws.com/20033631-c5671fb5232227e8d841abcbab94f24c.jpeg','a8d2d034-9ed8-11f0-a7b7-0a6aab4924ab'),('11d027c3-8f35-4f4e-9c84-70c07703e7ad','https://holidate-storage.s3.ap-southeast-1.amazonaws.com/10027040-9187b37c3e00f33b8d42ee1558c03f53.jpeg','0ffa54d0-a0c7-11f0-a7b7-0a6aab4924ab'),('125030dc-a20b-43a3-89f4-678c7620c036','https://holidate-storage.s3.ap-southeast-1.amazonaws.com/087b6ed7_z.jpg','0ffa54d0-a0c7-11f0-a7b7-0a6aab4924ab'),('128b2434-6e62-4692-a930-00f1c98671bb','https://holidate-storage.s3.ap-southeast-1.amazonaws.com/C.jpg','0ffa54d0-a0c7-11f0-a7b7-0a6aab4924ab'),('132a0612-c57a-46f6-b99e-ce13e0a5f26a','https://holidate-storage.s3.ap-southeast-1.amazonaws.com/20033631-8ca9569de0ab3f614019d698d56cc793.jpeg','a8d2d034-9ed8-11f0-a7b7-0a6aab4924ab'),('13641963-dd75-4c4e-91f3-cc6b563b32cd','https://holidate-storage.s3.ap-southeast-1.amazonaws.com/20033631-aec1028c4f98d763a9ed14d005add27a.jpeg','a8d2d034-9ed8-11f0-a7b7-0a6aab4924ab'),('13674c86-7c42-4ff0-b6ca-773544549f61','https://holidate-storage.s3.ap-southeast-1.amazonaws.com/20033631-c5671fb5232227e8d841abcbab94f24c.jpeg','a8d2d034-9ed8-11f0-a7b7-0a6aab4924ab'),('1391c94d-5ae2-4865-99fa-ed95a94e5ffd','https://holidate-storage.s3.ap-southeast-1.amazonaws.com/0a26ecd8_z.jpg','0ffb6caa-a0c7-11f0-a7b7-0a6aab4924ab'),('13e1c440-639a-4e25-a34c-e298551ab3ef','https://holidate-storage.s3.ap-southeast-1.amazonaws.com/20033631-aec1028c4f98d763a9ed14d005add27a.jpeg','a8d2d034-9ed8-11f0-a7b7-0a6aab4924ab'),('14f7b1d8-b5ef-4df4-9de1-e4e7a23103bb','https://holidate-storage.s3.ap-southeast-1.amazonaws.com/20033631-c5671fb5232227e8d841abcbab94f24c.jpeg','a8d2d034-9ed8-11f0-a7b7-0a6aab4924ab'),('150db415-7930-4847-ae61-37d646b8a10c','https://holidate-storage.s3.ap-southeast-1.amazonaws.com/3d8210a9_z.jpg','0ffa54d0-a0c7-11f0-a7b7-0a6aab4924ab'),('17e8ca13-ae0b-40b1-a37d-d733b7781048','https://holidate-storage.s3.ap-southeast-1.amazonaws.com/20033631-85b3ba41998cace6b8c56e546ad9a0bc.jpeg','a8d2d034-9ed8-11f0-a7b7-0a6aab4924ab'),('1893518f-b24f-4ef4-9a61-cb96537a3caa','https://holidate-storage.s3.ap-southeast-1.amazonaws.com/20033631-b0698f733b24661b9d24b98b30019ca1.jpeg','a8d2d034-9ed8-11f0-a7b7-0a6aab4924ab'),('18c4227f-e896-4cb8-98e5-c28df75ed7b8','https://holidate-storage.s3.ap-southeast-1.amazonaws.com/20033631-85b3ba41998cace6b8c56e546ad9a0bc.jpeg','a8d2d034-9ed8-11f0-a7b7-0a6aab4924ab'),('18d480d5-ee0e-4789-b181-07ea041ed26e','https://holidate-storage.s3.ap-southeast-1.amazonaws.com/20033631-85b3ba41998cace6b8c56e546ad9a0bc.jpeg','a8d2d034-9ed8-11f0-a7b7-0a6aab4924ab'),('1907c29a-0365-4235-abf9-e2f78c1b2448','https://holidate-storage.s3.ap-southeast-1.amazonaws.com/20033631-85b3ba41998cace6b8c56e546ad9a0bc.jpeg','a8d2d034-9ed8-11f0-a7b7-0a6aab4924ab'),('190cd54e-1ba8-424e-b81b-3750eea43ff8','https://holidate-storage.s3.ap-southeast-1.amazonaws.com/20033631-85b3ba41998cace6b8c56e546ad9a0bc.jpeg','a8d2d034-9ed8-11f0-a7b7-0a6aab4924ab'),('19284b33-cde1-4be6-b3bb-9ee4712b5720','https://holidate-storage.s3.ap-southeast-1.amazonaws.com/20042647-411cfd5403a2215ba863aedb8c6a1436.jpeg','0ffb6f23-a0c7-11f0-a7b7-0a6aab4924ab'),('1b7b5538-027c-43d9-b4a5-0408b3284fdf','https://holidate-storage.s3.ap-southeast-1.amazonaws.com/20061391-2c94fec4eac488ca17be47f417889035.jpeg','0ffb6f23-a0c7-11f0-a7b7-0a6aab4924ab'),('1b7ca31c-cc42-4140-b216-b9b76bcfeedd','https://holidate-storage.s3.ap-southeast-1.amazonaws.com/20033631-c5671fb5232227e8d841abcbab94f24c.jpeg','a8d2d034-9ed8-11f0-a7b7-0a6aab4924ab'),('1b928857-49fc-43ed-93d7-bd356994d54a','https://holidate-storage.s3.ap-southeast-1.amazonaws.com/10019241-2514x1699-FIT_AND_TRIM-b1fe75c115f7045ae38f6a9b9785ef62.jpeg','0ffa54d0-a0c7-11f0-a7b7-0a6aab4924ab'),('1bdb9e7c-9322-4b31-9043-7e468053f74a','https://holidate-storage.s3.ap-southeast-1.amazonaws.com/10027040-d1115ca673dc4fa6a49c82c60907261a.jpeg','0ffa54d0-a0c7-11f0-a7b7-0a6aab4924ab'),('1c62768b-2edc-42f3-8c97-349e7e34f718','https://holidate-storage.s3.ap-southeast-1.amazonaws.com/20033631-b0698f733b24661b9d24b98b30019ca1.jpeg','a8d2d034-9ed8-11f0-a7b7-0a6aab4924ab'),('1c6db8ba-4c1b-49ec-a37f-9d60c5135079','https://holidate-storage.s3.ap-southeast-1.amazonaws.com/20033631-85b3ba41998cace6b8c56e546ad9a0bc.jpeg','a8d2d034-9ed8-11f0-a7b7-0a6aab4924ab'),('1ebb4b8b-d62f-4ada-a63c-6c5b5329d57f','https://holidate-storage.s3.ap-southeast-1.amazonaws.com/20061391-326893946a4dfa8dbc7b7773b17503cb.jpg','0ffb6f23-a0c7-11f0-a7b7-0a6aab4924ab'),('1ed6c0f4-f7b2-4d6a-a3f1-e690e592e4cf','https://holidate-storage.s3.ap-southeast-1.amazonaws.com/20033631-b0698f733b24661b9d24b98b30019ca1.jpeg','a8d2d034-9ed8-11f0-a7b7-0a6aab4924ab'),('1ed9d02c-d83c-4f27-8b03-28a30b96d985','https://holidate-storage.s3.ap-southeast-1.amazonaws.com/20033631-aec1028c4f98d763a9ed14d005add27a.jpeg','a8d2d034-9ed8-11f0-a7b7-0a6aab4924ab'),('1efc4c67-2c50-424d-b2cf-ed7c752e4924','https://holidate-storage.s3.ap-southeast-1.amazonaws.com/20033631-aec1028c4f98d763a9ed14d005add27a.jpeg','a8d2d034-9ed8-11f0-a7b7-0a6aab4924ab'),('1f3377de-15a2-4a20-94f2-9d04dc74d57a','https://holidate-storage.s3.ap-southeast-1.amazonaws.com/20033631-85b3ba41998cace6b8c56e546ad9a0bc.jpeg','a8d2d034-9ed8-11f0-a7b7-0a6aab4924ab'),('20b7b8b4-fa50-4ed6-b751-f661a08a8f10','https://holidate-storage.s3.ap-southeast-1.amazonaws.com/20033631-c5671fb5232227e8d841abcbab94f24c.jpeg','a8d2d034-9ed8-11f0-a7b7-0a6aab4924ab'),('20d398ed-413a-4116-825b-011d0a4f53ad','https://holidate-storage.s3.ap-southeast-1.amazonaws.com/087b6ed7_z.jpg','0ffa54d0-a0c7-11f0-a7b7-0a6aab4924ab'),('21549404-7d79-4e94-900d-71e463b02060','https://holidate-storage.s3.ap-southeast-1.amazonaws.com/20033631-8ca9569de0ab3f614019d698d56cc793.jpeg','a8d2d034-9ed8-11f0-a7b7-0a6aab4924ab'),('21870e2e-49cb-4a4a-a0e9-b3cd380e34cd','https://holidate-storage.s3.ap-southeast-1.amazonaws.com/20033631-b0698f733b24661b9d24b98b30019ca1.jpeg','a8d2d034-9ed8-11f0-a7b7-0a6aab4924ab'),('21a2e2bf-8172-40cb-90eb-433079258159','https://holidate-storage.s3.ap-southeast-1.amazonaws.com/20042647-dafcb52df89913917a9ddbc267568cea.jpeg','0ffb6f23-a0c7-11f0-a7b7-0a6aab4924ab'),('226f3804-cd13-4351-86eb-6bc49993d769','https://holidate-storage.s3.ap-southeast-1.amazonaws.com/20033631-c5671fb5232227e8d841abcbab94f24c.jpeg','a8d2d034-9ed8-11f0-a7b7-0a6aab4924ab'),('23a99050-9798-4c79-94dd-6b3240b23b84','https://holidate-storage.s3.ap-southeast-1.amazonaws.com/20042647-dafcb52df89913917a9ddbc267568cea.jpeg','0ffb6f23-a0c7-11f0-a7b7-0a6aab4924ab'),('23bc4b15-c4af-49b4-8c1d-d368ca6135af','https://holidate-storage.s3.ap-southeast-1.amazonaws.com/20033631-c5671fb5232227e8d841abcbab94f24c.jpeg','a8d2d034-9ed8-11f0-a7b7-0a6aab4924ab'),('23e0e778-fc3d-44bd-971a-07c909eac742','https://holidate-storage.s3.ap-southeast-1.amazonaws.com/087b6ed7_z.jpg','0ffa54d0-a0c7-11f0-a7b7-0a6aab4924ab'),('23f5de6f-ab42-426f-ba5c-746ac5f02e3c','https://holidate-storage.s3.ap-southeast-1.amazonaws.com/20033631-85b3ba41998cace6b8c56e546ad9a0bc.jpeg','a8d2d034-9ed8-11f0-a7b7-0a6aab4924ab'),('24dcb53f-ea25-47d1-87c3-d8c05ff82a5d','https://holidate-storage.s3.ap-southeast-1.amazonaws.com/20033631-85b3ba41998cace6b8c56e546ad9a0bc.jpeg','a8d2d034-9ed8-11f0-a7b7-0a6aab4924ab'),('24f36479-ea7d-499b-8741-993b9c402248','https://holidate-storage.s3.ap-southeast-1.amazonaws.com/0a26ecd8_z.jpg','0ffa54d0-a0c7-11f0-a7b7-0a6aab4924ab'),('258f5f46-a17d-44c8-8b4c-a2e29407f195','https://holidate-storage.s3.ap-southeast-1.amazonaws.com/10027040-9187b37c3e00f33b8d42ee1558c03f53.jpeg','0ffa54d0-a0c7-11f0-a7b7-0a6aab4924ab'),('25afba95-1461-4da9-bfa4-635678eb2dd1','https://holidate-storage.s3.ap-southeast-1.amazonaws.com/3d8210a9_z.jpg','0ffa54d0-a0c7-11f0-a7b7-0a6aab4924ab'),('2610819f-6b3f-4e0a-baca-88dfc740f8ad','https://holidate-storage.s3.ap-southeast-1.amazonaws.com/10019241-2514x1699-FIT_AND_TRIM-b1fe75c115f7045ae38f6a9b9785ef62.jpeg','0ffa54d0-a0c7-11f0-a7b7-0a6aab4924ab'),('261c1834-a718-4d38-989a-a09e581064b5','https://holidate-storage.s3.ap-southeast-1.amazonaws.com/20050636-cf4c5a5936cc908a23f44ee54f253675.jpeg','0ffb6f23-a0c7-11f0-a7b7-0a6aab4924ab'),('26b867be-1d57-47e2-8ed0-e50146e5421b','https://holidate-storage.s3.ap-southeast-1.amazonaws.com/20033631-b0698f733b24661b9d24b98b30019ca1.jpeg','a8d2d034-9ed8-11f0-a7b7-0a6aab4924ab'),('26cd90b4-4fec-436b-914d-658a49e9c6da','https://holidate-storage.s3.ap-southeast-1.amazonaws.com/20033631-8ca9569de0ab3f614019d698d56cc793.jpeg','a8d2d034-9ed8-11f0-a7b7-0a6aab4924ab'),('287fba7c-1c0a-486e-9386-39f6edc4a6b7','https://holidate-storage.s3.ap-southeast-1.amazonaws.com/20033631-aec1028c4f98d763a9ed14d005add27a.jpeg','a8d2d034-9ed8-11f0-a7b7-0a6aab4924ab'),('28c0cd72-963d-4c3b-8a3a-c740157986b1','https://holidate-storage.s3.ap-southeast-1.amazonaws.com/680041111-9270cef03f133f8ae9a32223e7af913e.jpeg','0ffb6f23-a0c7-11f0-a7b7-0a6aab4924ab'),('28f37b99-0cb8-4054-849b-dead4b747e79','https://holidate-storage.s3.ap-southeast-1.amazonaws.com/20033631-aec1028c4f98d763a9ed14d005add27a.jpeg','a8d2d034-9ed8-11f0-a7b7-0a6aab4924ab'),('2a13901f-9d00-4aa7-90ec-cde7de57ff52','https://holidate-storage.s3.ap-southeast-1.amazonaws.com/20033631-aec1028c4f98d763a9ed14d005add27a.jpeg','a8d2d034-9ed8-11f0-a7b7-0a6aab4924ab'),('2b406489-42a5-40b4-8757-e2f8a2bcfaef','https://holidate-storage.s3.ap-southeast-1.amazonaws.com/20033631-c5671fb5232227e8d841abcbab94f24c.jpeg','a8d2d034-9ed8-11f0-a7b7-0a6aab4924ab'),('2b41fbe3-16d6-4977-81dc-6e2d0fb89a4c','https://holidate-storage.s3.ap-southeast-1.amazonaws.com/10019241-2514x1699-FIT_AND_TRIM-b1fe75c115f7045ae38f6a9b9785ef62.jpeg','0ffa54d0-a0c7-11f0-a7b7-0a6aab4924ab'),('2be4770d-1d93-4d12-9fea-a7702180c876','https://holidate-storage.s3.ap-southeast-1.amazonaws.com/20033631-8ca9569de0ab3f614019d698d56cc793.jpeg','a8d2d034-9ed8-11f0-a7b7-0a6aab4924ab'),('2be75d91-59c2-4951-8e7f-d4d350d7eacd','https://holidate-storage.s3.ap-southeast-1.amazonaws.com/20033631-85b3ba41998cace6b8c56e546ad9a0bc.jpeg','a8d2d034-9ed8-11f0-a7b7-0a6aab4924ab'),('2c399ddf-bdff-4a6c-a591-1c2bbe2ea2cf','https://holidate-storage.s3.ap-southeast-1.amazonaws.com/0a26ecd8_z.jpg','0ffa54d0-a0c7-11f0-a7b7-0a6aab4924ab'),('2cc96000-f475-447f-aba9-c90c12cd4bb6','https://holidate-storage.s3.ap-southeast-1.amazonaws.com/20033631-8ca9569de0ab3f614019d698d56cc793.jpeg','a8d2d034-9ed8-11f0-a7b7-0a6aab4924ab'),('2d19fbf4-ca02-407e-8276-101744d47509','https://holidate-storage.s3.ap-southeast-1.amazonaws.com/20033631-b0698f733b24661b9d24b98b30019ca1.jpeg','a8d2d034-9ed8-11f0-a7b7-0a6aab4924ab'),('2d792003-ac27-4361-a945-a80df7ecd55b','https://holidate-storage.s3.ap-southeast-1.amazonaws.com/20033631-8ca9569de0ab3f614019d698d56cc793.jpeg','a8d2d034-9ed8-11f0-a7b7-0a6aab4924ab'),('2e22e995-242b-4d92-98d5-e5f8f00d447e','https://holidate-storage.s3.ap-southeast-1.amazonaws.com/20016842-3078abf5cf90a3ec8b59453f05737775.jpeg','0ffb6f23-a0c7-11f0-a7b7-0a6aab4924ab'),('2ee86ad9-93de-4eed-913c-5997e50f003a','https://holidate-storage.s3.ap-southeast-1.amazonaws.com/20040079-a85d268d10032c6e336391daadc5597e.jpeg','0ffb6f23-a0c7-11f0-a7b7-0a6aab4924ab'),('2eff268e-2380-4cf6-9735-603b95186023','https://holidate-storage.s3.ap-southeast-1.amazonaws.com/20033631-aec1028c4f98d763a9ed14d005add27a.jpeg','a8d2d034-9ed8-11f0-a7b7-0a6aab4924ab'),('2f52bafe-2dc5-455a-ac56-546f2de24abc','https://holidate-storage.s3.ap-southeast-1.amazonaws.com/20033631-c5671fb5232227e8d841abcbab94f24c.jpeg','a8d2d034-9ed8-11f0-a7b7-0a6aab4924ab'),('2f5d1a69-e287-40cb-8a8b-87f52b25a424','https://holidate-storage.s3.ap-southeast-1.amazonaws.com/10019241-1827x1219-FIT_AND_TRIM-a36d9257b8ff3636c8ec151304d1293b.jpeg','0ffa54d0-a0c7-11f0-a7b7-0a6aab4924ab'),('3094cb0d-5aa9-4c6f-b935-c0087daf087a','https://holidate-storage.s3.ap-southeast-1.amazonaws.com/10027040-ab4c17117433c0d3611e442261119f06.jpeg','0ffa54d0-a0c7-11f0-a7b7-0a6aab4924ab'),('30aedad1-6590-4653-928d-805b418cbe12','https://holidate-storage.s3.ap-southeast-1.amazonaws.com/20033631-c5671fb5232227e8d841abcbab94f24c.jpeg','a8d2d034-9ed8-11f0-a7b7-0a6aab4924ab'),('30c9ca58-75ad-4a2d-a2b0-5eddd98b14ae','https://holidate-storage.s3.ap-southeast-1.amazonaws.com/20033631-8ca9569de0ab3f614019d698d56cc793.jpeg','a8d2d034-9ed8-11f0-a7b7-0a6aab4924ab'),('30e4af68-a0fb-43ca-84a2-778c7f5aee9f','https://holidate-storage.s3.ap-southeast-1.amazonaws.com/20033631-8ca9569de0ab3f614019d698d56cc793.jpeg','a8d2d034-9ed8-11f0-a7b7-0a6aab4924ab'),('3150c6b5-ffdf-4fb4-92f7-f7124bee9c8a','https://holidate-storage.s3.ap-southeast-1.amazonaws.com/20033631-aec1028c4f98d763a9ed14d005add27a.jpeg','a8d2d034-9ed8-11f0-a7b7-0a6aab4924ab'),('32be0801-6bc3-445f-9125-27cae7522139','https://holidate-storage.s3.ap-southeast-1.amazonaws.com/f8c26959_z.jpg','0ffa54d0-a0c7-11f0-a7b7-0a6aab4924ab'),('337ed1f9-cd91-4ed0-b3df-436c403124f3','https://holidate-storage.s3.ap-southeast-1.amazonaws.com/10027170-e45b7018eab097c1793f876ff2434a58.jpeg','0ffa54d0-a0c7-11f0-a7b7-0a6aab4924ab'),('337fb385-709e-4d4d-95b6-457f266510a3','https://holidate-storage.s3.ap-southeast-1.amazonaws.com/20033631-8ca9569de0ab3f614019d698d56cc793.jpeg','a8d2d034-9ed8-11f0-a7b7-0a6aab4924ab'),('3434337a-5790-4c72-aa11-8d8e433e5a89','https://holidate-storage.s3.ap-southeast-1.amazonaws.com/20033631-b0698f733b24661b9d24b98b30019ca1.jpeg','a8d2d034-9ed8-11f0-a7b7-0a6aab4924ab'),('352f6e83-9a67-43b7-a79b-44b255669a66','https://holidate-storage.s3.ap-southeast-1.amazonaws.com/20033631-b0698f733b24661b9d24b98b30019ca1.jpeg','a8d2d034-9ed8-11f0-a7b7-0a6aab4924ab'),('3622902d-410e-45d9-a2bf-45974af0ba5a','https://holidate-storage.s3.ap-southeast-1.amazonaws.com/658107740.jpg','05d2c3bd-b7c5-11f0-a7b7-0a6aab4924ab'),('3689c74b-9210-4401-8831-d2d86d396684','https://holidate-storage.s3.ap-southeast-1.amazonaws.com/20033631-aec1028c4f98d763a9ed14d005add27a.jpeg','a8d2d034-9ed8-11f0-a7b7-0a6aab4924ab'),('36b2900b-0289-4fa5-be25-707bb56f4ff9','https://holidate-storage.s3.ap-southeast-1.amazonaws.com/meo map.jpg','05d2c3bd-b7c5-11f0-a7b7-0a6aab4924ab'),('36ded4b0-c14f-44a5-989c-1091a9fd1dfa','https://holidate-storage.s3.ap-southeast-1.amazonaws.com/20033631-aec1028c4f98d763a9ed14d005add27a.jpeg','a8d2d034-9ed8-11f0-a7b7-0a6aab4924ab'),('36f0bff8-7cd2-4967-b5ff-937d4de1af7f','https://holidate-storage.s3.ap-southeast-1.amazonaws.com/20033631-b0698f733b24661b9d24b98b30019ca1.jpeg','a8d2d034-9ed8-11f0-a7b7-0a6aab4924ab'),('377f39d3-2d91-4e7a-aac0-26cf8ba4e310','https://holidate-storage.s3.ap-southeast-1.amazonaws.com/10027040-ed13ee9988ae01c6577afb0cafb19a06.jpeg','0ffa54d0-a0c7-11f0-a7b7-0a6aab4924ab'),('381e4395-a613-4d79-a88a-2717a3dcf1c2','https://holidate-storage.s3.ap-southeast-1.amazonaws.com/20090749-819451c0458149bbb4373855ecdaff66.jpeg','0ffb6f23-a0c7-11f0-a7b7-0a6aab4924ab'),('38fd3f3b-872d-45b8-b920-e27b8f0dc638','https://holidate-storage.s3.ap-southeast-1.amazonaws.com/20033631-b0698f733b24661b9d24b98b30019ca1.jpeg','a8d2d034-9ed8-11f0-a7b7-0a6aab4924ab'),('395f48ef-c101-4471-a656-c13a4179c30b','https://holidate-storage.s3.ap-southeast-1.amazonaws.com/20033631-c5671fb5232227e8d841abcbab94f24c.jpeg','a8d2d034-9ed8-11f0-a7b7-0a6aab4924ab'),('396db337-4055-4ca7-87dc-730ee2f8f25e','https://holidate-storage.s3.ap-southeast-1.amazonaws.com/20033631-b0698f733b24661b9d24b98b30019ca1.jpeg','a8d2d034-9ed8-11f0-a7b7-0a6aab4924ab'),('3a27ac77-11c2-457a-aa81-73fd3f976618','https://holidate-storage.s3.ap-southeast-1.amazonaws.com/10019241-2514x1699-FIT_AND_TRIM-b1fe75c115f7045ae38f6a9b9785ef62.jpeg','0ffa54d0-a0c7-11f0-a7b7-0a6aab4924ab'),('3a9636bc-20c8-4cc4-a4a7-e8d68e81c112','https://holidate-storage.s3.ap-southeast-1.amazonaws.com/95fbe588_z.jpg','0ffa54d0-a0c7-11f0-a7b7-0a6aab4924ab'),('3bdd676a-7221-4b78-848e-37c7c4cbc7ae','https://holidate-storage.s3.ap-southeast-1.amazonaws.com/20016842-8fd9014079eb6fb2bbc695cea60df28d.jpeg','0ffb6f23-a0c7-11f0-a7b7-0a6aab4924ab'),('3c594f1e-7ed8-43b9-ac7f-56be72e80c7b','https://holidate-storage.s3.ap-southeast-1.amazonaws.com/20033631-c5671fb5232227e8d841abcbab94f24c.jpeg','a8d2d034-9ed8-11f0-a7b7-0a6aab4924ab'),('3c99d0b5-06fd-415f-b486-f3e851276c58','https://holidate-storage.s3.ap-southeast-1.amazonaws.com/10019241-800x518-FIT_AND_TRIM-519e495dd0a4b9e1c786d6cbf2bdb205.jpg','0ffb6caa-a0c7-11f0-a7b7-0a6aab4924ab'),('3cd34917-0a82-41cd-a8dc-3903c82702f6','https://holidate-storage.s3.ap-southeast-1.amazonaws.com/680041111-1f54877eaf9393308f999a255402f63d.jpeg','0ffb6f23-a0c7-11f0-a7b7-0a6aab4924ab'),('3d0ec9fb-85c2-40f2-9bda-40f49a41d664','https://holidate-storage.s3.ap-southeast-1.amazonaws.com/20050636-3597c1d5421f98dbb8c11e51b237cd86.jpeg','0ffb6f23-a0c7-11f0-a7b7-0a6aab4924ab'),('3d189aa1-2564-4cdd-b459-48cf9c87679e','https://holidate-storage.s3.ap-southeast-1.amazonaws.com/95fbe588_z.jpg','0ffb6caa-a0c7-11f0-a7b7-0a6aab4924ab'),('3d9c6dfe-1072-4187-bd0e-71df2326d3e8','https://holidate-storage.s3.ap-southeast-1.amazonaws.com/10019241-800x518-FIT_AND_TRIM-519e495dd0a4b9e1c786d6cbf2bdb205.jpg','0ffb6caa-a0c7-11f0-a7b7-0a6aab4924ab'),('3de4bc20-c4b3-47a0-b5e3-cd392410eae7','https://holidate-storage.s3.ap-southeast-1.amazonaws.com/10019241-800x518-FIT_AND_TRIM-519e495dd0a4b9e1c786d6cbf2bdb205.jpg','0ffb6caa-a0c7-11f0-a7b7-0a6aab4924ab'),('3e4a215f-45aa-4895-b3c9-653c0d831622','https://holidate-storage.s3.ap-southeast-1.amazonaws.com/20033631-85b3ba41998cace6b8c56e546ad9a0bc.jpeg','a8d2d034-9ed8-11f0-a7b7-0a6aab4924ab'),('3f7d00a6-fd8c-4c6c-a1d2-75d6f5a27cb9','https://holidate-storage.s3.ap-southeast-1.amazonaws.com/0a26ecd8_z.jpg','0ffa54d0-a0c7-11f0-a7b7-0a6aab4924ab'),('3fb27b75-47e2-463f-85b1-b17d9062da15','https://holidate-storage.s3.ap-southeast-1.amazonaws.com/20033631-aec1028c4f98d763a9ed14d005add27a.jpeg','a8d2d034-9ed8-11f0-a7b7-0a6aab4924ab'),('403435a0-8d9b-4619-9926-f78f8f02eb27','https://holidate-storage.s3.ap-southeast-1.amazonaws.com/20033631-c5671fb5232227e8d841abcbab94f24c.jpeg','a8d2d034-9ed8-11f0-a7b7-0a6aab4924ab'),('40d711e3-4cce-4720-833b-ca53e5d9b1d0','https://holidate-storage.s3.ap-southeast-1.amazonaws.com/20033631-85b3ba41998cace6b8c56e546ad9a0bc.jpeg','a8d2d034-9ed8-11f0-a7b7-0a6aab4924ab'),('40db667f-f8a3-4b70-ac21-3401689a3607','https://holidate-storage.s3.ap-southeast-1.amazonaws.com/10021795-93a5f9143fab9d24eb633568c96de4ee.jpeg','0ffa54d0-a0c7-11f0-a7b7-0a6aab4924ab'),('41e1b013-3d2f-44de-b74f-e8ea5eb2efeb','https://holidate-storage.s3.ap-southeast-1.amazonaws.com/20033631-b0698f733b24661b9d24b98b30019ca1.jpeg','a8d2d034-9ed8-11f0-a7b7-0a6aab4924ab'),('41eabfe0-10c4-49a9-a349-d02f3ec08a22','https://holidate-storage.s3.ap-southeast-1.amazonaws.com/20033631-85b3ba41998cace6b8c56e546ad9a0bc.jpeg','a8d2d034-9ed8-11f0-a7b7-0a6aab4924ab'),('421bd9a8-98b1-4942-8e6e-875d3ba87f31','https://holidate-storage.s3.ap-southeast-1.amazonaws.com/20042647-bdb51ab398d86d72f9fceda4725b0244.jpeg','0ffb6f23-a0c7-11f0-a7b7-0a6aab4924ab'),('422dc0bd-b3bf-4a91-aed9-32601d86c00a','https://holidate-storage.s3.ap-southeast-1.amazonaws.com/20033631-b0698f733b24661b9d24b98b30019ca1.jpeg','a8d2d034-9ed8-11f0-a7b7-0a6aab4924ab'),('429a4bba-bfc2-4b73-9e5d-c9b493aa04d4','https://holidate-storage.s3.ap-southeast-1.amazonaws.com/10019241-1827x1219-FIT_AND_TRIM-a36d9257b8ff3636c8ec151304d1293b.jpeg','0ffa54d0-a0c7-11f0-a7b7-0a6aab4924ab'),('43cd242f-3688-467c-99f4-9d07e1b05ac0','https://holidate-storage.s3.ap-southeast-1.amazonaws.com/20033631-b0698f733b24661b9d24b98b30019ca1.jpeg','a8d2d034-9ed8-11f0-a7b7-0a6aab4924ab'),('43d41165-6a23-4d44-8467-62468a4b11e9','https://holidate-storage.s3.ap-southeast-1.amazonaws.com/20033631-c5671fb5232227e8d841abcbab94f24c.jpeg','a8d2d034-9ed8-11f0-a7b7-0a6aab4924ab'),('4449ac05-8f9e-4f18-aea7-d8ac747ec1ef','https://holidate-storage.s3.ap-southeast-1.amazonaws.com/20033631-8ca9569de0ab3f614019d698d56cc793.jpeg','a8d2d034-9ed8-11f0-a7b7-0a6aab4924ab'),('44b4e620-5418-4e85-a223-13a2e3a4c625','https://holidate-storage.s3.ap-southeast-1.amazonaws.com/20033631-8ca9569de0ab3f614019d698d56cc793.jpeg','a8d2d034-9ed8-11f0-a7b7-0a6aab4924ab'),('450f9236-7f9c-41ee-a76c-30d3809f7155','https://holidate-storage.s3.ap-southeast-1.amazonaws.com/20042647-411cfd5403a2215ba863aedb8c6a1436.jpeg','0ffb6f23-a0c7-11f0-a7b7-0a6aab4924ab'),('4683a375-115a-4f0c-a2a5-3f10482f69b6','https://holidate-storage.s3.ap-southeast-1.amazonaws.com/20033631-c5671fb5232227e8d841abcbab94f24c.jpeg','a8d2d034-9ed8-11f0-a7b7-0a6aab4924ab'),('46b80494-f1b3-4578-ab87-10e8449f15c0','https://holidate-storage.s3.ap-southeast-1.amazonaws.com/087b6ed7_z.jpg','0ffa54d0-a0c7-11f0-a7b7-0a6aab4924ab'),('46f98f88-0f0b-4d93-8fdb-77b22a965750','https://holidate-storage.s3.ap-southeast-1.amazonaws.com/20033631-aec1028c4f98d763a9ed14d005add27a.jpeg','a8d2d034-9ed8-11f0-a7b7-0a6aab4924ab'),('472605b8-6e70-4acd-80a3-ea481550ae0d','https://holidate-storage.s3.ap-southeast-1.amazonaws.com/3ac0b77e_z.jpg','0ffa54d0-a0c7-11f0-a7b7-0a6aab4924ab'),('47c055fb-d0b7-469f-ac5f-fff9c7648cf3','https://holidate-storage.s3.ap-southeast-1.amazonaws.com/20033631-85b3ba41998cace6b8c56e546ad9a0bc.jpeg','a8d2d034-9ed8-11f0-a7b7-0a6aab4924ab'),('47ff26b6-c6b6-4616-9a40-2df6b1dab601','https://holidate-storage.s3.ap-southeast-1.amazonaws.com/20033631-b0698f733b24661b9d24b98b30019ca1.jpeg','a8d2d034-9ed8-11f0-a7b7-0a6aab4924ab'),('4a45ea64-fefb-4c1d-b173-6874f83ee3c0','https://holidate-storage.s3.ap-southeast-1.amazonaws.com/10019241-1827x1219-FIT_AND_TRIM-a36d9257b8ff3636c8ec151304d1293b.jpeg','0ffa54d0-a0c7-11f0-a7b7-0a6aab4924ab'),('4ab6d1c1-4844-4257-a007-0fd7592f4f66','https://holidate-storage.s3.ap-southeast-1.amazonaws.com/20033631-85b3ba41998cace6b8c56e546ad9a0bc.jpeg','a8d2d034-9ed8-11f0-a7b7-0a6aab4924ab'),('4b86a467-42d1-4d71-96a9-4cb5b432ecee','https://holidate-storage.s3.ap-southeast-1.amazonaws.com/20042647-bdb51ab398d86d72f9fceda4725b0244.jpeg','0ffb6f23-a0c7-11f0-a7b7-0a6aab4924ab'),('4bd50642-1732-4a55-867a-56e7288ff212','https://holidate-storage.s3.ap-southeast-1.amazonaws.com/10027040-58bc798d402181dd47cf1a1c936a5e3d.jpeg','0ffa54d0-a0c7-11f0-a7b7-0a6aab4924ab'),('4bebeb74-cd2a-4547-ba6e-b362989d99b3','https://holidate-storage.s3.ap-southeast-1.amazonaws.com/20033631-b0698f733b24661b9d24b98b30019ca1.jpeg','a8d2d034-9ed8-11f0-a7b7-0a6aab4924ab'),('4c5132c1-6968-48ba-840f-e2f5a8ceddf8','https://holidate-storage.s3.ap-southeast-1.amazonaws.com/20033631-85b3ba41998cace6b8c56e546ad9a0bc.jpeg','a8d2d034-9ed8-11f0-a7b7-0a6aab4924ab'),('4c855fc0-5bed-45cb-ae71-2747bee5f7a4','https://holidate-storage.s3.ap-southeast-1.amazonaws.com/10019241-1827x1219-FIT_AND_TRIM-a36d9257b8ff3636c8ec151304d1293b.jpeg','0ffa54d0-a0c7-11f0-a7b7-0a6aab4924ab'),('4cc7d54d-dbd9-4712-80fb-eaed84dc50da','https://holidate-storage.s3.ap-southeast-1.amazonaws.com/10019241-2514x1699-FIT_AND_TRIM-b1fe75c115f7045ae38f6a9b9785ef62.jpeg','0ffa54d0-a0c7-11f0-a7b7-0a6aab4924ab'),('4d8ed1b3-d2a1-494d-a6af-61f8ca594199','https://holidate-storage.s3.ap-southeast-1.amazonaws.com/20033631-b0698f733b24661b9d24b98b30019ca1.jpeg','a8d2d034-9ed8-11f0-a7b7-0a6aab4924ab'),('4dbaf0a0-2054-4be9-bd88-84ac9991eca9','https://holidate-storage.s3.ap-southeast-1.amazonaws.com/20033631-8ca9569de0ab3f614019d698d56cc793.jpeg','a8d2d034-9ed8-11f0-a7b7-0a6aab4924ab'),('4e3493ad-8161-425b-9e10-ca583301a69d','https://holidate-storage.s3.ap-southeast-1.amazonaws.com/20042647-411cfd5403a2215ba863aedb8c6a1436.jpeg','0ffb6f23-a0c7-11f0-a7b7-0a6aab4924ab'),('4f2fff1d-7b33-4200-a1d4-f01e5e45d6e5','https://holidate-storage.s3.ap-southeast-1.amazonaws.com/20033631-8ca9569de0ab3f614019d698d56cc793.jpeg','a8d2d034-9ed8-11f0-a7b7-0a6aab4924ab'),('4f8d07a7-0586-4302-956f-d3986c928c03','https://holidate-storage.s3.ap-southeast-1.amazonaws.com/0a26ecd8_z.jpg','0ffb6caa-a0c7-11f0-a7b7-0a6aab4924ab'),('50227d27-886b-4993-8cfd-6b1c9de21b86','https://holidate-storage.s3.ap-southeast-1.amazonaws.com/10033593-1575x1050-FIT_AND_TRIM-aec424e8799acbcde5591e12cad226c0.jpeg','0ffb6f23-a0c7-11f0-a7b7-0a6aab4924ab'),('505d4b35-e09a-4965-9774-fab941ca0559','https://holidate-storage.s3.ap-southeast-1.amazonaws.com/10021795-79be830c10a3bde98efd85c0add63db4.jpeg','0ffa54d0-a0c7-11f0-a7b7-0a6aab4924ab'),('5143eb9f-471a-4473-984e-ae6810bbc181','https://holidate-storage.s3.ap-southeast-1.amazonaws.com/20033631-85b3ba41998cace6b8c56e546ad9a0bc.jpeg','a8d2d034-9ed8-11f0-a7b7-0a6aab4924ab'),('517e9aa9-44ba-4dff-ad50-028838d62565','https://holidate-storage.s3.ap-southeast-1.amazonaws.com/20033631-aec1028c4f98d763a9ed14d005add27a.jpeg','a8d2d034-9ed8-11f0-a7b7-0a6aab4924ab'),('51d08f3b-d3d3-46b4-b53a-a8fe60d4ae81','https://holidate-storage.s3.ap-southeast-1.amazonaws.com/20042647-c9445c04c248d59416951a8021771562.jpeg','0ffb6f23-a0c7-11f0-a7b7-0a6aab4924ab'),('51d7ea15-0ee1-461f-a73d-2ee311eb0ea4','https://holidate-storage.s3.ap-southeast-1.amazonaws.com/20050636-bf7ba822dd643b6dab0fac5ff8fcf1e9.jpeg','0ffb6f23-a0c7-11f0-a7b7-0a6aab4924ab'),('524e0915-4600-45d9-b629-41d66b3313c4','https://holidate-storage.s3.ap-southeast-1.amazonaws.com/20033631-aec1028c4f98d763a9ed14d005add27a.jpeg','a8d2d034-9ed8-11f0-a7b7-0a6aab4924ab'),('54138f80-c3a2-452c-ab91-e1f70c846a02','https://holidate-storage.s3.ap-southeast-1.amazonaws.com/10019241-2514x1699-FIT_AND_TRIM-b1fe75c115f7045ae38f6a9b9785ef62.jpeg','0ffb6caa-a0c7-11f0-a7b7-0a6aab4924ab'),('542bc6bb-da3f-408c-a49e-3ebc2d4fb1a5','https://holidate-storage.s3.ap-southeast-1.amazonaws.com/20033631-aec1028c4f98d763a9ed14d005add27a.jpeg','a8d2d034-9ed8-11f0-a7b7-0a6aab4924ab'),('54b7428d-49ea-4611-aca9-56e1e7dc6405','https://holidate-storage.s3.ap-southeast-1.amazonaws.com/20067960-011792ced966fa23b5e0c41d4c31b54f.jpg','0ffb6f23-a0c7-11f0-a7b7-0a6aab4924ab'),('54febbcb-0aa3-4d5b-8164-2e8a4884f9f5','https://holidate-storage.s3.ap-southeast-1.amazonaws.com/349024969.webp','0ffa54d0-a0c7-11f0-a7b7-0a6aab4924ab'),('55035a30-aa94-4dd0-ae5a-dbf139ff1f6b','https://holidate-storage.s3.ap-southeast-1.amazonaws.com/20033631-aec1028c4f98d763a9ed14d005add27a.jpeg','a8d2d034-9ed8-11f0-a7b7-0a6aab4924ab'),('5540f805-6432-448b-b871-cdb18f1be09c','https://holidate-storage.s3.ap-southeast-1.amazonaws.com/20033631-c5671fb5232227e8d841abcbab94f24c.jpeg','a8d2d034-9ed8-11f0-a7b7-0a6aab4924ab'),('55b188c5-aa6c-4589-9fac-1d38784841b3','https://holidate-storage.s3.ap-southeast-1.amazonaws.com/20033631-8ca9569de0ab3f614019d698d56cc793.jpeg','a8d2d034-9ed8-11f0-a7b7-0a6aab4924ab'),('56b3209c-6724-4d32-ac64-56df861b92b0','https://holidate-storage.s3.ap-southeast-1.amazonaws.com/10019241-1827x1219-FIT_AND_TRIM-a36d9257b8ff3636c8ec151304d1293b.jpeg','0ffa54d0-a0c7-11f0-a7b7-0a6aab4924ab'),('58e21b8b-5cbf-4a09-8fb4-83deaea68b5e','https://holidate-storage.s3.ap-southeast-1.amazonaws.com/20033631-b0698f733b24661b9d24b98b30019ca1.jpeg','a8d2d034-9ed8-11f0-a7b7-0a6aab4924ab'),('59311e89-b47b-4de5-a61f-e5d98d253905','https://holidate-storage.s3.ap-southeast-1.amazonaws.com/0a26ecd8_z.jpg','0ffa54d0-a0c7-11f0-a7b7-0a6aab4924ab'),('59a8a106-9f6e-481e-a095-306bed260fd5','https://holidate-storage.s3.ap-southeast-1.amazonaws.com/20033631-85b3ba41998cace6b8c56e546ad9a0bc.jpeg','a8d2d034-9ed8-11f0-a7b7-0a6aab4924ab'),('5a07a325-0d99-46d9-beff-6a4834b93340','https://holidate-storage.s3.ap-southeast-1.amazonaws.com/0a26ecd8_z.jpg','0ffa54d0-a0c7-11f0-a7b7-0a6aab4924ab'),('5ac2b40b-a8ba-46d7-a6f5-c5ce6f9a5466','https://holidate-storage.s3.ap-southeast-1.amazonaws.com/20033631-aec1028c4f98d763a9ed14d005add27a.jpeg','a8d2d034-9ed8-11f0-a7b7-0a6aab4924ab'),('5b0b6318-e41b-48bb-95ce-991882b2a628','https://holidate-storage.s3.ap-southeast-1.amazonaws.com/10019241-2514x1699-FIT_AND_TRIM-b1fe75c115f7045ae38f6a9b9785ef62.jpeg','0ffa54d0-a0c7-11f0-a7b7-0a6aab4924ab'),('5b84795b-9dbe-4f42-8a11-81b4452b6bc7','https://holidate-storage.s3.ap-southeast-1.amazonaws.com/20067960-eb9e1bd0b3b3fd8f3e7b96e7cd8b08e9.jpeg','0ffb6f23-a0c7-11f0-a7b7-0a6aab4924ab'),('5bb3e2e7-09e9-493b-89e2-b3a9bb305cf8','https://holidate-storage.s3.ap-southeast-1.amazonaws.com/348609918.jpg','0ffa54d0-a0c7-11f0-a7b7-0a6aab4924ab'),('5ca4ad78-e5b1-4b67-96f7-2b70baf3360d','https://holidate-storage.s3.ap-southeast-1.amazonaws.com/20033631-c5671fb5232227e8d841abcbab94f24c.jpeg','a8d2d034-9ed8-11f0-a7b7-0a6aab4924ab'),('5dc13991-eb95-4fa2-bc71-9cc51e552fbb','https://holidate-storage.s3.ap-southeast-1.amazonaws.com/20033631-c5671fb5232227e8d841abcbab94f24c.jpeg','a8d2d034-9ed8-11f0-a7b7-0a6aab4924ab'),('5e88469c-cdd3-478a-be25-8f789ff8ea94','https://holidate-storage.s3.ap-southeast-1.amazonaws.com/20033631-aec1028c4f98d763a9ed14d005add27a.jpeg','a8d2d034-9ed8-11f0-a7b7-0a6aab4924ab'),('5e9911ec-7075-460c-a19f-9f643f499ee3','https://holidate-storage.s3.ap-southeast-1.amazonaws.com/20042647-bdb51ab398d86d72f9fceda4725b0244.jpeg','0ffb6f23-a0c7-11f0-a7b7-0a6aab4924ab'),('5ea195a5-9913-41aa-9c4b-4ce1090e07b6','https://holidate-storage.s3.ap-southeast-1.amazonaws.com/20033631-aec1028c4f98d763a9ed14d005add27a.jpeg','a8d2d034-9ed8-11f0-a7b7-0a6aab4924ab'),('5ef85d90-8aa7-497c-94a6-1af221105607','https://holidate-storage.s3.ap-southeast-1.amazonaws.com/20033631-8ca9569de0ab3f614019d698d56cc793.jpeg','a8d2d034-9ed8-11f0-a7b7-0a6aab4924ab'),('5f9693f3-33c6-44da-85fc-00335f70c2ab','https://holidate-storage.s3.ap-southeast-1.amazonaws.com/20033631-8ca9569de0ab3f614019d698d56cc793.jpeg','a8d2d034-9ed8-11f0-a7b7-0a6aab4924ab'),('612824fe-4565-4893-9e81-636a3bda44ae','https://holidate-storage.s3.ap-southeast-1.amazonaws.com/20016842-da0692d2cb8dbc157d0d2bcfe34d11b4.jpg','0ffb6f23-a0c7-11f0-a7b7-0a6aab4924ab'),('622bd238-8d96-4972-acd1-a1e4b920a0eb','https://holidate-storage.s3.ap-southeast-1.amazonaws.com/10027040-66252eb221c0360999c6c4df0ce23207.jpeg','0ffa54d0-a0c7-11f0-a7b7-0a6aab4924ab'),('62432d7e-8b58-4129-8514-5f30f9ddcb99','https://holidate-storage.s3.ap-southeast-1.amazonaws.com/20033631-8ca9569de0ab3f614019d698d56cc793.jpeg','a8d2d034-9ed8-11f0-a7b7-0a6aab4924ab'),('6269f9e5-220d-4be1-ac16-4764067ad021','https://holidate-storage.s3.ap-southeast-1.amazonaws.com/10021795-45f3812f61b1722cdd948ddaf0652a86.jpeg','0ffa54d0-a0c7-11f0-a7b7-0a6aab4924ab'),('629e3a5a-a7a4-489b-b877-0b4237fe883d','https://holidate-storage.s3.ap-southeast-1.amazonaws.com/20033631-b0698f733b24661b9d24b98b30019ca1.jpeg','a8d2d034-9ed8-11f0-a7b7-0a6aab4924ab'),('62f171f0-01de-41c8-b5bd-b70cc0ba9663','https://holidate-storage.s3.ap-southeast-1.amazonaws.com/680041111-452076bb473ed455586b5fb8c0b88b81.jpeg','0ffb6f23-a0c7-11f0-a7b7-0a6aab4924ab'),('6315036c-271b-4997-992a-efc26f0582db','https://holidate-storage.s3.ap-southeast-1.amazonaws.com/20033631-8ca9569de0ab3f614019d698d56cc793.jpeg','a8d2d034-9ed8-11f0-a7b7-0a6aab4924ab'),('639bc84a-b3f0-43f9-a913-8104e77865e4','https://holidate-storage.s3.ap-southeast-1.amazonaws.com/10019241-2514x1699-FIT_AND_TRIM-b1fe75c115f7045ae38f6a9b9785ef62.jpeg','0ffa54d0-a0c7-11f0-a7b7-0a6aab4924ab'),('64509c1e-97b2-4742-9717-0e0eb0bac3b7','https://holidate-storage.s3.ap-southeast-1.amazonaws.com/20033631-85b3ba41998cace6b8c56e546ad9a0bc.jpeg','a8d2d034-9ed8-11f0-a7b7-0a6aab4924ab'),('6523eec8-d519-4366-b982-77709c0b5160','https://holidate-storage.s3.ap-southeast-1.amazonaws.com/20033631-8ca9569de0ab3f614019d698d56cc793.jpeg','a8d2d034-9ed8-11f0-a7b7-0a6aab4924ab'),('65321e33-70e9-4b72-9367-694c5e755eca','https://holidate-storage.s3.ap-southeast-1.amazonaws.com/10027040-ab4c17117433c0d3611e442261119f06 (1).jpeg','0ffa54d0-a0c7-11f0-a7b7-0a6aab4924ab'),('657aeab1-c9ca-4de9-9963-824af1b8255b','https://holidate-storage.s3.ap-southeast-1.amazonaws.com/20033631-c5671fb5232227e8d841abcbab94f24c.jpeg','a8d2d034-9ed8-11f0-a7b7-0a6aab4924ab'),('6597f0a0-036d-4c68-b5da-9f3eac124e4c','https://holidate-storage.s3.ap-southeast-1.amazonaws.com/20033631-85b3ba41998cace6b8c56e546ad9a0bc.jpeg','a8d2d034-9ed8-11f0-a7b7-0a6aab4924ab'),('65e77a71-dc39-4bb9-98c6-2fc9f312c840','https://holidate-storage.s3.ap-southeast-1.amazonaws.com/bb37a835_z.jpg','0ffa54d0-a0c7-11f0-a7b7-0a6aab4924ab'),('660e2eb8-7f6f-4a72-9b5a-6da22eed9d9f','https://holidate-storage.s3.ap-southeast-1.amazonaws.com/20033631-c5671fb5232227e8d841abcbab94f24c.jpeg','a8d2d034-9ed8-11f0-a7b7-0a6aab4924ab'),('6680b373-9a1d-48fc-bf93-d69702a7e7cd','https://holidate-storage.s3.ap-southeast-1.amazonaws.com/20033631-c5671fb5232227e8d841abcbab94f24c.jpeg','a8d2d034-9ed8-11f0-a7b7-0a6aab4924ab'),('66c038a2-0982-4045-a705-5f5f0dc8aa35','https://holidate-storage.s3.ap-southeast-1.amazonaws.com/20033631-aec1028c4f98d763a9ed14d005add27a.jpeg','a8d2d034-9ed8-11f0-a7b7-0a6aab4924ab'),('66f5732f-8acc-4771-a767-4d2843f897e1','https://holidate-storage.s3.ap-southeast-1.amazonaws.com/10033593-1600x1067-FIT_AND_TRIM-2b7afb4469c79fd03a7aecbf1c9cc333.jpeg','0ffb6f23-a0c7-11f0-a7b7-0a6aab4924ab'),('6787af19-499b-46c1-b3c8-48d4ec69d97b','https://holidate-storage.s3.ap-southeast-1.amazonaws.com/20033631-aec1028c4f98d763a9ed14d005add27a.jpeg','a8d2d034-9ed8-11f0-a7b7-0a6aab4924ab'),('678bf1ed-1938-4863-bd20-f3fb5ac83f36','https://holidate-storage.s3.ap-southeast-1.amazonaws.com/20033631-c5671fb5232227e8d841abcbab94f24c.jpeg','a8d2d034-9ed8-11f0-a7b7-0a6aab4924ab'),('67935aea-ff92-4a47-b36c-944225b5f524','https://holidate-storage.s3.ap-southeast-1.amazonaws.com/20040079-009b2689975ff6560ca21a56dea54568.jpeg','0ffb6f23-a0c7-11f0-a7b7-0a6aab4924ab'),('67f59ca7-568a-439b-b56f-16fa4f5c3e37','https://holidate-storage.s3.ap-southeast-1.amazonaws.com/087b6ed7_z.jpg','0ffa54d0-a0c7-11f0-a7b7-0a6aab4924ab'),('6875833d-8c65-4e9f-9da7-20db2b1b9272','https://holidate-storage.s3.ap-southeast-1.amazonaws.com/20033631-aec1028c4f98d763a9ed14d005add27a.jpeg','a8d2d034-9ed8-11f0-a7b7-0a6aab4924ab'),('687ab8ca-4a6f-414c-9dd8-f4d567167973','https://holidate-storage.s3.ap-southeast-1.amazonaws.com/20033631-8ca9569de0ab3f614019d698d56cc793.jpeg','a8d2d034-9ed8-11f0-a7b7-0a6aab4924ab'),('68e2a9d9-d593-4e02-9f12-6f0dcd3b8c9f','https://holidate-storage.s3.ap-southeast-1.amazonaws.com/20033631-b0698f733b24661b9d24b98b30019ca1.jpeg','a8d2d034-9ed8-11f0-a7b7-0a6aab4924ab'),('68fe2e58-da3b-43b3-9abb-fb8bdb0f1e15','https://holidate-storage.s3.ap-southeast-1.amazonaws.com/20033631-8ca9569de0ab3f614019d698d56cc793.jpeg','a8d2d034-9ed8-11f0-a7b7-0a6aab4924ab'),('6981fa06-097b-4407-a134-f08fed5bc334','https://holidate-storage.s3.ap-southeast-1.amazonaws.com/20033631-85b3ba41998cace6b8c56e546ad9a0bc.jpeg','a8d2d034-9ed8-11f0-a7b7-0a6aab4924ab'),('69aabf65-4af3-4354-8a7c-fe8c9531eb21','https://holidate-storage.s3.ap-southeast-1.amazonaws.com/10019241-1827x1219-FIT_AND_TRIM-a36d9257b8ff3636c8ec151304d1293b.jpeg','0ffa54d0-a0c7-11f0-a7b7-0a6aab4924ab'),('6a6c2120-148c-412e-9c42-c9fdd1911d1b','https://holidate-storage.s3.ap-southeast-1.amazonaws.com/10027040-09475c5199cf722f1f9374fdd1bcb64b.jpeg','0ffa54d0-a0c7-11f0-a7b7-0a6aab4924ab'),('6a9e5841-9e35-4228-991f-500767e8e455','https://holidate-storage.s3.ap-southeast-1.amazonaws.com/20033631-85b3ba41998cace6b8c56e546ad9a0bc.jpeg','a8d2d034-9ed8-11f0-a7b7-0a6aab4924ab'),('6c9726ff-de2c-460f-8e72-86adcf23f1ff','https://holidate-storage.s3.ap-southeast-1.amazonaws.com/20033631-aec1028c4f98d763a9ed14d005add27a.jpeg','a8d2d034-9ed8-11f0-a7b7-0a6aab4924ab'),('6d660ef2-ffc3-4625-a767-bc5680a0de3c','https://holidate-storage.s3.ap-southeast-1.amazonaws.com/0a26ecd8_z.jpg','0ffa54d0-a0c7-11f0-a7b7-0a6aab4924ab'),('6d8d418d-3fc1-4fb5-96e5-8a4dfbb6ed65','https://holidate-storage.s3.ap-southeast-1.amazonaws.com/20033631-8ca9569de0ab3f614019d698d56cc793.jpeg','a8d2d034-9ed8-11f0-a7b7-0a6aab4924ab'),('6de6fc7d-9710-4931-82f6-6acbcc1b7dd3','https://holidate-storage.s3.ap-southeast-1.amazonaws.com/20033631-b0698f733b24661b9d24b98b30019ca1.jpeg','a8d2d034-9ed8-11f0-a7b7-0a6aab4924ab'),('6e0f8a54-1e66-4fc2-a492-afed10a0d256','https://holidate-storage.s3.ap-southeast-1.amazonaws.com/20033631-85b3ba41998cace6b8c56e546ad9a0bc.jpeg','a8d2d034-9ed8-11f0-a7b7-0a6aab4924ab'),('6e14a7c0-e74e-4e65-bb6a-5d080f9178f7','https://holidate-storage.s3.ap-southeast-1.amazonaws.com/10019241-800x518-FIT_AND_TRIM-519e495dd0a4b9e1c786d6cbf2bdb205.jpg','0ffb6caa-a0c7-11f0-a7b7-0a6aab4924ab'),('6e417632-c204-40bc-b459-af952ad383b0','https://holidate-storage.s3.ap-southeast-1.amazonaws.com/20033631-aec1028c4f98d763a9ed14d005add27a.jpeg','a8d2d034-9ed8-11f0-a7b7-0a6aab4924ab'),('6e5f6853-11e3-426d-9023-bc268c3d290b','https://holidate-storage.s3.ap-southeast-1.amazonaws.com/95fbe588_z.jpg','0ffb6caa-a0c7-11f0-a7b7-0a6aab4924ab'),('6f717dfe-5ff3-46a1-a3b6-ed690fe2b17f','https://holidate-storage.s3.ap-southeast-1.amazonaws.com/20033631-c5671fb5232227e8d841abcbab94f24c.jpeg','a8d2d034-9ed8-11f0-a7b7-0a6aab4924ab'),('6f9ed4bb-280c-4a82-a248-f049ba86bc79','https://holidate-storage.s3.ap-southeast-1.amazonaws.com/20033631-c5671fb5232227e8d841abcbab94f24c.jpeg','a8d2d034-9ed8-11f0-a7b7-0a6aab4924ab'),('70ea3843-0e2d-42fd-84e2-cc18fc1facb7','https://holidate-storage.s3.ap-southeast-1.amazonaws.com/20033631-85b3ba41998cace6b8c56e546ad9a0bc.jpeg','a8d2d034-9ed8-11f0-a7b7-0a6aab4924ab'),('715fc80c-43e8-4b9e-9d40-4d22db73f9cd','https://holidate-storage.s3.ap-southeast-1.amazonaws.com/3d8210a9_z.jpg','0ffa54d0-a0c7-11f0-a7b7-0a6aab4924ab'),('71bf46cb-79d5-4fc8-99f0-fda732220150','https://holidate-storage.s3.ap-southeast-1.amazonaws.com/20033631-8ca9569de0ab3f614019d698d56cc793.jpeg','a8d2d034-9ed8-11f0-a7b7-0a6aab4924ab'),('7202ef62-3b1c-4907-9f8f-377856bc7327','https://holidate-storage.s3.ap-southeast-1.amazonaws.com/20042647-411cfd5403a2215ba863aedb8c6a1436.jpeg','0ffb6f23-a0c7-11f0-a7b7-0a6aab4924ab'),('7218c355-1b7e-4cf8-95a1-296c5dcf3df1','https://holidate-storage.s3.ap-southeast-1.amazonaws.com/20033631-8ca9569de0ab3f614019d698d56cc793.jpeg','a8d2d034-9ed8-11f0-a7b7-0a6aab4924ab'),('7296a109-932f-4854-bc1b-2f6c911244f9','https://holidate-storage.s3.ap-southeast-1.amazonaws.com/20033631-b0698f733b24661b9d24b98b30019ca1.jpeg','a8d2d034-9ed8-11f0-a7b7-0a6aab4924ab'),('72f9b50a-5f11-489d-82ec-44e92999133a','https://holidate-storage.s3.ap-southeast-1.amazonaws.com/20033631-b0698f733b24661b9d24b98b30019ca1.jpeg','a8d2d034-9ed8-11f0-a7b7-0a6aab4924ab'),('738573e7-40aa-4f3d-a090-6f7a3cf77545','https://holidate-storage.s3.ap-southeast-1.amazonaws.com/348610291.jpg','0ffa54d0-a0c7-11f0-a7b7-0a6aab4924ab'),('74768ece-a1cd-4fed-b761-d461cc83d497','https://holidate-storage.s3.ap-southeast-1.amazonaws.com/95fbe588_z.jpg','0ffa54d0-a0c7-11f0-a7b7-0a6aab4924ab'),('7491cfb7-9c51-4bd1-9eb4-90e8d5f0b3b5','https://holidate-storage.s3.ap-southeast-1.amazonaws.com/20042647-411cfd5403a2215ba863aedb8c6a1436.jpeg','0ffb6f23-a0c7-11f0-a7b7-0a6aab4924ab'),('75645e0d-4249-442b-993e-9bb80f387604','https://holidate-storage.s3.ap-southeast-1.amazonaws.com/A.jpg','0ffa54d0-a0c7-11f0-a7b7-0a6aab4924ab'),('75fcb2dc-4be7-4aeb-8e80-d106cd79be7d','https://holidate-storage.s3.ap-southeast-1.amazonaws.com/20033631-8ca9569de0ab3f614019d698d56cc793.jpeg','a8d2d034-9ed8-11f0-a7b7-0a6aab4924ab'),('7766e32a-23ad-4e61-b0fa-6c2849205b6f','https://holidate-storage.s3.ap-southeast-1.amazonaws.com/20042647-411cfd5403a2215ba863aedb8c6a1436.jpeg','0ffb6f23-a0c7-11f0-a7b7-0a6aab4924ab'),('77ddda4f-96a9-45a6-96f3-0526e8279498','https://holidate-storage.s3.ap-southeast-1.amazonaws.com/0a26ecd8_z.jpg','0ffb6caa-a0c7-11f0-a7b7-0a6aab4924ab'),('786080b1-464f-4eb3-bef2-92d945b0cc23','https://holidate-storage.s3.ap-southeast-1.amazonaws.com/20033631-b0698f733b24661b9d24b98b30019ca1.jpeg','a8d2d034-9ed8-11f0-a7b7-0a6aab4924ab'),('798d4eba-c65d-4af4-b965-56e9e3d34f54','https://holidate-storage.s3.ap-southeast-1.amazonaws.com/20033631-85b3ba41998cace6b8c56e546ad9a0bc.jpeg','a8d2d034-9ed8-11f0-a7b7-0a6aab4924ab'),('79b4c114-8180-491e-94a0-048db47530e8','https://holidate-storage.s3.ap-southeast-1.amazonaws.com/20033631-aec1028c4f98d763a9ed14d005add27a.jpeg','a8d2d034-9ed8-11f0-a7b7-0a6aab4924ab'),('79b56ca1-94a6-4be0-a5be-a2124994faf7','https://holidate-storage.s3.ap-southeast-1.amazonaws.com/20033631-b0698f733b24661b9d24b98b30019ca1.jpeg','a8d2d034-9ed8-11f0-a7b7-0a6aab4924ab'),('7b24b5a4-cd06-4be5-b22a-c36eecee066e','https://holidate-storage.s3.ap-southeast-1.amazonaws.com/20042647-c9445c04c248d59416951a8021771562.jpeg','0ffb6f23-a0c7-11f0-a7b7-0a6aab4924ab'),('7bcd8d53-6eed-4a8d-b6db-5f1aaee02536','https://holidate-storage.s3.ap-southeast-1.amazonaws.com/95fbe588_z.jpg','0ffb6caa-a0c7-11f0-a7b7-0a6aab4924ab'),('7c5c23ac-01b6-4899-b2d0-a9daf174de50','https://holidate-storage.s3.ap-southeast-1.amazonaws.com/20033631-b0698f733b24661b9d24b98b30019ca1.jpeg','a8d2d034-9ed8-11f0-a7b7-0a6aab4924ab'),('7c5dc625-c276-4a7f-9ec2-40cba912c6f9','https://holidate-storage.s3.ap-southeast-1.amazonaws.com/087b6ed7_z.jpg','0ffa54d0-a0c7-11f0-a7b7-0a6aab4924ab'),('7cc5d32e-215f-4d4c-8d9e-7fe6408e4978','https://holidate-storage.s3.ap-southeast-1.amazonaws.com/10021795-85f69622c38bb7c9f2a97f805288fb21.jpeg','0ffa54d0-a0c7-11f0-a7b7-0a6aab4924ab'),('7cef4bbc-2f56-4ab6-9b3d-656de408b6f8','https://holidate-storage.s3.ap-southeast-1.amazonaws.com/20033631-8ca9569de0ab3f614019d698d56cc793.jpeg','a8d2d034-9ed8-11f0-a7b7-0a6aab4924ab'),('7dadaada-d20b-460d-b30b-7797af593f99','https://holidate-storage.s3.ap-southeast-1.amazonaws.com/a8954f7b_z.jpg','0ffa54d0-a0c7-11f0-a7b7-0a6aab4924ab'),('7e64b4a1-1b85-46f1-a210-2ebce88b2dfd','https://holidate-storage.s3.ap-southeast-1.amazonaws.com/20033631-85b3ba41998cace6b8c56e546ad9a0bc.jpeg','a8d2d034-9ed8-11f0-a7b7-0a6aab4924ab'),('7ead1506-7c62-4daa-980b-6e9801652f13','https://holidate-storage.s3.ap-southeast-1.amazonaws.com/95fbe588_z.jpg','0ffb6caa-a0c7-11f0-a7b7-0a6aab4924ab'),('7eb1817a-4c47-42fc-9b59-3ca13b198784','https://holidate-storage.s3.ap-southeast-1.amazonaws.com/20033631-b0698f733b24661b9d24b98b30019ca1.jpeg','a8d2d034-9ed8-11f0-a7b7-0a6aab4924ab'),('801c42d9-0c73-4736-87eb-806b10647dc7','https://holidate-storage.s3.ap-southeast-1.amazonaws.com/20040079-728b186f555d9d49b40707f16d67652d.jpeg','0ffb6f23-a0c7-11f0-a7b7-0a6aab4924ab'),('805cab03-ff7f-43d3-b61a-8c1fa53fb0e2','https://holidate-storage.s3.ap-southeast-1.amazonaws.com/20033631-c5671fb5232227e8d841abcbab94f24c.jpeg','a8d2d034-9ed8-11f0-a7b7-0a6aab4924ab'),('80637f99-5da4-4d69-9125-6a59d9884fea','https://holidate-storage.s3.ap-southeast-1.amazonaws.com/3d8210a9_z.jpg','0ffa54d0-a0c7-11f0-a7b7-0a6aab4924ab'),('80929d0f-332a-4074-a925-5e41a9d0a25d','https://holidate-storage.s3.ap-southeast-1.amazonaws.com/20033631-c5671fb5232227e8d841abcbab94f24c.jpeg','a8d2d034-9ed8-11f0-a7b7-0a6aab4924ab'),('80cd0591-ef3e-4c40-af66-0d6762f88d3e','https://holidate-storage.s3.ap-southeast-1.amazonaws.com/348610291 (1).jpg','0ffa54d0-a0c7-11f0-a7b7-0a6aab4924ab'),('80d6b5fd-0ffc-4e0f-bd41-c0e84ef82ab6','https://holidate-storage.s3.ap-southeast-1.amazonaws.com/10019241-2514x1699-FIT_AND_TRIM-b1fe75c115f7045ae38f6a9b9785ef62.jpeg','0ffa54d0-a0c7-11f0-a7b7-0a6aab4924ab'),('80e050d7-bdaa-4650-aa33-daa82b5b8921','https://holidate-storage.s3.ap-southeast-1.amazonaws.com/087b6ed7_z.jpg','0ffa54d0-a0c7-11f0-a7b7-0a6aab4924ab'),('811f52ad-cca5-471b-94ea-7efb88c377d9','https://holidate-storage.s3.ap-southeast-1.amazonaws.com/20033631-b0698f733b24661b9d24b98b30019ca1.jpeg','a8d2d034-9ed8-11f0-a7b7-0a6aab4924ab'),('8297f328-19df-42b9-ac28-583cf64ffa0d','https://holidate-storage.s3.ap-southeast-1.amazonaws.com/20033631-c5671fb5232227e8d841abcbab94f24c.jpeg','a8d2d034-9ed8-11f0-a7b7-0a6aab4924ab'),('82c83ef4-6bf2-47f8-9ab3-1702259484b8','https://holidate-storage.s3.ap-southeast-1.amazonaws.com/10019241-800x518-FIT_AND_TRIM-519e495dd0a4b9e1c786d6cbf2bdb205.jpg','0ffb6caa-a0c7-11f0-a7b7-0a6aab4924ab'),('82ca2aae-ffb6-4075-b53d-7d2e978f704f','https://holidate-storage.s3.ap-southeast-1.amazonaws.com/20033631-b0698f733b24661b9d24b98b30019ca1.jpeg','a8d2d034-9ed8-11f0-a7b7-0a6aab4924ab'),('833496b3-f4e6-4a52-b7b6-57f785d0e3c0','https://holidate-storage.s3.ap-southeast-1.amazonaws.com/0a26ecd8_z.jpg','0ffa54d0-a0c7-11f0-a7b7-0a6aab4924ab'),('8361d15c-5677-40b6-9d07-40ae7ea3706f','https://holidate-storage.s3.ap-southeast-1.amazonaws.com/20042647-c9445c04c248d59416951a8021771562.jpeg','0ffb6f23-a0c7-11f0-a7b7-0a6aab4924ab'),('84ffa1ad-c104-490a-97dd-1f3a64c8781f','https://holidate-storage.s3.ap-southeast-1.amazonaws.com/20033631-8ca9569de0ab3f614019d698d56cc793.jpeg','a8d2d034-9ed8-11f0-a7b7-0a6aab4924ab'),('85ab1ba6-4e65-4053-88a5-2cae16afc56b','https://holidate-storage.s3.ap-southeast-1.amazonaws.com/20033631-b0698f733b24661b9d24b98b30019ca1.jpeg','a8d2d034-9ed8-11f0-a7b7-0a6aab4924ab'),('85c26be7-e472-4e18-a184-dffa6ca4c422','https://holidate-storage.s3.ap-southeast-1.amazonaws.com/20033631-85b3ba41998cace6b8c56e546ad9a0bc.jpeg','a8d2d034-9ed8-11f0-a7b7-0a6aab4924ab'),('8635ee8f-4bcf-4b43-a27a-2f59dbc10bb0','https://holidate-storage.s3.ap-southeast-1.amazonaws.com/20042647-411cfd5403a2215ba863aedb8c6a1436.jpeg','0ffb6f23-a0c7-11f0-a7b7-0a6aab4924ab'),('8696a798-9a0f-4bc1-98f6-accec66fc33a','https://holidate-storage.s3.ap-southeast-1.amazonaws.com/20033631-aec1028c4f98d763a9ed14d005add27a.jpeg','a8d2d034-9ed8-11f0-a7b7-0a6aab4924ab'),('869f5d78-8dba-4352-896a-1eab51761ec5','https://holidate-storage.s3.ap-southeast-1.amazonaws.com/10019241-800x518-FIT_AND_TRIM-519e495dd0a4b9e1c786d6cbf2bdb205.jpg','0ffb6caa-a0c7-11f0-a7b7-0a6aab4924ab'),('87b3f1ce-7766-423c-b37d-4f4c5f7699d3','https://holidate-storage.s3.ap-southeast-1.amazonaws.com/20033631-c5671fb5232227e8d841abcbab94f24c.jpeg','a8d2d034-9ed8-11f0-a7b7-0a6aab4924ab'),('881051c0-6bcc-43eb-a655-cd765c40f73e','https://holidate-storage.s3.ap-southeast-1.amazonaws.com/20033631-aec1028c4f98d763a9ed14d005add27a.jpeg','a8d2d034-9ed8-11f0-a7b7-0a6aab4924ab'),('8886e339-cc34-471f-a2ca-e829a08a3343','https://holidate-storage.s3.ap-southeast-1.amazonaws.com/20033631-b0698f733b24661b9d24b98b30019ca1.jpeg','a8d2d034-9ed8-11f0-a7b7-0a6aab4924ab'),('88b74034-a1c5-4657-a02e-a2b0aca619e4','https://holidate-storage.s3.ap-southeast-1.amazonaws.com/20033631-85b3ba41998cace6b8c56e546ad9a0bc.jpeg','a8d2d034-9ed8-11f0-a7b7-0a6aab4924ab'),('88b7cbea-5cd7-454e-89fb-846a5b124828','https://holidate-storage.s3.ap-southeast-1.amazonaws.com/40443027_z.jpg','0ffa54d0-a0c7-11f0-a7b7-0a6aab4924ab'),('88e2ed05-c7db-4037-8fb5-ed83be4043b0','https://holidate-storage.s3.ap-southeast-1.amazonaws.com/20033631-c5671fb5232227e8d841abcbab94f24c.jpeg','a8d2d034-9ed8-11f0-a7b7-0a6aab4924ab'),('896f6e59-f46e-4b12-9b5c-0cc02c17d8c4','https://holidate-storage.s3.ap-southeast-1.amazonaws.com/20033631-85b3ba41998cace6b8c56e546ad9a0bc.jpeg','a8d2d034-9ed8-11f0-a7b7-0a6aab4924ab'),('899b9aec-b696-4a3b-ab71-04129d7f0474','https://holidate-storage.s3.ap-southeast-1.amazonaws.com/20042647-411cfd5403a2215ba863aedb8c6a1436.jpeg','0ffb6f23-a0c7-11f0-a7b7-0a6aab4924ab'),('899f6aa5-fb81-473e-aaf8-a5ddbdd0ab5e','https://holidate-storage.s3.ap-southeast-1.amazonaws.com/20033631-85b3ba41998cace6b8c56e546ad9a0bc.jpeg','a8d2d034-9ed8-11f0-a7b7-0a6aab4924ab'),('8a14c520-2170-4281-8025-756b1c1f9c07','https://holidate-storage.s3.ap-southeast-1.amazonaws.com/087b6ed7_z.jpg','0ffa54d0-a0c7-11f0-a7b7-0a6aab4924ab'),('8a65e6f6-99de-4e30-abc0-81e2756d0d04','https://holidate-storage.s3.ap-southeast-1.amazonaws.com/20033631-b0698f733b24661b9d24b98b30019ca1.jpeg','a8d2d034-9ed8-11f0-a7b7-0a6aab4924ab'),('8a68c6f5-7c51-4353-99da-3bf6b51e3cc1','https://holidate-storage.s3.ap-southeast-1.amazonaws.com/20033631-b0698f733b24661b9d24b98b30019ca1.jpeg','a8d2d034-9ed8-11f0-a7b7-0a6aab4924ab'),('8b653fec-1c8b-4c20-8eda-ead8c9f43a72','https://holidate-storage.s3.ap-southeast-1.amazonaws.com/10019241-1827x1219-FIT_AND_TRIM-a36d9257b8ff3636c8ec151304d1293b.jpeg','0ffa54d0-a0c7-11f0-a7b7-0a6aab4924ab'),('8c5f7c28-0a3e-4732-8800-8207ffb645fe','https://holidate-storage.s3.ap-southeast-1.amazonaws.com/20033631-8ca9569de0ab3f614019d698d56cc793.jpeg','a8d2d034-9ed8-11f0-a7b7-0a6aab4924ab'),('8c635459-c689-45df-842c-9434b11eb507','https://holidate-storage.s3.ap-southeast-1.amazonaws.com/20033631-85b3ba41998cace6b8c56e546ad9a0bc.jpeg','a8d2d034-9ed8-11f0-a7b7-0a6aab4924ab'),('8cdc242d-6052-4e77-af16-462654bc29ad','https://holidate-storage.s3.ap-southeast-1.amazonaws.com/B.jpg','0ffa54d0-a0c7-11f0-a7b7-0a6aab4924ab'),('8d2c9898-0f23-410f-abcc-f2047f7927a6','https://holidate-storage.s3.ap-southeast-1.amazonaws.com/20033631-c5671fb5232227e8d841abcbab94f24c.jpeg','a8d2d034-9ed8-11f0-a7b7-0a6aab4924ab'),('8e5952fd-a4b6-4ed0-b0fd-a9ec84e0f1b8','https://holidate-storage.s3.ap-southeast-1.amazonaws.com/20033631-8ca9569de0ab3f614019d698d56cc793.jpeg','a8d2d034-9ed8-11f0-a7b7-0a6aab4924ab'),('8f3d8483-3a10-4d1d-920b-fc913c7a0855','https://holidate-storage.s3.ap-southeast-1.amazonaws.com/10019241-2514x1699-FIT_AND_TRIM-b1fe75c115f7045ae38f6a9b9785ef62.jpeg','0ffa54d0-a0c7-11f0-a7b7-0a6aab4924ab'),('90516703-5d6c-4055-bf11-b97329687abc','https://holidate-storage.s3.ap-southeast-1.amazonaws.com/20033631-c5671fb5232227e8d841abcbab94f24c.jpeg','a8d2d034-9ed8-11f0-a7b7-0a6aab4924ab'),('9070e637-612d-4ea1-8b72-ea3dd7cad850','https://holidate-storage.s3.ap-southeast-1.amazonaws.com/10019241-1827x1219-FIT_AND_TRIM-a36d9257b8ff3636c8ec151304d1293b.jpeg','0ffa54d0-a0c7-11f0-a7b7-0a6aab4924ab'),('909a811d-27e5-49f2-b981-58a486d49673','https://holidate-storage.s3.ap-southeast-1.amazonaws.com/20033631-b0698f733b24661b9d24b98b30019ca1.jpeg','a8d2d034-9ed8-11f0-a7b7-0a6aab4924ab'),('91d55f5f-1163-4645-a739-aa4cb6778454','https://holidate-storage.s3.ap-southeast-1.amazonaws.com/20033631-b0698f733b24661b9d24b98b30019ca1.jpeg','a8d2d034-9ed8-11f0-a7b7-0a6aab4924ab'),('91f93592-26e8-4e42-92d3-1ee19f6d31c2','https://holidate-storage.s3.ap-southeast-1.amazonaws.com/20033631-b0698f733b24661b9d24b98b30019ca1.jpeg','a8d2d034-9ed8-11f0-a7b7-0a6aab4924ab'),('92371b91-1dc9-42b2-a4b3-c1d3b4b69062','https://holidate-storage.s3.ap-southeast-1.amazonaws.com/20033631-b0698f733b24661b9d24b98b30019ca1.jpeg','a8d2d034-9ed8-11f0-a7b7-0a6aab4924ab'),('92d1fbe5-8606-4d80-86d2-0a799f837f52','https://holidate-storage.s3.ap-southeast-1.amazonaws.com/20033631-c5671fb5232227e8d841abcbab94f24c.jpeg','a8d2d034-9ed8-11f0-a7b7-0a6aab4924ab'),('93158468-a92a-4921-9ebd-5ac429cbe649','https://holidate-storage.s3.ap-southeast-1.amazonaws.com/20033631-aec1028c4f98d763a9ed14d005add27a.jpeg','a8d2d034-9ed8-11f0-a7b7-0a6aab4924ab'),('93201548-a8a6-49c7-9c4d-e2a7ec8884eb','https://holidate-storage.s3.ap-southeast-1.amazonaws.com/3d8210a9_z.jpg','0ffa54d0-a0c7-11f0-a7b7-0a6aab4924ab'),('93259abd-fff3-4a6c-86d7-d722e9eabcff','https://holidate-storage.s3.ap-southeast-1.amazonaws.com/10019241-800x518-FIT_AND_TRIM-519e495dd0a4b9e1c786d6cbf2bdb205.jpg','0ffb6caa-a0c7-11f0-a7b7-0a6aab4924ab'),('93857b4a-d140-4228-b7ba-e87027e87189','https://holidate-storage.s3.ap-southeast-1.amazonaws.com/20033631-aec1028c4f98d763a9ed14d005add27a.jpeg','a8d2d034-9ed8-11f0-a7b7-0a6aab4924ab'),('946fb463-4b5c-466b-ae23-9bc4933c705e','https://holidate-storage.s3.ap-southeast-1.amazonaws.com/3d8210a9_z.jpg','0ffa54d0-a0c7-11f0-a7b7-0a6aab4924ab'),('952f21d2-b53c-4d0f-81e3-2bbdad2c056f','https://holidate-storage.s3.ap-southeast-1.amazonaws.com/20033631-b0698f733b24661b9d24b98b30019ca1.jpeg','a8d2d034-9ed8-11f0-a7b7-0a6aab4924ab'),('9598fbab-c57d-420e-8262-02cb89619c09','https://holidate-storage.s3.ap-southeast-1.amazonaws.com/20033631-c5671fb5232227e8d841abcbab94f24c.jpeg','a8d2d034-9ed8-11f0-a7b7-0a6aab4924ab'),('96a219a6-13a2-4247-b2eb-a436052e3000','https://holidate-storage.s3.ap-southeast-1.amazonaws.com/3d8210a9_z.jpg','0ffa54d0-a0c7-11f0-a7b7-0a6aab4924ab'),('977baff5-f083-4c83-9b92-aad0a532b347','https://holidate-storage.s3.ap-southeast-1.amazonaws.com/20033631-8ca9569de0ab3f614019d698d56cc793.jpeg','a8d2d034-9ed8-11f0-a7b7-0a6aab4924ab'),('979212f1-2f53-4f94-be89-8acf35dfe221','https://holidate-storage.s3.ap-southeast-1.amazonaws.com/20050636-b02da2d82245b290beb4e8284828bee4.jpeg','0ffb6f23-a0c7-11f0-a7b7-0a6aab4924ab'),('981736de-92f9-47b9-901d-426cd9b92963','https://holidate-storage.s3.ap-southeast-1.amazonaws.com/348612692.webp','0ffa54d0-a0c7-11f0-a7b7-0a6aab4924ab'),('987c530f-b505-4353-9f82-a5bf92458ab5','https://holidate-storage.s3.ap-southeast-1.amazonaws.com/20033631-85b3ba41998cace6b8c56e546ad9a0bc.jpeg','a8d2d034-9ed8-11f0-a7b7-0a6aab4924ab'),('9957ce64-1558-4e18-a581-f32086503bdf','https://holidate-storage.s3.ap-southeast-1.amazonaws.com/20033631-85b3ba41998cace6b8c56e546ad9a0bc.jpeg','a8d2d034-9ed8-11f0-a7b7-0a6aab4924ab'),('99eec155-99a1-430c-8cd7-32a05a6049a5','https://holidate-storage.s3.ap-southeast-1.amazonaws.com/20033631-c5671fb5232227e8d841abcbab94f24c.jpeg','a8d2d034-9ed8-11f0-a7b7-0a6aab4924ab'),('99f83916-5af3-4b34-8938-8e860be6380f','https://holidate-storage.s3.ap-southeast-1.amazonaws.com/20033631-85b3ba41998cace6b8c56e546ad9a0bc.jpeg','a8d2d034-9ed8-11f0-a7b7-0a6aab4924ab'),('99faf5c6-b3e0-4306-b33a-1fcda22c400c','https://holidate-storage.s3.ap-southeast-1.amazonaws.com/20067960-2da81db89e3c343ddeec5d509c52cd2a.jpeg','0ffb6f23-a0c7-11f0-a7b7-0a6aab4924ab'),('9a22d0fe-d821-4ae4-b287-0505155bcb4a','https://holidate-storage.s3.ap-southeast-1.amazonaws.com/20033631-c5671fb5232227e8d841abcbab94f24c.jpeg','a8d2d034-9ed8-11f0-a7b7-0a6aab4924ab'),('9a2558d2-0b4b-4340-bfc8-c3a626f1f3f3','https://holidate-storage.s3.ap-southeast-1.amazonaws.com/20033631-aec1028c4f98d763a9ed14d005add27a.jpeg','a8d2d034-9ed8-11f0-a7b7-0a6aab4924ab'),('9a584d85-4fd7-44df-908b-98f6c54d2bb0','https://holidate-storage.s3.ap-southeast-1.amazonaws.com/0a26ecd8_z.jpg','0ffb6caa-a0c7-11f0-a7b7-0a6aab4924ab'),('9b7887d3-447a-437e-b0e5-265eb0a88352','https://holidate-storage.s3.ap-southeast-1.amazonaws.com/20033631-c5671fb5232227e8d841abcbab94f24c.jpeg','a8d2d034-9ed8-11f0-a7b7-0a6aab4924ab'),('9c499eca-e105-4442-871b-75c843b14d95','https://holidate-storage.s3.ap-southeast-1.amazonaws.com/10019241-2514x1699-FIT_AND_TRIM-b1fe75c115f7045ae38f6a9b9785ef62.jpeg','0ffa54d0-a0c7-11f0-a7b7-0a6aab4924ab'),('9c89700c-0c8f-4c4c-8d91-7e19d3b7eadf','https://holidate-storage.s3.ap-southeast-1.amazonaws.com/10027040-1024x1232-FIT_AND_TRIM-d57fc2742a7c88556d8199ba14f46098.jpeg','0ffa54d0-a0c7-11f0-a7b7-0a6aab4924ab'),('9ca832f4-21b0-49f0-9595-10de2d402eca','https://holidate-storage.s3.ap-southeast-1.amazonaws.com/20033631-c5671fb5232227e8d841abcbab94f24c.jpeg','a8d2d034-9ed8-11f0-a7b7-0a6aab4924ab'),('9d91b157-bb69-49b3-9de1-13557205e9c9','https://holidate-storage.s3.ap-southeast-1.amazonaws.com/20033631-aec1028c4f98d763a9ed14d005add27a.jpeg','a8d2d034-9ed8-11f0-a7b7-0a6aab4924ab'),('9f50efd3-ff95-4268-ab32-70d1815d7a76','https://holidate-storage.s3.ap-southeast-1.amazonaws.com/20033631-b0698f733b24661b9d24b98b30019ca1.jpeg','a8d2d034-9ed8-11f0-a7b7-0a6aab4924ab'),('9f529568-7493-4660-a3e6-3e747d353017','https://holidate-storage.s3.ap-southeast-1.amazonaws.com/20033631-85b3ba41998cace6b8c56e546ad9a0bc.jpeg','a8d2d034-9ed8-11f0-a7b7-0a6aab4924ab'),('9feff1ae-64aa-442b-ba37-ee0614712690','https://holidate-storage.s3.ap-southeast-1.amazonaws.com/3d8210a9_z.jpg','0ffa54d0-a0c7-11f0-a7b7-0a6aab4924ab'),('a05ba357-0c14-49f7-ae50-59af63202af1','https://holidate-storage.s3.ap-southeast-1.amazonaws.com/20033631-85b3ba41998cace6b8c56e546ad9a0bc.jpeg','a8d2d034-9ed8-11f0-a7b7-0a6aab4924ab'),('a0e1d3ce-1324-4030-a511-cffbe991f02b','https://holidate-storage.s3.ap-southeast-1.amazonaws.com/20033631-c5671fb5232227e8d841abcbab94f24c.jpeg','a8d2d034-9ed8-11f0-a7b7-0a6aab4924ab'),('a0fa93e9-e5ab-4eb7-b096-212abd359c13','https://holidate-storage.s3.ap-southeast-1.amazonaws.com/20042647-411cfd5403a2215ba863aedb8c6a1436.jpeg','0ffb6f23-a0c7-11f0-a7b7-0a6aab4924ab'),('a1083211-b2aa-493c-aeb2-c5b7e1c5cca4','https://holidate-storage.s3.ap-southeast-1.amazonaws.com/20033631-b0698f733b24661b9d24b98b30019ca1.jpeg','a8d2d034-9ed8-11f0-a7b7-0a6aab4924ab'),('a16c79c6-06f9-4a0f-8048-b1d2ec908518','https://holidate-storage.s3.ap-southeast-1.amazonaws.com/20033631-aec1028c4f98d763a9ed14d005add27a.jpeg','a8d2d034-9ed8-11f0-a7b7-0a6aab4924ab'),('a342fedb-adef-485e-8db1-cbe705c68379','https://holidate-storage.s3.ap-southeast-1.amazonaws.com/680041111-51c1ac7b7f0bcb6980f5d91e4580a471.jpeg','0ffb6f23-a0c7-11f0-a7b7-0a6aab4924ab'),('a4632d1a-30a7-4914-a15c-50a83ec02189','https://holidate-storage.s3.ap-southeast-1.amazonaws.com/20016842-830bc721151c7dd7ed9b9e7ee69cb22f.jpg','0ffb6f23-a0c7-11f0-a7b7-0a6aab4924ab'),('a4ae4d05-4cc9-4212-b3f0-2f347565ebc4','https://holidate-storage.s3.ap-southeast-1.amazonaws.com/95fbe588_z.jpg','0ffb6caa-a0c7-11f0-a7b7-0a6aab4924ab'),('a5ee86a2-c9b8-4a5d-abec-5f26107c5c5c','https://holidate-storage.s3.ap-southeast-1.amazonaws.com/5737b65a_z.jpg','0ffa54d0-a0c7-11f0-a7b7-0a6aab4924ab'),('a65792cc-112f-4e1b-8a00-db5ef191682a','https://holidate-storage.s3.ap-southeast-1.amazonaws.com/20033631-8ca9569de0ab3f614019d698d56cc793.jpeg','a8d2d034-9ed8-11f0-a7b7-0a6aab4924ab'),('a7666da9-047c-4b7c-acdb-aae64d7ff728','https://holidate-storage.s3.ap-southeast-1.amazonaws.com/20033631-b0698f733b24661b9d24b98b30019ca1.jpeg','a8d2d034-9ed8-11f0-a7b7-0a6aab4924ab'),('a8385770-6b20-4b55-8bfc-7938ab28ae7e','https://holidate-storage.s3.ap-southeast-1.amazonaws.com/20033631-b0698f733b24661b9d24b98b30019ca1.jpeg','a8d2d034-9ed8-11f0-a7b7-0a6aab4924ab'),('a8ba5d3c-fda4-43a9-afbb-641d0050563c','https://holidate-storage.s3.ap-southeast-1.amazonaws.com/20033631-c5671fb5232227e8d841abcbab94f24c.jpeg','a8d2d034-9ed8-11f0-a7b7-0a6aab4924ab'),('a93ae9b4-6299-4576-9300-3a6c983be397','https://holidate-storage.s3.ap-southeast-1.amazonaws.com/dca8b3ff_z.jpg','0ffa54d0-a0c7-11f0-a7b7-0a6aab4924ab'),('a97eb090-4aa4-4af1-8951-86b0f40d380a','https://holidate-storage.s3.ap-southeast-1.amazonaws.com/087b6ed7_z.jpg','0ffb6caa-a0c7-11f0-a7b7-0a6aab4924ab'),('aadd85a5-bfef-4ed0-9af5-348cdb760af7','https://holidate-storage.s3.ap-southeast-1.amazonaws.com/20033631-85b3ba41998cace6b8c56e546ad9a0bc.jpeg','a8d2d034-9ed8-11f0-a7b7-0a6aab4924ab'),('aafa722d-65b8-4708-be8c-8e0f2ea6e44d','https://holidate-storage.s3.ap-southeast-1.amazonaws.com/20033631-aec1028c4f98d763a9ed14d005add27a.jpeg','a8d2d034-9ed8-11f0-a7b7-0a6aab4924ab'),('ab24cd0e-9cbf-4fe1-8410-48847c205778','https://holidate-storage.s3.ap-southeast-1.amazonaws.com/349024969.jpg','0ffa54d0-a0c7-11f0-a7b7-0a6aab4924ab'),('abc4984c-48af-4daa-8982-127506e18ba1','https://holidate-storage.s3.ap-southeast-1.amazonaws.com/20033631-b0698f733b24661b9d24b98b30019ca1.jpeg','a8d2d034-9ed8-11f0-a7b7-0a6aab4924ab'),('abfeb84b-c130-4be4-aff7-659c8a5db3e0','https://holidate-storage.s3.ap-southeast-1.amazonaws.com/10019241-2514x1699-FIT_AND_TRIM-b1fe75c115f7045ae38f6a9b9785ef62.jpeg','0ffa54d0-a0c7-11f0-a7b7-0a6aab4924ab'),('ac05f1fc-4b7d-40e3-b216-deaadfa0fdeb','https://holidate-storage.s3.ap-southeast-1.amazonaws.com/20016842-85365ac3b8bd8975253100861b2662e5.jpeg','0ffb6f23-a0c7-11f0-a7b7-0a6aab4924ab'),('ad001639-53fb-468e-a6a1-23dd90a0e382','https://holidate-storage.s3.ap-southeast-1.amazonaws.com/20033631-c5671fb5232227e8d841abcbab94f24c.jpeg','a8d2d034-9ed8-11f0-a7b7-0a6aab4924ab'),('ad0ec5cf-1a00-4e76-8140-482be0dde3fb','https://holidate-storage.s3.ap-southeast-1.amazonaws.com/20033631-c5671fb5232227e8d841abcbab94f24c.jpeg','a8d2d034-9ed8-11f0-a7b7-0a6aab4924ab'),('ae27e9b8-6f29-471d-b415-65d892a4518f','https://holidate-storage.s3.ap-southeast-1.amazonaws.com/10019241-1827x1219-FIT_AND_TRIM-a36d9257b8ff3636c8ec151304d1293b.jpeg','0ffa54d0-a0c7-11f0-a7b7-0a6aab4924ab'),('ae32e621-87a8-45cf-a41e-ed9abdcb23c9','https://holidate-storage.s3.ap-southeast-1.amazonaws.com/20033631-b0698f733b24661b9d24b98b30019ca1.jpeg','a8d2d034-9ed8-11f0-a7b7-0a6aab4924ab'),('af0a9c1f-521e-4e67-b6cb-fba3e8b4c55e','https://holidate-storage.s3.ap-southeast-1.amazonaws.com/20033631-c5671fb5232227e8d841abcbab94f24c.jpeg','a8d2d034-9ed8-11f0-a7b7-0a6aab4924ab'),('af0d7243-af81-49cc-8d29-379c23ee854d','https://holidate-storage.s3.ap-southeast-1.amazonaws.com/20033631-8ca9569de0ab3f614019d698d56cc793.jpeg','a8d2d034-9ed8-11f0-a7b7-0a6aab4924ab'),('af4fdb6b-9eb4-48b3-8c55-4621263ebf14','https://holidate-storage.s3.ap-southeast-1.amazonaws.com/818790c2_z.jpg','0ffa54d0-a0c7-11f0-a7b7-0a6aab4924ab'),('affd92db-777c-4358-8228-e210e750e046','https://holidate-storage.s3.ap-southeast-1.amazonaws.com/0a26ecd8_z.jpg','0ffb6caa-a0c7-11f0-a7b7-0a6aab4924ab'),('b076fa6d-e750-42e4-97ff-3afda3e9c24b','https://holidate-storage.s3.ap-southeast-1.amazonaws.com/10019241-800x518-FIT_AND_TRIM-519e495dd0a4b9e1c786d6cbf2bdb205.jpg','0ffb6caa-a0c7-11f0-a7b7-0a6aab4924ab'),('b079ec5b-7fb7-4e30-a31b-3ee2221e7617','https://holidate-storage.s3.ap-southeast-1.amazonaws.com/20033631-8ca9569de0ab3f614019d698d56cc793.jpeg','a8d2d034-9ed8-11f0-a7b7-0a6aab4924ab'),('b0bc2287-a9ba-44ab-973b-34fc38979d21','https://holidate-storage.s3.ap-southeast-1.amazonaws.com/20033631-c5671fb5232227e8d841abcbab94f24c.jpeg','a8d2d034-9ed8-11f0-a7b7-0a6aab4924ab'),('b1488a65-b2c7-4d59-8e58-78ab547d1947','https://holidate-storage.s3.ap-southeast-1.amazonaws.com/0a26ecd8_z.jpg','0ffb6caa-a0c7-11f0-a7b7-0a6aab4924ab'),('b166ce02-ea83-43be-b87d-b0a108a0e928','https://holidate-storage.s3.ap-southeast-1.amazonaws.com/10027040-db23025ed989ad6ec0e5c98fc07099ee.jpeg','0ffa54d0-a0c7-11f0-a7b7-0a6aab4924ab'),('b28bbbc5-ca79-47cc-a980-f7704d2e00ff','https://holidate-storage.s3.ap-southeast-1.amazonaws.com/20061391-9708a0480139c9b61cd04955d18b7cd4.jpg','0ffb6f23-a0c7-11f0-a7b7-0a6aab4924ab'),('b2b552db-7370-45de-9c1d-78b9dea2b32f','https://holidate-storage.s3.ap-southeast-1.amazonaws.com/087b6ed7_z.jpg','0ffa54d0-a0c7-11f0-a7b7-0a6aab4924ab'),('b36bbf3b-a247-4415-8117-5f216b136db3','https://holidate-storage.s3.ap-southeast-1.amazonaws.com/10019241-2514x1699-FIT_AND_TRIM-b1fe75c115f7045ae38f6a9b9785ef62.jpeg','0ffa54d0-a0c7-11f0-a7b7-0a6aab4924ab'),('b3ff065f-fdb2-44de-8410-1e7042f7d29b','https://holidate-storage.s3.ap-southeast-1.amazonaws.com/10019241-2514x1699-FIT_AND_TRIM-b1fe75c115f7045ae38f6a9b9785ef62.jpeg','0ffa54d0-a0c7-11f0-a7b7-0a6aab4924ab'),('b477db11-ca7c-4e89-8da0-c5163b575a1a','https://holidate-storage.s3.ap-southeast-1.amazonaws.com/20033631-aec1028c4f98d763a9ed14d005add27a.jpeg','a8d2d034-9ed8-11f0-a7b7-0a6aab4924ab'),('b4800752-4d1b-4511-abc8-849f75c57643','https://holidate-storage.s3.ap-southeast-1.amazonaws.com/95fbe588_z.jpg','0ffa54d0-a0c7-11f0-a7b7-0a6aab4924ab'),('b5082e88-5b03-4af4-91b3-4fa94e4a244b','https://holidate-storage.s3.ap-southeast-1.amazonaws.com/10019241-1827x1219-FIT_AND_TRIM-a36d9257b8ff3636c8ec151304d1293b.jpeg','0ffa54d0-a0c7-11f0-a7b7-0a6aab4924ab'),('b512ac82-14f1-4f1f-afcb-0c230335f2d3','https://holidate-storage.s3.ap-southeast-1.amazonaws.com/10019241-800x518-FIT_AND_TRIM-519e495dd0a4b9e1c786d6cbf2bdb205.jpg','0ffb6caa-a0c7-11f0-a7b7-0a6aab4924ab'),('b5ef6dcb-587b-4c9b-b357-5e830a8ce295','https://holidate-storage.s3.ap-southeast-1.amazonaws.com/20033631-8ca9569de0ab3f614019d698d56cc793.jpeg','a8d2d034-9ed8-11f0-a7b7-0a6aab4924ab'),('b6fef51f-b0f0-4efb-8068-e54e4b1a4037','https://holidate-storage.s3.ap-southeast-1.amazonaws.com/20033631-aec1028c4f98d763a9ed14d005add27a.jpeg','a8d2d034-9ed8-11f0-a7b7-0a6aab4924ab'),('b781a825-7729-43b0-a6fe-05783a70da36','https://holidate-storage.s3.ap-southeast-1.amazonaws.com/20033631-c5671fb5232227e8d841abcbab94f24c.jpeg','a8d2d034-9ed8-11f0-a7b7-0a6aab4924ab'),('b79842bc-3d79-42c3-be0e-22e151a8eb07','https://holidate-storage.s3.ap-southeast-1.amazonaws.com/20033631-aec1028c4f98d763a9ed14d005add27a.jpeg','a8d2d034-9ed8-11f0-a7b7-0a6aab4924ab'),('b7996da9-5193-426d-b942-bfc9199cd77e','https://holidate-storage.s3.ap-southeast-1.amazonaws.com/20033631-c5671fb5232227e8d841abcbab94f24c.jpeg','a8d2d034-9ed8-11f0-a7b7-0a6aab4924ab'),('b7fc8b22-48b3-45cc-a96b-8fe1966b157f','https://holidate-storage.s3.ap-southeast-1.amazonaws.com/20033631-c5671fb5232227e8d841abcbab94f24c.jpeg','a8d2d034-9ed8-11f0-a7b7-0a6aab4924ab'),('b833b622-9fa1-4405-bf32-9a87cde8e587','https://holidate-storage.s3.ap-southeast-1.amazonaws.com/20033631-b0698f733b24661b9d24b98b30019ca1.jpeg','a8d2d034-9ed8-11f0-a7b7-0a6aab4924ab'),('b836041f-44d8-471f-b65b-bbcae6109c15','https://holidate-storage.s3.ap-southeast-1.amazonaws.com/20033631-b0698f733b24661b9d24b98b30019ca1.jpeg','a8d2d034-9ed8-11f0-a7b7-0a6aab4924ab'),('b8933a6b-eec8-43b1-82a7-354c716493ff','https://holidate-storage.s3.ap-southeast-1.amazonaws.com/20061391-e38e1497550b67392053d8e2b3c68ecc.jpeg','0ffb6f23-a0c7-11f0-a7b7-0a6aab4924ab'),('b8a88f35-d927-46b2-82f3-f1ddaeeb5ae9','https://holidate-storage.s3.ap-southeast-1.amazonaws.com/20033631-b0698f733b24661b9d24b98b30019ca1.jpeg','a8d2d034-9ed8-11f0-a7b7-0a6aab4924ab'),('b91b11e9-93cf-42a7-808e-32a1daa701fc','https://holidate-storage.s3.ap-southeast-1.amazonaws.com/10019241-800x518-FIT_AND_TRIM-519e495dd0a4b9e1c786d6cbf2bdb205.jpg','0ffb6caa-a0c7-11f0-a7b7-0a6aab4924ab'),('b93186af-9dda-4578-82d1-579be50da73e','https://holidate-storage.s3.ap-southeast-1.amazonaws.com/10019241-2514x1699-FIT_AND_TRIM-b1fe75c115f7045ae38f6a9b9785ef62.jpeg','0ffa54d0-a0c7-11f0-a7b7-0a6aab4924ab'),('b9e8d018-f47e-4606-a0ba-59d1203dae66','https://holidate-storage.s3.ap-southeast-1.amazonaws.com/eb7769bc_z.jpg','0ffa54d0-a0c7-11f0-a7b7-0a6aab4924ab'),('ba98733e-4d60-43c8-aa7e-dacf7b76d52e','https://holidate-storage.s3.ap-southeast-1.amazonaws.com/10019241-800x518-FIT_AND_TRIM-519e495dd0a4b9e1c786d6cbf2bdb205.jpg','0ffb6caa-a0c7-11f0-a7b7-0a6aab4924ab'),('bae86f61-48df-4bc6-a5d5-bbe47f74e37d','https://holidate-storage.s3.ap-southeast-1.amazonaws.com/10027170-427cef1414491ab7a1fdf4965b2e08b7.jpeg','0ffa54d0-a0c7-11f0-a7b7-0a6aab4924ab'),('bb53cf93-9bb2-4823-b6ed-024fc6d72fdb','https://holidate-storage.s3.ap-southeast-1.amazonaws.com/10019241-2514x1699-FIT_AND_TRIM-b1fe75c115f7045ae38f6a9b9785ef62.jpeg','0ffa54d0-a0c7-11f0-a7b7-0a6aab4924ab'),('bbabd162-a381-40be-83e1-3b95b3d2a45d','https://holidate-storage.s3.ap-southeast-1.amazonaws.com/20033631-85b3ba41998cace6b8c56e546ad9a0bc.jpeg','a8d2d034-9ed8-11f0-a7b7-0a6aab4924ab'),('bc16af5f-c82b-434f-9c6c-7ec33280f2e6','https://holidate-storage.s3.ap-southeast-1.amazonaws.com/349024599.webp','0ffa54d0-a0c7-11f0-a7b7-0a6aab4924ab'),('bd2d4412-8298-44ec-91bc-c6a9361950ec','https://holidate-storage.s3.ap-southeast-1.amazonaws.com/20033631-b0698f733b24661b9d24b98b30019ca1.jpeg','a8d2d034-9ed8-11f0-a7b7-0a6aab4924ab'),('bd610205-b0bc-44dc-8994-ae0a692aeb98','https://holidate-storage.s3.ap-southeast-1.amazonaws.com/95fbe588_z.jpg','0ffb6caa-a0c7-11f0-a7b7-0a6aab4924ab'),('bf3217e1-fcf2-487a-bad6-06e2df02696d','https://holidate-storage.s3.ap-southeast-1.amazonaws.com/3d8210a9_z.jpg','0ffa54d0-a0c7-11f0-a7b7-0a6aab4924ab'),('c10befd0-9fb5-4e1f-bc85-f25905816a85','https://holidate-storage.s3.ap-southeast-1.amazonaws.com/20033631-b0698f733b24661b9d24b98b30019ca1.jpeg','a8d2d034-9ed8-11f0-a7b7-0a6aab4924ab'),('c1552206-8f28-4ec8-b037-eae44eee71a9','https://holidate-storage.s3.ap-southeast-1.amazonaws.com/689972705.jpg','0ffa54d0-a0c7-11f0-a7b7-0a6aab4924ab'),('c170f9fc-818a-477f-bb9f-291dc61b46a0','https://holidate-storage.s3.ap-southeast-1.amazonaws.com/20033631-8ca9569de0ab3f614019d698d56cc793.jpeg','a8d2d034-9ed8-11f0-a7b7-0a6aab4924ab'),('c1baef8f-5359-4e02-871e-b1cee8fbcbed','https://holidate-storage.s3.ap-southeast-1.amazonaws.com/20033631-85b3ba41998cace6b8c56e546ad9a0bc.jpeg','a8d2d034-9ed8-11f0-a7b7-0a6aab4924ab'),('c21bdc2e-0981-42b1-82d6-4f0a055524d8','https://holidate-storage.s3.ap-southeast-1.amazonaws.com/20033631-aec1028c4f98d763a9ed14d005add27a.jpeg','a8d2d034-9ed8-11f0-a7b7-0a6aab4924ab'),('c246b04b-ee87-4d10-a8f6-6c980b29c49f','https://holidate-storage.s3.ap-southeast-1.amazonaws.com/20033631-b0698f733b24661b9d24b98b30019ca1.jpeg','a8d2d034-9ed8-11f0-a7b7-0a6aab4924ab'),('c25427cb-2a7b-4d91-9a1f-e8f846a5db5f','https://holidate-storage.s3.ap-southeast-1.amazonaws.com/20033631-85b3ba41998cace6b8c56e546ad9a0bc.jpeg','a8d2d034-9ed8-11f0-a7b7-0a6aab4924ab'),('c2815578-fe9e-4ffe-afba-0cee273bdec9','https://holidate-storage.s3.ap-southeast-1.amazonaws.com/20033631-8ca9569de0ab3f614019d698d56cc793.jpeg','a8d2d034-9ed8-11f0-a7b7-0a6aab4924ab'),('c29a14be-b9f4-45d9-910d-7ce9e15d95bf','https://holidate-storage.s3.ap-southeast-1.amazonaws.com/20033631-c5671fb5232227e8d841abcbab94f24c.jpeg','a8d2d034-9ed8-11f0-a7b7-0a6aab4924ab'),('c380cdfa-ab49-492d-817d-db701daaa66c','https://holidate-storage.s3.ap-southeast-1.amazonaws.com/087b6ed7_z.jpg','0ffa54d0-a0c7-11f0-a7b7-0a6aab4924ab'),('c499c1f5-d567-4b2c-a665-7002b78964bc','https://holidate-storage.s3.ap-southeast-1.amazonaws.com/20033631-85b3ba41998cace6b8c56e546ad9a0bc.jpeg','a8d2d034-9ed8-11f0-a7b7-0a6aab4924ab'),('c50fd9ee-ab39-48ef-84c4-b226bacc227a','https://holidate-storage.s3.ap-southeast-1.amazonaws.com/20033631-85b3ba41998cace6b8c56e546ad9a0bc.jpeg','a8d2d034-9ed8-11f0-a7b7-0a6aab4924ab'),('c518b119-8f7c-48b3-981e-35d9691168a7','https://holidate-storage.s3.ap-southeast-1.amazonaws.com/3d8210a9_z.jpg','0ffa54d0-a0c7-11f0-a7b7-0a6aab4924ab'),('c565e3f1-f6f9-473e-9188-6b81d3c42dcb','https://holidate-storage.s3.ap-southeast-1.amazonaws.com/20033631-aec1028c4f98d763a9ed14d005add27a.jpeg','a8d2d034-9ed8-11f0-a7b7-0a6aab4924ab'),('c6ace7d0-55fe-4e3f-a9b6-327d5b32c1ec','https://holidate-storage.s3.ap-southeast-1.amazonaws.com/20033631-8ca9569de0ab3f614019d698d56cc793.jpeg','a8d2d034-9ed8-11f0-a7b7-0a6aab4924ab'),('c6f4de3a-0c80-4b1e-85b2-cc517d7ff72c','https://holidate-storage.s3.ap-southeast-1.amazonaws.com/20033631-8ca9569de0ab3f614019d698d56cc793.jpeg','a8d2d034-9ed8-11f0-a7b7-0a6aab4924ab'),('c70ac6f7-0ce4-4289-ac2d-5af774641989','https://holidate-storage.s3.ap-southeast-1.amazonaws.com/20033631-aec1028c4f98d763a9ed14d005add27a.jpeg','a8d2d034-9ed8-11f0-a7b7-0a6aab4924ab'),('c7962e70-d2c1-4311-9263-1497b4bf8b93','https://holidate-storage.s3.ap-southeast-1.amazonaws.com/20033631-8ca9569de0ab3f614019d698d56cc793.jpeg','a8d2d034-9ed8-11f0-a7b7-0a6aab4924ab'),('c8e73d20-7661-473f-bc1a-4e7b66035601','https://holidate-storage.s3.ap-southeast-1.amazonaws.com/20033631-c5671fb5232227e8d841abcbab94f24c.jpeg','a8d2d034-9ed8-11f0-a7b7-0a6aab4924ab'),('c8f7b1d4-78aa-48cc-8ebb-e06cd67d30f3','https://holidate-storage.s3.ap-southeast-1.amazonaws.com/20033631-aec1028c4f98d763a9ed14d005add27a.jpeg','a8d2d034-9ed8-11f0-a7b7-0a6aab4924ab'),('c8fcc8a7-d33b-48d6-b1f6-70691ff485f0','https://holidate-storage.s3.ap-southeast-1.amazonaws.com/20033631-8ca9569de0ab3f614019d698d56cc793.jpeg','a8d2d034-9ed8-11f0-a7b7-0a6aab4924ab'),('c9ac582d-aeb7-4d44-a7df-22cebef3bc09','https://holidate-storage.s3.ap-southeast-1.amazonaws.com/0a26ecd8_z.jpg','0ffb6caa-a0c7-11f0-a7b7-0a6aab4924ab'),('c9ca7116-0b86-4489-a094-426e7a3761bd','https://holidate-storage.s3.ap-southeast-1.amazonaws.com/20033631-aec1028c4f98d763a9ed14d005add27a.jpeg','a8d2d034-9ed8-11f0-a7b7-0a6aab4924ab'),('ca46614a-256a-4991-9d0b-12e519c7808a','https://holidate-storage.s3.ap-southeast-1.amazonaws.com/10019241-800x518-FIT_AND_TRIM-519e495dd0a4b9e1c786d6cbf2bdb205.jpg','0ffb6caa-a0c7-11f0-a7b7-0a6aab4924ab'),('ca5461fe-b3ff-460d-ad89-820a1f827006','https://holidate-storage.s3.ap-southeast-1.amazonaws.com/680048173-84a16630236e6a490195c03382a2461b.jpeg','0ffb6f23-a0c7-11f0-a7b7-0a6aab4924ab'),('cbc53c9e-7b32-4a24-9814-4d82cfeb1042','https://holidate-storage.s3.ap-southeast-1.amazonaws.com/20033631-aec1028c4f98d763a9ed14d005add27a.jpeg','a8d2d034-9ed8-11f0-a7b7-0a6aab4924ab'),('cc4c7609-50b5-4137-a3f2-594378b4fcae','https://holidate-storage.s3.ap-southeast-1.amazonaws.com/10019241-1827x1219-FIT_AND_TRIM-a36d9257b8ff3636c8ec151304d1293b.jpeg','0ffa54d0-a0c7-11f0-a7b7-0a6aab4924ab'),('ccad4ca0-e505-4afd-b379-83ce9aea999a','https://holidate-storage.s3.ap-southeast-1.amazonaws.com/20033631-aec1028c4f98d763a9ed14d005add27a.jpeg','a8d2d034-9ed8-11f0-a7b7-0a6aab4924ab'),('cd48566a-025d-4e89-9aab-f806da841356','https://holidate-storage.s3.ap-southeast-1.amazonaws.com/20033631-aec1028c4f98d763a9ed14d005add27a.jpeg','a8d2d034-9ed8-11f0-a7b7-0a6aab4924ab'),('cd6da99e-89ab-4f64-8871-d17939e02438','https://holidate-storage.s3.ap-southeast-1.amazonaws.com/20067960-56eeb228e7b077f450b0d69f6d7d4b46.jpeg','0ffb6f23-a0c7-11f0-a7b7-0a6aab4924ab'),('cde77cb9-80fa-43fc-8f47-d2a1c57b7c78','https://holidate-storage.s3.ap-southeast-1.amazonaws.com/10019241-800x518-FIT_AND_TRIM-519e495dd0a4b9e1c786d6cbf2bdb205.jpg','0ffb6caa-a0c7-11f0-a7b7-0a6aab4924ab'),('cf567585-7b62-47cd-ad7b-62a54a140ef8','https://holidate-storage.s3.ap-southeast-1.amazonaws.com/087b6ed7_z.jpg','0ffa54d0-a0c7-11f0-a7b7-0a6aab4924ab'),('cf6b64a2-9b0e-4c8a-b516-4931740a279d','https://holidate-storage.s3.ap-southeast-1.amazonaws.com/087b6ed7_z.jpg','0ffa54d0-a0c7-11f0-a7b7-0a6aab4924ab'),('cfc8f5c6-6b45-473d-9767-c7a287717f72','https://holidate-storage.s3.ap-southeast-1.amazonaws.com/20033631-8ca9569de0ab3f614019d698d56cc793.jpeg','a8d2d034-9ed8-11f0-a7b7-0a6aab4924ab'),('d08b7a72-b6c9-4927-9e50-1c2f285fc00a','https://holidate-storage.s3.ap-southeast-1.amazonaws.com/680041111-1367433673de960e84e5bacffa0bf54f.jpeg','0ffb6f23-a0c7-11f0-a7b7-0a6aab4924ab'),('d0995720-3344-479b-90df-8aa1b9dfe96d','https://holidate-storage.s3.ap-southeast-1.amazonaws.com/10019241-2514x1699-FIT_AND_TRIM-b1fe75c115f7045ae38f6a9b9785ef62.jpeg','0ffa54d0-a0c7-11f0-a7b7-0a6aab4924ab'),('d1b7abb7-cb9d-4629-aeeb-b93d36e170f6','https://holidate-storage.s3.ap-southeast-1.amazonaws.com/0a26ecd8_z.jpg','0ffa54d0-a0c7-11f0-a7b7-0a6aab4924ab'),('d1c632f1-4d8e-4da2-962a-e47acb5ed5fa','https://holidate-storage.s3.ap-southeast-1.amazonaws.com/20033631-b0698f733b24661b9d24b98b30019ca1.jpeg','a8d2d034-9ed8-11f0-a7b7-0a6aab4924ab'),('d2acc7e9-aeb5-4db4-928d-1d0699ce1bda','https://holidate-storage.s3.ap-southeast-1.amazonaws.com/20040079-380728877e7ba724cc193d8a2e6fe1ca.jpeg','0ffb6f23-a0c7-11f0-a7b7-0a6aab4924ab'),('d2f85c9f-aad1-4f33-8bac-ae51801aed11','https://holidate-storage.s3.ap-southeast-1.amazonaws.com/20033631-b0698f733b24661b9d24b98b30019ca1.jpeg','a8d2d034-9ed8-11f0-a7b7-0a6aab4924ab'),('d3c5a014-4baa-49cf-90a6-3bf0c88a5375','https://holidate-storage.s3.ap-southeast-1.amazonaws.com/20033631-b0698f733b24661b9d24b98b30019ca1.jpeg','a8d2d034-9ed8-11f0-a7b7-0a6aab4924ab'),('d44e4af1-2fc1-492c-9408-0e9214be94fa','https://holidate-storage.s3.ap-southeast-1.amazonaws.com/3d8210a9_z.jpg','0ffa54d0-a0c7-11f0-a7b7-0a6aab4924ab'),('d4f535a5-db54-4304-8c42-8310323d61f1','https://holidate-storage.s3.ap-southeast-1.amazonaws.com/10019241-800x518-FIT_AND_TRIM-519e495dd0a4b9e1c786d6cbf2bdb205.jpg','0ffb6caa-a0c7-11f0-a7b7-0a6aab4924ab'),('d50a632e-8b62-48b2-ae63-08640879d7bb','https://holidate-storage.s3.ap-southeast-1.amazonaws.com/3d8210a9_z.jpg','0ffa54d0-a0c7-11f0-a7b7-0a6aab4924ab'),('d51fb6b8-54bc-4faa-b32d-6cd5603038dc','https://holidate-storage.s3.ap-southeast-1.amazonaws.com/10033593-960x720-FIT_AND_TRIM-9cad0d14951ab23c01ea90159032ee1a.jpeg','0ffb6f23-a0c7-11f0-a7b7-0a6aab4924ab'),('d5c9d755-62d8-4fd0-af44-b058c38f98c9','https://holidate-storage.s3.ap-southeast-1.amazonaws.com/10019241-1827x1219-FIT_AND_TRIM-a36d9257b8ff3636c8ec151304d1293b.jpeg','0ffa54d0-a0c7-11f0-a7b7-0a6aab4924ab'),('d5de492a-7795-4bf6-b6a8-4ced4cd7ea05','https://holidate-storage.s3.ap-southeast-1.amazonaws.com/20033631-8ca9569de0ab3f614019d698d56cc793.jpeg','a8d2d034-9ed8-11f0-a7b7-0a6aab4924ab'),('d64cfd88-acd8-46e2-9457-3a2e95c432f1','https://holidate-storage.s3.ap-southeast-1.amazonaws.com/10019241-1827x1219-FIT_AND_TRIM-a36d9257b8ff3636c8ec151304d1293b.jpeg','0ffa54d0-a0c7-11f0-a7b7-0a6aab4924ab'),('d6de2494-189f-4074-b6fb-dff36eab667d','https://holidate-storage.s3.ap-southeast-1.amazonaws.com/087b6ed7_z.jpg','0ffa54d0-a0c7-11f0-a7b7-0a6aab4924ab'),('d7b53ca1-cedb-41bc-b6a8-ad4ac2ca66ed','https://holidate-storage.s3.ap-southeast-1.amazonaws.com/20033631-c5671fb5232227e8d841abcbab94f24c.jpeg','a8d2d034-9ed8-11f0-a7b7-0a6aab4924ab'),('d7faaa87-e6eb-4226-93d3-eb679e75a3c9','https://holidate-storage.s3.ap-southeast-1.amazonaws.com/10019241-1827x1219-FIT_AND_TRIM-a36d9257b8ff3636c8ec151304d1293b.jpeg','0ffa54d0-a0c7-11f0-a7b7-0a6aab4924ab'),('d85823c9-6360-48f9-8450-9578fe6b273a','https://holidate-storage.s3.ap-southeast-1.amazonaws.com/20033631-85b3ba41998cace6b8c56e546ad9a0bc.jpeg','a8d2d034-9ed8-11f0-a7b7-0a6aab4924ab'),('d85f491b-24c8-4eca-a002-730b8c46475f','https://holidate-storage.s3.ap-southeast-1.amazonaws.com/20033631-aec1028c4f98d763a9ed14d005add27a.jpeg','a8d2d034-9ed8-11f0-a7b7-0a6aab4924ab'),('d8cb0af6-f984-4f6b-acb9-f6ea2e29e569','https://holidate-storage.s3.ap-southeast-1.amazonaws.com/95fbe588_z.jpg','0ffb6caa-a0c7-11f0-a7b7-0a6aab4924ab'),('d906dadf-9cd6-49b7-860c-3da763852e79','https://holidate-storage.s3.ap-southeast-1.amazonaws.com/348609918.jpg','0ffa54d0-a0c7-11f0-a7b7-0a6aab4924ab'),('d9ca6f81-8b72-435a-85d4-54fa71fd42b7','https://holidate-storage.s3.ap-southeast-1.amazonaws.com/9337bd05_z.jpg','0ffa54d0-a0c7-11f0-a7b7-0a6aab4924ab'),('d9db7b1b-6154-43a1-8e68-c637a448a839','https://holidate-storage.s3.ap-southeast-1.amazonaws.com/20090749-2da6141561d80b107e3b7b6e95467b28.jpeg','0ffb6f23-a0c7-11f0-a7b7-0a6aab4924ab'),('da1b9d67-cb25-4125-8ed0-aaf14d4b954e','https://holidate-storage.s3.ap-southeast-1.amazonaws.com/10019241-1827x1219-FIT_AND_TRIM-a36d9257b8ff3636c8ec151304d1293b.jpeg','0ffa54d0-a0c7-11f0-a7b7-0a6aab4924ab'),('da774aae-b0ed-45c6-b7ba-32bb6e54f435','https://holidate-storage.s3.ap-southeast-1.amazonaws.com/3d8210a9_z.jpg','0ffa54d0-a0c7-11f0-a7b7-0a6aab4924ab'),('da993281-f823-45c1-931a-69bfe3e36718','https://holidate-storage.s3.ap-southeast-1.amazonaws.com/10019241-2514x1699-FIT_AND_TRIM-b1fe75c115f7045ae38f6a9b9785ef62.jpeg','0ffa54d0-a0c7-11f0-a7b7-0a6aab4924ab'),('dad45660-7122-425f-b318-9e7b1bf77f58','https://holidate-storage.s3.ap-southeast-1.amazonaws.com/20033631-8ca9569de0ab3f614019d698d56cc793.jpeg','a8d2d034-9ed8-11f0-a7b7-0a6aab4924ab'),('db06b712-31b8-4d62-beb8-33646d082cdc','https://holidate-storage.s3.ap-southeast-1.amazonaws.com/10027170-f25f97214dc7f0399feebac3cccec370.jpeg','0ffa54d0-a0c7-11f0-a7b7-0a6aab4924ab'),('db07a437-1796-4b56-8af2-6730051a438d','https://holidate-storage.s3.ap-southeast-1.amazonaws.com/0a26ecd8_z.jpg','0ffa54d0-a0c7-11f0-a7b7-0a6aab4924ab'),('db864c23-8070-405c-992a-df3b51cd7472','https://holidate-storage.s3.ap-southeast-1.amazonaws.com/20033631-8ca9569de0ab3f614019d698d56cc793.jpeg','a8d2d034-9ed8-11f0-a7b7-0a6aab4924ab'),('dc89c3c7-c753-452c-ab54-6da2084df7d2','https://holidate-storage.s3.ap-southeast-1.amazonaws.com/20033631-b0698f733b24661b9d24b98b30019ca1.jpeg','a8d2d034-9ed8-11f0-a7b7-0a6aab4924ab'),('dc921287-924e-45da-8a7b-30b56b728d4e','https://holidate-storage.s3.ap-southeast-1.amazonaws.com/20033631-8ca9569de0ab3f614019d698d56cc793.jpeg','a8d2d034-9ed8-11f0-a7b7-0a6aab4924ab'),('dd790a87-29d8-4121-afcd-3681db05030a','https://holidate-storage.s3.ap-southeast-1.amazonaws.com/20033631-aec1028c4f98d763a9ed14d005add27a.jpeg','a8d2d034-9ed8-11f0-a7b7-0a6aab4924ab'),('de1fdbb1-70c6-4bf1-a483-8e4304b65d37','https://holidate-storage.s3.ap-southeast-1.amazonaws.com/087b6ed7_z.jpg','0ffa54d0-a0c7-11f0-a7b7-0a6aab4924ab'),('de472217-dadf-4efb-aaac-7594ea5db439','https://holidate-storage.s3.ap-southeast-1.amazonaws.com/20033631-85b3ba41998cace6b8c56e546ad9a0bc.jpeg','a8d2d034-9ed8-11f0-a7b7-0a6aab4924ab'),('deaf9c0d-c974-44d6-9136-a27f5c27a4c1','https://holidate-storage.s3.ap-southeast-1.amazonaws.com/20033631-8ca9569de0ab3f614019d698d56cc793.jpeg','a8d2d034-9ed8-11f0-a7b7-0a6aab4924ab'),('df0055be-fbc6-4642-a5f9-4a7e04cd36ee','https://holidate-storage.s3.ap-southeast-1.amazonaws.com/10027170-f53ccede87da8bd8b3d6c752c34c8555.jpeg','0ffa54d0-a0c7-11f0-a7b7-0a6aab4924ab'),('e008e5fd-92eb-48dd-ab9b-3da8a82b5b78','https://holidate-storage.s3.ap-southeast-1.amazonaws.com/20033631-8ca9569de0ab3f614019d698d56cc793.jpeg','a8d2d034-9ed8-11f0-a7b7-0a6aab4924ab'),('e01a4240-5bea-4e77-a401-a4b1dde2a7c1','https://holidate-storage.s3.ap-southeast-1.amazonaws.com/20033631-8ca9569de0ab3f614019d698d56cc793.jpeg','a8d2d034-9ed8-11f0-a7b7-0a6aab4924ab'),('e0365708-5ed4-4f53-a15e-4bee69bba1ee','https://holidate-storage.s3.ap-southeast-1.amazonaws.com/20033631-8ca9569de0ab3f614019d698d56cc793.jpeg','a8d2d034-9ed8-11f0-a7b7-0a6aab4924ab'),('e03ec129-3989-48d9-bd11-4a5aca2617d7','https://holidate-storage.s3.ap-southeast-1.amazonaws.com/10027170-848c950c5326f0e499097a78da54f98f.jpeg','0ffa54d0-a0c7-11f0-a7b7-0a6aab4924ab'),('e0a31a3d-80b6-4185-8063-5244bf6423d2','https://holidate-storage.s3.ap-southeast-1.amazonaws.com/20090749-d0c3ddfe6f46805eed738dc29049ce5c.jpeg','0ffb6f23-a0c7-11f0-a7b7-0a6aab4924ab'),('e2cf0e00-554d-4878-a4fd-90ff48286090','https://holidate-storage.s3.ap-southeast-1.amazonaws.com/10019241-2514x1699-FIT_AND_TRIM-b1fe75c115f7045ae38f6a9b9785ef62.jpeg','0ffa54d0-a0c7-11f0-a7b7-0a6aab4924ab'),('e2f722ef-806e-4b5b-9e4a-206abb8e7f68','https://holidate-storage.s3.ap-southeast-1.amazonaws.com/20033631-b0698f733b24661b9d24b98b30019ca1.jpeg','a8d2d034-9ed8-11f0-a7b7-0a6aab4924ab'),('e321d6e8-7bd5-4a5d-8f76-eca26cccb22b','https://holidate-storage.s3.ap-southeast-1.amazonaws.com/20033631-c5671fb5232227e8d841abcbab94f24c.jpeg','a8d2d034-9ed8-11f0-a7b7-0a6aab4924ab'),('e40b040b-561a-490d-a1dd-2977cf310a6b','https://holidate-storage.s3.ap-southeast-1.amazonaws.com/20033631-c5671fb5232227e8d841abcbab94f24c.jpeg','a8d2d034-9ed8-11f0-a7b7-0a6aab4924ab'),('e45844ee-c7ef-45b0-8dd9-675cef1f3dca','https://holidate-storage.s3.ap-southeast-1.amazonaws.com/20033631-c5671fb5232227e8d841abcbab94f24c.jpeg','a8d2d034-9ed8-11f0-a7b7-0a6aab4924ab'),('e47d2858-7b5c-4a3c-8983-1be8c082b653','https://holidate-storage.s3.ap-southeast-1.amazonaws.com/20033631-8ca9569de0ab3f614019d698d56cc793.jpeg','a8d2d034-9ed8-11f0-a7b7-0a6aab4924ab'),('e4cd8115-9a2e-4628-93e1-cf872a6b558f','https://holidate-storage.s3.ap-southeast-1.amazonaws.com/10019241-1827x1219-FIT_AND_TRIM-a36d9257b8ff3636c8ec151304d1293b.jpeg','0ffa54d0-a0c7-11f0-a7b7-0a6aab4924ab'),('e4e77720-784f-4df8-bdbd-3ba73535421f','https://holidate-storage.s3.ap-southeast-1.amazonaws.com/10019241-800x518-FIT_AND_TRIM-519e495dd0a4b9e1c786d6cbf2bdb205.jpg','0ffb6caa-a0c7-11f0-a7b7-0a6aab4924ab'),('e4ed44e6-1fb0-4e19-9bcc-f5879a537320','https://holidate-storage.s3.ap-southeast-1.amazonaws.com/20033631-aec1028c4f98d763a9ed14d005add27a.jpeg','a8d2d034-9ed8-11f0-a7b7-0a6aab4924ab'),('e566635b-948b-4d6b-aafd-a11fa25ac195','https://holidate-storage.s3.ap-southeast-1.amazonaws.com/10019241-2514x1699-FIT_AND_TRIM-b1fe75c115f7045ae38f6a9b9785ef62.jpeg','0ffb6caa-a0c7-11f0-a7b7-0a6aab4924ab'),('e5b9745c-29bf-468c-8f84-be96de923b1f','https://holidate-storage.s3.ap-southeast-1.amazonaws.com/425f4d88_z.jpg','0ffa54d0-a0c7-11f0-a7b7-0a6aab4924ab'),('e5ed46b9-6fd8-450f-9615-1d479d39a4bb','https://holidate-storage.s3.ap-southeast-1.amazonaws.com/10019241-800x518-FIT_AND_TRIM-519e495dd0a4b9e1c786d6cbf2bdb205.jpg','0ffb6caa-a0c7-11f0-a7b7-0a6aab4924ab'),('e628772f-863d-4ce2-82ab-9becaa027755','https://holidate-storage.s3.ap-southeast-1.amazonaws.com/20033631-85b3ba41998cace6b8c56e546ad9a0bc.jpeg','a8d2d034-9ed8-11f0-a7b7-0a6aab4924ab'),('e6595c12-eff1-48da-9abd-706924982d9b','https://holidate-storage.s3.ap-southeast-1.amazonaws.com/10019241-1827x1219-FIT_AND_TRIM-a36d9257b8ff3636c8ec151304d1293b.jpeg','0ffa54d0-a0c7-11f0-a7b7-0a6aab4924ab'),('e6ace6b5-77c9-4565-bc3d-5c639a0f2e45','https://holidate-storage.s3.ap-southeast-1.amazonaws.com/20033631-85b3ba41998cace6b8c56e546ad9a0bc.jpeg','a8d2d034-9ed8-11f0-a7b7-0a6aab4924ab'),('e77343ce-e3e1-41d9-ade2-b6f201a9caf1','https://holidate-storage.s3.ap-southeast-1.amazonaws.com/20033631-b0698f733b24661b9d24b98b30019ca1.jpeg','a8d2d034-9ed8-11f0-a7b7-0a6aab4924ab'),('e78c0c91-38cd-4bc0-80f3-8bc4f1903d8c','https://holidate-storage.s3.ap-southeast-1.amazonaws.com/3d8210a9_z.jpg','0ffa54d0-a0c7-11f0-a7b7-0a6aab4924ab'),('e81c01b4-2ca7-4115-b092-4eca84532697','https://holidate-storage.s3.ap-southeast-1.amazonaws.com/20042647-411cfd5403a2215ba863aedb8c6a1436.jpeg','0ffb6f23-a0c7-11f0-a7b7-0a6aab4924ab'),('e86c63ef-b4de-403b-b9cd-387719eca5bd','https://holidate-storage.s3.ap-southeast-1.amazonaws.com/20033631-8ca9569de0ab3f614019d698d56cc793.jpeg','a8d2d034-9ed8-11f0-a7b7-0a6aab4924ab'),('e89c087d-7e09-47f2-8317-8cdee01a7ee4','https://holidate-storage.s3.ap-southeast-1.amazonaws.com/10019241-800x518-FIT_AND_TRIM-519e495dd0a4b9e1c786d6cbf2bdb205.jpg','0ffa54d0-a0c7-11f0-a7b7-0a6aab4924ab'),('ea1aeab8-8aed-4791-8113-b6bb55502518','https://holidate-storage.s3.ap-southeast-1.amazonaws.com/10019241-1827x1219-FIT_AND_TRIM-a36d9257b8ff3636c8ec151304d1293b.jpeg','0ffa54d0-a0c7-11f0-a7b7-0a6aab4924ab'),('ea475060-d075-46c6-9bff-db02c55ef50a','https://holidate-storage.s3.ap-southeast-1.amazonaws.com/10019241-1827x1219-FIT_AND_TRIM-a36d9257b8ff3636c8ec151304d1293b.jpeg','0ffa54d0-a0c7-11f0-a7b7-0a6aab4924ab'),('ea886726-2dc6-43ab-9316-6fa3a542a046','https://holidate-storage.s3.ap-southeast-1.amazonaws.com/20050636-cf4c5a5936cc908a23f44ee54f253675.jpeg','0ffb6f23-a0c7-11f0-a7b7-0a6aab4924ab'),('eb078d99-8265-4090-9560-0602bb21a993','https://holidate-storage.s3.ap-southeast-1.amazonaws.com/20042647-bdb51ab398d86d72f9fceda4725b0244.jpeg','0ffb6f23-a0c7-11f0-a7b7-0a6aab4924ab'),('eb1137b1-898f-4728-9df8-f68df75e5649','https://holidate-storage.s3.ap-southeast-1.amazonaws.com/3d8210a9_z.jpg','0ffa54d0-a0c7-11f0-a7b7-0a6aab4924ab'),('ebb0ffbe-02b7-42fd-a59c-fc2867f787eb','https://holidate-storage.s3.ap-southeast-1.amazonaws.com/20042647-c9445c04c248d59416951a8021771562.jpeg','0ffb6f23-a0c7-11f0-a7b7-0a6aab4924ab'),('ec211989-ec04-43fe-a724-31cd65d00f42','https://holidate-storage.s3.ap-southeast-1.amazonaws.com/20033631-aec1028c4f98d763a9ed14d005add27a.jpeg','a8d2d034-9ed8-11f0-a7b7-0a6aab4924ab'),('ec2df97d-a84f-4e20-95b6-17fe90597c2b','https://holidate-storage.s3.ap-southeast-1.amazonaws.com/20033631-85b3ba41998cace6b8c56e546ad9a0bc.jpeg','a8d2d034-9ed8-11f0-a7b7-0a6aab4924ab'),('ec6599bc-99f6-4495-be05-c0a370312781','https://holidate-storage.s3.ap-southeast-1.amazonaws.com/20042647-411cfd5403a2215ba863aedb8c6a1436.jpeg','0ffb6f23-a0c7-11f0-a7b7-0a6aab4924ab'),('ed6381cc-17ca-45aa-9a9d-685d1f76a5c7','https://holidate-storage.s3.ap-southeast-1.amazonaws.com/20050636-3e122262768cd4fe06a7a17b3757d032.jpeg','0ffb6f23-a0c7-11f0-a7b7-0a6aab4924ab'),('ed72b300-cd3e-486e-9fe6-daf8432926e6','https://holidate-storage.s3.ap-southeast-1.amazonaws.com/20033631-aec1028c4f98d763a9ed14d005add27a.jpeg','a8d2d034-9ed8-11f0-a7b7-0a6aab4924ab'),('ed7df413-119b-45fa-9874-4db34cbaf307','https://holidate-storage.s3.ap-southeast-1.amazonaws.com/20033631-85b3ba41998cace6b8c56e546ad9a0bc.jpeg','a8d2d034-9ed8-11f0-a7b7-0a6aab4924ab'),('ed89fc31-687f-454c-b331-7cebc5b1bd15','https://holidate-storage.s3.ap-southeast-1.amazonaws.com/087b6ed7_z.jpg','0ffa54d0-a0c7-11f0-a7b7-0a6aab4924ab'),('ed951d15-aded-4bd1-b6a9-a93b43ef57d6','https://holidate-storage.s3.ap-southeast-1.amazonaws.com/10019241-2514x1699-FIT_AND_TRIM-b1fe75c115f7045ae38f6a9b9785ef62.jpeg','0ffa54d0-a0c7-11f0-a7b7-0a6aab4924ab'),('edcc643e-9dd1-4e2c-8735-8e13694e89f6','https://holidate-storage.s3.ap-southeast-1.amazonaws.com/10019241-1827x1219-FIT_AND_TRIM-a36d9257b8ff3636c8ec151304d1293b.jpeg','0ffa54d0-a0c7-11f0-a7b7-0a6aab4924ab'),('ee795f2b-b9e7-45f9-8c05-389374d1eaea','https://holidate-storage.s3.ap-southeast-1.amazonaws.com/95fbe588_z.jpg','0ffb6caa-a0c7-11f0-a7b7-0a6aab4924ab'),('ef0aed1f-19a3-49d8-b980-46be0088a6c8','https://holidate-storage.s3.ap-southeast-1.amazonaws.com/20033631-aec1028c4f98d763a9ed14d005add27a.jpeg','a8d2d034-9ed8-11f0-a7b7-0a6aab4924ab'),('ef942d95-fc65-43b3-95e5-a5f58882c639','https://holidate-storage.s3.ap-southeast-1.amazonaws.com/20033631-c5671fb5232227e8d841abcbab94f24c.jpeg','a8d2d034-9ed8-11f0-a7b7-0a6aab4924ab'),('f019b5fb-138a-4d3b-9369-76dc5abc9e01','https://holidate-storage.s3.ap-southeast-1.amazonaws.com/20033631-aec1028c4f98d763a9ed14d005add27a.jpeg','a8d2d034-9ed8-11f0-a7b7-0a6aab4924ab'),('f0ea5f94-ca7e-44cc-b9c9-9aed487a1c8c','https://holidate-storage.s3.ap-southeast-1.amazonaws.com/20033631-c5671fb5232227e8d841abcbab94f24c.jpeg','a8d2d034-9ed8-11f0-a7b7-0a6aab4924ab'),('f134d9e2-1f93-4576-86cc-09dea079b7bf','https://holidate-storage.s3.ap-southeast-1.amazonaws.com/20033631-aec1028c4f98d763a9ed14d005add27a.jpeg','a8d2d034-9ed8-11f0-a7b7-0a6aab4924ab'),('f1ad9a0b-d228-4232-b81c-75ea67301714','https://holidate-storage.s3.ap-southeast-1.amazonaws.com/20033631-c5671fb5232227e8d841abcbab94f24c.jpeg','a8d2d034-9ed8-11f0-a7b7-0a6aab4924ab'),('f1f53bf1-2314-4122-9625-1ee45a72dcfa','https://holidate-storage.s3.ap-southeast-1.amazonaws.com/3d8210a9_z.jpg','0ffa54d0-a0c7-11f0-a7b7-0a6aab4924ab'),('f27b02c1-f1cd-4904-b92f-14153fa16ce6','https://holidate-storage.s3.ap-southeast-1.amazonaws.com/3d8210a9_z.jpg','0ffa54d0-a0c7-11f0-a7b7-0a6aab4924ab'),('f2c3d017-73ad-4678-a351-41c58e04ba8d','https://holidate-storage.s3.ap-southeast-1.amazonaws.com/20033631-c5671fb5232227e8d841abcbab94f24c.jpeg','a8d2d034-9ed8-11f0-a7b7-0a6aab4924ab'),('f4d2918c-20af-4bf2-9f9e-ad2b369eb183','https://holidate-storage.s3.ap-southeast-1.amazonaws.com/20033631-8ca9569de0ab3f614019d698d56cc793.jpeg','a8d2d034-9ed8-11f0-a7b7-0a6aab4924ab'),('f4f21316-c7ae-4ea3-9dbd-28b3595aa031','https://holidate-storage.s3.ap-southeast-1.amazonaws.com/10027170-a59990f8a799a32a202329e9b1e734e2.jpeg','0ffa54d0-a0c7-11f0-a7b7-0a6aab4924ab'),('f69e943c-4c8d-4295-a24d-73fed643e84f','https://holidate-storage.s3.ap-southeast-1.amazonaws.com/20033631-8ca9569de0ab3f614019d698d56cc793.jpeg','a8d2d034-9ed8-11f0-a7b7-0a6aab4924ab'),('f6d45568-c5a6-436c-bc1c-7f5f7d58ed74','https://holidate-storage.s3.ap-southeast-1.amazonaws.com/20033631-aec1028c4f98d763a9ed14d005add27a.jpeg','a8d2d034-9ed8-11f0-a7b7-0a6aab4924ab'),('f7578c30-7ed6-48ba-aafb-ea8f20ed7ebf','https://holidate-storage.s3.ap-southeast-1.amazonaws.com/20033631-85b3ba41998cace6b8c56e546ad9a0bc.jpeg','a8d2d034-9ed8-11f0-a7b7-0a6aab4924ab'),('f777faf0-ca21-4e50-9ef1-8d0689fb3bf9','https://holidate-storage.s3.ap-southeast-1.amazonaws.com/20033631-c5671fb5232227e8d841abcbab94f24c.jpeg','a8d2d034-9ed8-11f0-a7b7-0a6aab4924ab'),('f784f684-27c8-4eb3-935a-88c598e33d0d','https://holidate-storage.s3.ap-southeast-1.amazonaws.com/087b6ed7_z.jpg','0ffa54d0-a0c7-11f0-a7b7-0a6aab4924ab'),('f7f92887-97b1-4c04-bacf-151f80e3f131','https://holidate-storage.s3.ap-southeast-1.amazonaws.com/20033631-aec1028c4f98d763a9ed14d005add27a.jpeg','a8d2d034-9ed8-11f0-a7b7-0a6aab4924ab'),('f9897d5a-5277-4a67-b7db-8f28c1c1864e','https://holidate-storage.s3.ap-southeast-1.amazonaws.com/0a26ecd8_z.jpg','0ffa54d0-a0c7-11f0-a7b7-0a6aab4924ab'),('f98f3dd1-7d5f-43c3-b800-b773be9169d3','https://holidate-storage.s3.ap-southeast-1.amazonaws.com/10019241-800x518-FIT_AND_TRIM-519e495dd0a4b9e1c786d6cbf2bdb205.jpg','0ffb6caa-a0c7-11f0-a7b7-0a6aab4924ab'),('fa11954b-451f-4c69-a23b-386b28d689d9','https://holidate-storage.s3.ap-southeast-1.amazonaws.com/0a26ecd8_z.jpg','0ffa54d0-a0c7-11f0-a7b7-0a6aab4924ab'),('fa986fcf-299f-4ad1-a0ce-1f88f44af048','https://holidate-storage.s3.ap-southeast-1.amazonaws.com/20033631-b0698f733b24661b9d24b98b30019ca1.jpeg','a8d2d034-9ed8-11f0-a7b7-0a6aab4924ab'),('fabb5367-5e57-4f45-b711-f2df4ffdafa1','https://holidate-storage.s3.ap-southeast-1.amazonaws.com/20033631-8ca9569de0ab3f614019d698d56cc793.jpeg','a8d2d034-9ed8-11f0-a7b7-0a6aab4924ab'),('fad4d9ec-ac22-4a6a-9bf3-f89118bb9eba','https://holidate-storage.s3.ap-southeast-1.amazonaws.com/95fbe588_z.jpg','0ffa54d0-a0c7-11f0-a7b7-0a6aab4924ab'),('fd1b7d8a-a61c-4b66-9e17-a8cf44507f4c','https://holidate-storage.s3.ap-southeast-1.amazonaws.com/20033631-c5671fb5232227e8d841abcbab94f24c.jpeg','a8d2d034-9ed8-11f0-a7b7-0a6aab4924ab'),('fd508224-5e4c-497b-aa92-0275e4aa95ab','https://holidate-storage.s3.ap-southeast-1.amazonaws.com/20033631-8ca9569de0ab3f614019d698d56cc793.jpeg','a8d2d034-9ed8-11f0-a7b7-0a6aab4924ab'),('fd60336b-3e88-4b8b-b13c-7b747034d240','https://holidate-storage.s3.ap-southeast-1.amazonaws.com/20050636-bf7ba822dd643b6dab0fac5ff8fcf1e9.jpeg','0ffb6f23-a0c7-11f0-a7b7-0a6aab4924ab'),('fd60e37d-6b3e-407e-a7a6-0354c1c98bcc','https://holidate-storage.s3.ap-southeast-1.amazonaws.com/10027170-8485b14be1e309d172b8b4d2a5006977.jpeg','0ffa54d0-a0c7-11f0-a7b7-0a6aab4924ab'),('fd769f4c-8786-4bfa-8713-bdced6d65fcc','https://holidate-storage.s3.ap-southeast-1.amazonaws.com/10019241-2514x1699-FIT_AND_TRIM-b1fe75c115f7045ae38f6a9b9785ef62.jpeg','0ffa54d0-a0c7-11f0-a7b7-0a6aab4924ab'),('fe5005b1-4a13-4a74-bd5a-585fdafb7166','https://holidate-storage.s3.ap-southeast-1.amazonaws.com/20033631-aec1028c4f98d763a9ed14d005add27a.jpeg','a8d2d034-9ed8-11f0-a7b7-0a6aab4924ab'),('fe88b414-7be9-47b4-a01d-da6a769ae536','https://holidate-storage.s3.ap-southeast-1.amazonaws.com/20033631-c5671fb5232227e8d841abcbab94f24c.jpeg','a8d2d034-9ed8-11f0-a7b7-0a6aab4924ab'),('fe91773e-1f64-4f98-b800-432add36af67','https://holidate-storage.s3.ap-southeast-1.amazonaws.com/10033593-1575x1050-FIT_AND_TRIM-999a8bf9c0e48a3cf86ab03651d42c50.jpeg','0ffb6f23-a0c7-11f0-a7b7-0a6aab4924ab');
/*!40000 ALTER TABLE `photos` ENABLE KEYS */;
UNLOCK TABLES;

--
-- Table structure for table `provinces`
--

DROP TABLE IF EXISTS `provinces`;
/*!40101 SET @saved_cs_client     = @@character_set_client */;
/*!50503 SET character_set_client = utf8mb4 */;
CREATE TABLE `provinces` (
  `id` varchar(255) NOT NULL,
  `name` varchar(255) NOT NULL,
  `country_id` varchar(255) NOT NULL,
  `code` varchar(255) NOT NULL,
  PRIMARY KEY (`id`),
  UNIQUE KEY `UKl256wnwfdobq071mcq7rckr9y` (`name`),
  UNIQUE KEY `UKdalikev902uvkpwn632apqe1k` (`code`),
  KEY `idx_provinces_country_id` (`country_id`),
  KEY `idx_provinces_name` (`name`),
  CONSTRAINT `FK48p9qkti5auert2gquvn76338` FOREIGN KEY (`country_id`) REFERENCES `countries` (`id`)
) ENGINE=InnoDB DEFAULT CHARSET=utf8mb4 COLLATE=utf8mb4_0900_ai_ci;
/*!40101 SET character_set_client = @saved_cs_client */;

--
-- Dumping data for table `provinces`
--

LOCK TABLES `provinces` WRITE;
/*!40000 ALTER TABLE `provinces` DISABLE KEYS */;
INSERT INTO `provinces` VALUES ('00e3a65a-9c3e-11f0-a7b7-0a6aab4924ab','Tỉnh Bà Rịa - Vũng Tàu','b718319a-6fce-4a35-81af-d71caba4a916','254'),('1fe5846e-931a-440a-9e88-ffe6896df192','Thành phố Đà Nẵng','b718319a-6fce-4a35-81af-d71caba4a916','236'),('29966eb1-9c3b-11f0-a7b7-0a6aab4924ab','Tỉnh Bình Thuận','b718319a-6fce-4a35-81af-d71caba4a916','252'),('5dd81bda-efd8-487a-a66b-52d1e84f0ec0','Tỉnh Nghệ An','b718319a-6fce-4a35-81af-d71caba4a916','NA'),('6701d2d6-9c3f-11f0-a7b7-0a6aab4924ab','Thủ đô Hà Nội','b718319a-6fce-4a35-81af-d71caba4a916','24'),('cf592960-9c38-11f0-a7b7-0a6aab4924ab','Tỉnh Khánh Hòa','b718319a-6fce-4a35-81af-d71caba4a916','258'),('da840409-9c3c-11f0-a7b7-0a6aab4924ab','Thành phố Hồ Chí Minh','b718319a-6fce-4a35-81af-d71caba4a916','28'),('fa785254-9c3f-11f0-a7b7-0a6aab4924ab','Tỉnh Thừa Thiên Huế','b718319a-6fce-4a35-81af-d71caba4a916','234'),('fe17d4f9-90a6-40bf-8e38-408cdddbf3a8','Tỉnh Hà Tỉnh','b718319a-6fce-4a35-81af-d71caba4a916','HT');
/*!40000 ALTER TABLE `provinces` ENABLE KEYS */;
UNLOCK TABLES;

--
-- Table structure for table `reschedule_policies`
--

DROP TABLE IF EXISTS `reschedule_policies`;
/*!40101 SET @saved_cs_client     = @@character_set_client */;
/*!50503 SET character_set_client = utf8mb4 */;
CREATE TABLE `reschedule_policies` (
  `id` varchar(255) NOT NULL,
  `description` text,
  `name` varchar(255) NOT NULL,
  PRIMARY KEY (`id`),
  UNIQUE KEY `UK4vojrjdtxa3uv2fvvh2fr5lwo` (`name`)
) ENGINE=InnoDB DEFAULT CHARSET=utf8mb4 COLLATE=utf8mb4_0900_ai_ci;
/*!40101 SET character_set_client = @saved_cs_client */;

--
-- Dumping data for table `reschedule_policies`
--

LOCK TABLES `reschedule_policies` WRITE;
/*!40000 ALTER TABLE `reschedule_policies` DISABLE KEYS */;
INSERT INTO `reschedule_policies` VALUES ('92f52fba-a0da-11f0-a7b7-0a6aab4924ab','Khách không được đổi lịch sau khi đặt','Không được đổi'),('94a9e2ba-a0da-11f0-a7b7-0a6aab4924ab','Khách có thể đổi lịch miễn phí nếu thông báo trước 7 ngày','Linh hoạt 7 ngày'),('96a1057b-a0da-11f0-a7b7-0a6aab4924ab','Khách có thể đổi lịch miễn phí nếu thông báo trước 3 ngày','Linh hoạt 3 ngày'),('9ca91dee-a0da-11f0-a7b7-0a6aab4924ab','Chỉ được đổi lịch với phí 50% nếu thông báo trước 14 ngày','Nghiêm ngặt');
/*!40000 ALTER TABLE `reschedule_policies` ENABLE KEYS */;
UNLOCK TABLES;

--
-- Table structure for table `reschedule_rules`
--

DROP TABLE IF EXISTS `reschedule_rules`;
/*!40101 SET @saved_cs_client     = @@character_set_client */;
/*!50503 SET character_set_client = utf8mb4 */;
CREATE TABLE `reschedule_rules` (
  `id` varchar(255) NOT NULL,
  `days_before_checkin` int DEFAULT NULL,
  `fee_percentage` int NOT NULL,
  `policy_id` varchar(255) NOT NULL,
  PRIMARY KEY (`id`),
  KEY `FK5hxcxxcw4iskh5vwh6llnsidk` (`policy_id`),
  CONSTRAINT `FK5hxcxxcw4iskh5vwh6llnsidk` FOREIGN KEY (`policy_id`) REFERENCES `reschedule_policies` (`id`)
) ENGINE=InnoDB DEFAULT CHARSET=utf8mb4 COLLATE=utf8mb4_0900_ai_ci;
/*!40101 SET character_set_client = @saved_cs_client */;

--
-- Dumping data for table `reschedule_rules`
--

LOCK TABLES `reschedule_rules` WRITE;
/*!40000 ALTER TABLE `reschedule_rules` DISABLE KEYS */;
INSERT INTO `reschedule_rules` VALUES ('a1e722c8-a0da-11f0-a7b7-0a6aab4924ab',0,100,'92f52fba-a0da-11f0-a7b7-0a6aab4924ab'),('a2b39b8c-a0da-11f0-a7b7-0a6aab4924ab',7,0,'94a9e2ba-a0da-11f0-a7b7-0a6aab4924ab'),('a341a9fd-a0da-11f0-a7b7-0a6aab4924ab',6,50,'94a9e2ba-a0da-11f0-a7b7-0a6aab4924ab'),('a41723ed-a0da-11f0-a7b7-0a6aab4924ab',3,0,'96a1057b-a0da-11f0-a7b7-0a6aab4924ab'),('a6631aff-a0da-11f0-a7b7-0a6aab4924ab',2,50,'96a1057b-a0da-11f0-a7b7-0a6aab4924ab'),('a72c7c69-a0da-11f0-a7b7-0a6aab4924ab',14,50,'9ca91dee-a0da-11f0-a7b7-0a6aab4924ab'),('a7d8a15b-a0da-11f0-a7b7-0a6aab4924ab',13,100,'9ca91dee-a0da-11f0-a7b7-0a6aab4924ab');
/*!40000 ALTER TABLE `reschedule_rules` ENABLE KEYS */;
UNLOCK TABLES;

--
-- Table structure for table `review_photos`
--

DROP TABLE IF EXISTS `review_photos`;
/*!40101 SET @saved_cs_client     = @@character_set_client */;
/*!50503 SET character_set_client = utf8mb4 */;
CREATE TABLE `review_photos` (
  `id` varchar(255) NOT NULL,
  `review_id` varchar(255) NOT NULL,
  `photo_id` varchar(255) NOT NULL,
  PRIMARY KEY (`id`),
  KEY `idx_review_photos_review_id` (`review_id`),
  KEY `idx_review_photos_photo_id` (`photo_id`),
  CONSTRAINT `FKr52s0ljewdlv9kjr1rll59xt5` FOREIGN KEY (`photo_id`) REFERENCES `photos` (`id`),
  CONSTRAINT `FKunrlxq8kevetatdevbd9xbp1` FOREIGN KEY (`review_id`) REFERENCES `reviews` (`id`)
) ENGINE=InnoDB DEFAULT CHARSET=utf8mb4 COLLATE=utf8mb4_0900_ai_ci;
/*!40101 SET character_set_client = @saved_cs_client */;

--
-- Dumping data for table `review_photos`
--

LOCK TABLES `review_photos` WRITE;
/*!40000 ALTER TABLE `review_photos` DISABLE KEYS */;
INSERT INTO `review_photos` VALUES ('da4b7097-0858-4b0a-b77e-b87867033832','ba6dd50a-beda-4330-b940-807be89cf4c2','36b2900b-0289-4fa5-be25-707bb56f4ff9'),('fb292768-b1aa-45a5-a027-cefe328e0f8d','1bbc34a6-232f-4412-8010-cc4ee420575b','3622902d-410e-45d9-a2bf-45974af0ba5a');
/*!40000 ALTER TABLE `review_photos` ENABLE KEYS */;
UNLOCK TABLES;

--
-- Table structure for table `reviews`
--

DROP TABLE IF EXISTS `reviews`;
/*!40101 SET @saved_cs_client     = @@character_set_client */;
/*!50503 SET character_set_client = utf8mb4 */;
CREATE TABLE `reviews` (
  `id` varchar(255) NOT NULL,
  `comment` text,
  `created_at` datetime(6) NOT NULL,
  `photo_urls` varbinary(255) DEFAULT NULL,
  `score` int NOT NULL,
  `updated_at` datetime(6) DEFAULT NULL,
  `hotel_id` varchar(255) NOT NULL,
  `user_id` varchar(255) NOT NULL,
  `booking_id` varchar(255) NOT NULL,
  `update_at` datetime(6) DEFAULT NULL,
  PRIMARY KEY (`id`),
  UNIQUE KEY `UK3p9j9vyr1qofbcxju65es206r` (`booking_id`),
  KEY `idx_reviews_hotel_id` (`hotel_id`),
  KEY `idx_reviews_user_id` (`user_id`),
  KEY `idx_reviews_booking_id` (`booking_id`),
  KEY `idx_reviews_score` (`score`),
  KEY `idx_reviews_created_at` (`created_at`),
  KEY `idx_reviews_hotel_score_date` (`hotel_id`,`score`,`created_at`),
  KEY `idx_hotel_metrics_composite` (`hotel_id`,`created_at`,`score`),
  CONSTRAINT `FK28an517hrxtt2bsg93uefugrm` FOREIGN KEY (`booking_id`) REFERENCES `bookings` (`id`),
  CONSTRAINT `FKb9igk5exfb4knqklcvka6cdhx` FOREIGN KEY (`hotel_id`) REFERENCES `hotels` (`id`),
  CONSTRAINT `FKcgy7qjc1r99dp117y9en6lxye` FOREIGN KEY (`user_id`) REFERENCES `users` (`id`)
) ENGINE=InnoDB DEFAULT CHARSET=utf8mb4 COLLATE=utf8mb4_0900_ai_ci;
/*!40101 SET character_set_client = @saved_cs_client */;

--
-- Dumping data for table `reviews`
--

LOCK TABLES `reviews` WRITE;
/*!40000 ALTER TABLE `reviews` DISABLE KEYS */;
INSERT INTO `reviews` VALUES ('1bbc34a6-232f-4412-8010-cc4ee420575b','phòng đẹp','2025-11-21 12:38:00.365626',NULL,10,NULL,'00d60e60-d366-4d73-b3c0-614ecb95feb7','510639ce-df36-4666-9d26-101388127029','15925ba8-af56-4d3f-a9de-1fac8bf1bdb7',NULL),('b3120a03-7492-4b0d-9b6a-b63842779bf0','ad','2025-11-13 03:49:16.712755',NULL,8,NULL,'00d60e60-d366-4d73-b3c0-614ecb95feb7','5200272f-45c1-48f4-984d-f804a6f42c81','36330702-e82e-43d7-8aa6-557e5fc28f79',NULL),('ba6dd50a-beda-4330-b940-807be89cf4c2','abc comment','2025-11-02 11:06:50.819199',NULL,7,NULL,'4b2d0a2d-cc1f-4030-8c07-5fa09b8229cf','f0d12ef1-725b-4785-afde-3cc0f4d6a4c9','5f199845-0aa0-45c6-91d0-6e55f1a6a9e4',NULL);
/*!40000 ALTER TABLE `reviews` ENABLE KEYS */;
UNLOCK TABLES;

--
-- Table structure for table `roles`
--

DROP TABLE IF EXISTS `roles`;
/*!40101 SET @saved_cs_client     = @@character_set_client */;
/*!50503 SET character_set_client = utf8mb4 */;
CREATE TABLE `roles` (
  `id` varchar(255) NOT NULL,
  `description` varchar(255) DEFAULT NULL,
  `name` varchar(255) DEFAULT NULL,
  PRIMARY KEY (`id`)
) ENGINE=InnoDB DEFAULT CHARSET=utf8mb4 COLLATE=utf8mb4_0900_ai_ci;
/*!40101 SET character_set_client = @saved_cs_client */;

--
-- Dumping data for table `roles`
--

LOCK TABLES `roles` WRITE;
/*!40000 ALTER TABLE `roles` DISABLE KEYS */;
INSERT INTO `roles` VALUES ('60f409dc-b164-47f3-8b77-5a42846e5dac','Role for normal user','user'),('6c99242f-4928-4d73-9602-ccd944bf81a2','Role for administrator','admin'),('e4edf715-eab5-40a3-95f5-8c2de9c9d3d6','Role for partner (hotel owner)','partner');
/*!40000 ALTER TABLE `roles` ENABLE KEYS */;
UNLOCK TABLES;

--
-- Table structure for table `room_amenities`
--

DROP TABLE IF EXISTS `room_amenities`;
/*!40101 SET @saved_cs_client     = @@character_set_client */;
/*!50503 SET character_set_client = utf8mb4 */;
CREATE TABLE `room_amenities` (
  `id` varchar(255) NOT NULL,
  `amenity_id` varchar(255) NOT NULL,
  `room_id` varchar(255) NOT NULL,
  PRIMARY KEY (`id`),
  KEY `idx_room_amenities_room_id` (`room_id`),
  KEY `idx_room_amenities_amenity_id` (`amenity_id`),
  CONSTRAINT `FKm1qu088g1b1ufhd2mae8fhhmb` FOREIGN KEY (`amenity_id`) REFERENCES `amenities` (`id`),
  CONSTRAINT `FKps6ofup9gxhn8juqvproxbaud` FOREIGN KEY (`room_id`) REFERENCES `rooms` (`id`)
) ENGINE=InnoDB DEFAULT CHARSET=utf8mb4 COLLATE=utf8mb4_0900_ai_ci;
/*!40101 SET character_set_client = @saved_cs_client */;

--
-- Dumping data for table `room_amenities`
--

LOCK TABLES `room_amenities` WRITE;
/*!40000 ALTER TABLE `room_amenities` DISABLE KEYS */;
INSERT INTO `room_amenities` VALUES ('01097c48-83d4-424f-baa5-cac01612ea0d','73f0c6d0-a066-11f0-a7b7-0a6aab4924ab','1323d737-1893-4062-8b51-7d98fe6d52fc'),('0200d6d9-dd0d-4df3-ab24-cfae2b665827','73f0cf25-a066-11f0-a7b7-0a6aab4924ab','534049e4-8070-4fd8-9657-75c22d8b170b'),('03e51421-f67c-45e8-abce-276e5c872b34','a144278a-a066-11f0-a7b7-0a6aab4924ab','21aeeedf-99d1-4018-afa5-c8428271483f'),('04286f46-7ecf-4e6f-8e6c-e117032a4400','73f0c6d0-a066-11f0-a7b7-0a6aab4924ab','ecf750cd-3e7c-4bdb-80ee-160d3144c08a'),('04ca5c16-a4f3-42a7-b6f8-68de4bc36546','73f0c6d0-a066-11f0-a7b7-0a6aab4924ab','ee8e9c08-5a31-4835-842b-a51324361866'),('06291520-1019-49b6-9446-dcd8259d5ace','a144278a-a066-11f0-a7b7-0a6aab4924ab','6820eebb-2b14-4c13-9229-82571325be85'),('0681fffc-b160-4e84-a63f-42f764779b4e','db281ce2-a066-11f0-a7b7-0a6aab4924ab','af58c8d9-b534-4108-9707-f82875ae76b8'),('07424438-3144-4b86-93a2-11f1c2a491ed','73f0d5b6-a066-11f0-a7b7-0a6aab4924ab','6deb96c6-985f-4d34-bdbe-c2edb340ce2b'),('07b8a8fd-408f-482f-a4c2-39b57b8050d1','73f0c6d0-a066-11f0-a7b7-0a6aab4924ab','176181ec-faa4-4022-b3a0-061bd142091b'),('09e27582-e1bf-40a2-ba7d-38c19dff6441','a1442a68-a066-11f0-a7b7-0a6aab4924ab','e55e8dbb-4cd9-4c02-929b-5000f88d8035'),('0b0085b4-f8a8-4892-be32-b8fd43b7142e','f66c6403-a5e4-11f0-a7b7-0a6aab4924ab','42663b53-2c12-4aef-8af4-53ec43955bdd'),('0d99d27c-102e-48ee-92a6-a7c6f186cbb3','a144257e-a066-11f0-a7b7-0a6aab4924ab','e62cfd7e-9fa5-4759-9af7-6df520aa2ddc'),('0df656dc-c0de-410d-b105-4f68ffe35667','a1440a52-a066-11f0-a7b7-0a6aab4924ab','aa294a92-86cf-472f-9382-31e2fac4586a'),('0ee2fa0b-d82a-4ad7-a07a-d3086817885e','73f13b7d-a066-11f0-a7b7-0a6aab4924ab','42663b53-2c12-4aef-8af4-53ec43955bdd'),('0f2cec8a-6b63-4908-9db9-5f70b502d5f9','a1442887-a066-11f0-a7b7-0a6aab4924ab','3e85473e-5bd4-41a6-b60f-dff1bfd2d5d0'),('1006c1ba-8271-4e97-9375-aee7f2097afe','73f0d5b6-a066-11f0-a7b7-0a6aab4924ab','3e85473e-5bd4-41a6-b60f-dff1bfd2d5d0'),('1025ea48-6951-4141-99ad-bad7d2322662','73f0d5b6-a066-11f0-a7b7-0a6aab4924ab','5ead7302-7807-4620-882d-7475833a1cf7'),('10b1e82c-3317-4d22-a655-3829d7cab197','f66c6403-a5e4-11f0-a7b7-0a6aab4924ab','1323d737-1893-4062-8b51-7d98fe6d52fc'),('1105c69e-bbe6-4a82-b844-3929bffde0a4','73f0cd07-a066-11f0-a7b7-0a6aab4924ab','aa294a92-86cf-472f-9382-31e2fac4586a'),('1186afd8-867b-4a0d-9bbf-9e7f291728b1','db28142f-a066-11f0-a7b7-0a6aab4924ab','c26d3cdb-e9bd-4587-a6fb-ad95aa9f5039'),('12441757-6eb3-40a2-b225-40895a74a2f4','73f13b7d-a066-11f0-a7b7-0a6aab4924ab','ecf750cd-3e7c-4bdb-80ee-160d3144c08a'),('12756d80-eb3d-4adf-9ed8-53ca835abe8c','73f13b7d-a066-11f0-a7b7-0a6aab4924ab','82e3a817-c0c2-4ae2-aae4-1ee784419fde'),('1278bc8b-795b-4ccf-958d-7dcaee894d03','73f0d5b6-a066-11f0-a7b7-0a6aab4924ab','1ab2ecc6-0bb6-46ff-86f1-0736a9974fff'),('13342e14-ee9c-459d-820d-14e650bc8ea5','73f16d59-a066-11f0-a7b7-0a6aab4924ab','21aeeedf-99d1-4018-afa5-c8428271483f'),('139ae67c-cb40-4dc8-859a-e9491b1ce1a7','73f0c6d0-a066-11f0-a7b7-0a6aab4924ab','3f8063c4-9a5b-45aa-91a8-158ead419269'),('13f98535-4883-44cc-8b5a-5856a573e4a6','73f16eb9-a066-11f0-a7b7-0a6aab4924ab','26d394c2-d502-4bc5-8578-4953e2cb410a'),('147c4af5-2516-4cbb-8d74-db66bdcfa5d1','a1442887-a066-11f0-a7b7-0a6aab4924ab','5ead7302-7807-4620-882d-7475833a1cf7'),('15dcf7f3-4531-4077-a33c-5ed971ec505e','73f0cf25-a066-11f0-a7b7-0a6aab4924ab','dcf4ecfc-1faf-4087-8487-84e451cdb6ef'),('1612719e-cb2e-46ef-91b0-7f00cc706d03','73f16d59-a066-11f0-a7b7-0a6aab4924ab','35a7a8a0-b3b8-4e86-a36a-95edf12bba67'),('1691f20a-c932-4dc2-a0db-276495d97cfb','db281ce2-a066-11f0-a7b7-0a6aab4924ab','e55e8dbb-4cd9-4c02-929b-5000f88d8035'),('17ec8d42-84f9-4dde-95b5-d2fe18bb09f4','73f0c6d0-a066-11f0-a7b7-0a6aab4924ab','1ab2ecc6-0bb6-46ff-86f1-0736a9974fff'),('18015263-79ae-4c3c-b4d0-829fb1866bc1','73f16eb9-a066-11f0-a7b7-0a6aab4924ab','3f8063c4-9a5b-45aa-91a8-158ead419269'),('184d3e3a-783c-4879-8c05-c47daef51b6b','73f16d59-a066-11f0-a7b7-0a6aab4924ab','8130d307-29bd-4ba2-a832-b53a5d9f3b1a'),('18a2630f-2260-4ccc-b81c-06d6b1a0f905','a144278a-a066-11f0-a7b7-0a6aab4924ab','1ab2ecc6-0bb6-46ff-86f1-0736a9974fff'),('18bff605-3320-4f9d-a14f-d7060407f96b','73f0d5b6-a066-11f0-a7b7-0a6aab4924ab','41f0ffe3-6698-4fe0-825b-59a4f3bcefe0'),('195672f6-e0ad-48bc-ab75-b937b4298695','db281ce2-a066-11f0-a7b7-0a6aab4924ab','41f0ffe3-6698-4fe0-825b-59a4f3bcefe0'),('1979912e-ae2c-4164-9b36-28e996b8a8be','73f15439-a066-11f0-a7b7-0a6aab4924ab','1323d737-1893-4062-8b51-7d98fe6d52fc'),('1a3e85f8-1d0f-45a1-bcfa-f346e05fdaa2','73f0c6d0-a066-11f0-a7b7-0a6aab4924ab','6820eebb-2b14-4c13-9229-82571325be85'),('1aa53442-b25d-4826-bc61-d168a8dfdd11','73f13b7d-a066-11f0-a7b7-0a6aab4924ab','af58c8d9-b534-4108-9707-f82875ae76b8'),('1b583c92-b6c0-4005-8d3a-590b72ad08d8','a144278a-a066-11f0-a7b7-0a6aab4924ab','42663b53-2c12-4aef-8af4-53ec43955bdd'),('1b64af47-8930-4c61-b534-2fa86cc86308','a144257e-a066-11f0-a7b7-0a6aab4924ab','42663b53-2c12-4aef-8af4-53ec43955bdd'),('1bb2b9f5-e6bc-4751-8aee-c42823a08724','db281ce2-a066-11f0-a7b7-0a6aab4924ab','8130d307-29bd-4ba2-a832-b53a5d9f3b1a'),('1ca557fa-5ebe-410b-b142-f6c985bbfa84','a144257e-a066-11f0-a7b7-0a6aab4924ab','a865a311-53ee-4944-99d0-9e01e2043028'),('1e26d798-e8bc-4d03-b1ec-ee049b4ed1ab','a144278a-a066-11f0-a7b7-0a6aab4924ab','1323d737-1893-4062-8b51-7d98fe6d52fc'),('1e486177-ca47-4e22-add9-f2f568b58ef4','73f16eb9-a066-11f0-a7b7-0a6aab4924ab','dcf4ecfc-1faf-4087-8487-84e451cdb6ef'),('1ebf35dc-a018-4cfb-b672-23651c31e11a','a1442b62-a066-11f0-a7b7-0a6aab4924ab','1323d737-1893-4062-8b51-7d98fe6d52fc'),('1f0b9c34-ae77-47c9-b711-547a433f3921','73f0cf25-a066-11f0-a7b7-0a6aab4924ab','6820eebb-2b14-4c13-9229-82571325be85'),('221769e6-9dbd-46d4-9ba0-577b39378cf6','73f0cf25-a066-11f0-a7b7-0a6aab4924ab','35a7a8a0-b3b8-4e86-a36a-95edf12bba67'),('22f6662f-1dc2-4932-b377-00666754b1c3','73f0c6d0-a066-11f0-a7b7-0a6aab4924ab','3e85473e-5bd4-41a6-b60f-dff1bfd2d5d0'),('2366de35-60b0-4b4a-bca7-27b64d8fb7f0','a1440a52-a066-11f0-a7b7-0a6aab4924ab','1323d737-1893-4062-8b51-7d98fe6d52fc'),('239a1b6b-3a51-425c-b285-453b0fd8b1d6','73f0d5b6-a066-11f0-a7b7-0a6aab4924ab','82e3a817-c0c2-4ae2-aae4-1ee784419fde'),('244c2bc8-b1e4-4a1d-b406-6ba16f0ede3a','a1442a68-a066-11f0-a7b7-0a6aab4924ab','c26d3cdb-e9bd-4587-a6fb-ad95aa9f5039'),('261f6c27-30e3-4e22-98d8-121b1c0087ea','f66c6403-a5e4-11f0-a7b7-0a6aab4924ab','c26d3cdb-e9bd-4587-a6fb-ad95aa9f5039'),('27489611-44a2-46a7-8de8-4e9417ecebcf','73f0c6d0-a066-11f0-a7b7-0a6aab4924ab','63c6891a-fd41-4342-99bb-6c7d561581af'),('27f43139-b58a-48ba-b71c-78f09c1fc274','73f0d5b6-a066-11f0-a7b7-0a6aab4924ab','8130d307-29bd-4ba2-a832-b53a5d9f3b1a'),('28b1f1c7-6da9-44d5-b0e1-382120f8571f','a1442a68-a066-11f0-a7b7-0a6aab4924ab','8be5b61b-0780-4660-8a46-0a76fd15cd2a'),('28f4f659-0a65-47e8-a49b-ae3d382a09e4','73f16d59-a066-11f0-a7b7-0a6aab4924ab','6deb96c6-985f-4d34-bdbe-c2edb340ce2b'),('297639ab-cff3-4d71-822e-67a7a1bb8fc9','73f13b7d-a066-11f0-a7b7-0a6aab4924ab','8be5b61b-0780-4660-8a46-0a76fd15cd2a'),('2be982b8-4102-4cb1-8a3b-87d9a3ab7023','a144257e-a066-11f0-a7b7-0a6aab4924ab','5ead7302-7807-4620-882d-7475833a1cf7'),('2d265d38-4526-44c2-be0b-ce8a41d6bb4b','db28142f-a066-11f0-a7b7-0a6aab4924ab','82e3a817-c0c2-4ae2-aae4-1ee784419fde'),('2e4467ad-5edc-4668-81f1-883b4b40c5cc','73f13b7d-a066-11f0-a7b7-0a6aab4924ab','1ab2ecc6-0bb6-46ff-86f1-0736a9974fff'),('2f66e698-83ad-4b3a-8718-7b5ef549cdbc','a1442a68-a066-11f0-a7b7-0a6aab4924ab','1ab2ecc6-0bb6-46ff-86f1-0736a9974fff'),('2ff3310e-8981-481c-b875-8c6796d2c286','a144257e-a066-11f0-a7b7-0a6aab4924ab','dcf4ecfc-1faf-4087-8487-84e451cdb6ef'),('3041fea3-d681-4d1d-8acc-bf4fe1a64c30','73f13b7d-a066-11f0-a7b7-0a6aab4924ab','176181ec-faa4-4022-b3a0-061bd142091b'),('30beb684-2de1-4ffc-b50c-2711d9c06595','73f0cf25-a066-11f0-a7b7-0a6aab4924ab','6380326d-6b6f-4310-b8c5-539e1e69bac6'),('315bc6fd-53fd-40fe-9ddb-3ec6651c7bbb','73f16eb9-a066-11f0-a7b7-0a6aab4924ab','a865a311-53ee-4944-99d0-9e01e2043028'),('3280e562-2a30-4df0-9010-fce2e3590a61','73f16d59-a066-11f0-a7b7-0a6aab4924ab','ee8e9c08-5a31-4835-842b-a51324361866'),('328f4e19-9e67-4d1c-8c64-03f2ceb5d6a2','a144278a-a066-11f0-a7b7-0a6aab4924ab','176181ec-faa4-4022-b3a0-061bd142091b'),('33af0b45-010a-4384-a860-e81129cb64c4','a1442887-a066-11f0-a7b7-0a6aab4924ab','26d394c2-d502-4bc5-8578-4953e2cb410a'),('33b4e8c6-3ef8-4284-987f-61a07f295ed2','a144278a-a066-11f0-a7b7-0a6aab4924ab','bdacab34-0014-4c8d-acd3-ffb8ab98bf71'),('33bdb92a-16a3-40d6-ac43-0c6aa784db63','a1442a68-a066-11f0-a7b7-0a6aab4924ab','ee8e9c08-5a31-4835-842b-a51324361866'),('359ae011-bfdb-44c9-b597-e99b564fd17d','f66c6403-a5e4-11f0-a7b7-0a6aab4924ab','176181ec-faa4-4022-b3a0-061bd142091b'),('370958b8-9681-43c8-a7f2-20a8e2433326','73f0cd07-a066-11f0-a7b7-0a6aab4924ab','6820eebb-2b14-4c13-9229-82571325be85'),('372302c5-7444-4467-bd91-fe1e543dd615','73f0c6d0-a066-11f0-a7b7-0a6aab4924ab','e62cfd7e-9fa5-4759-9af7-6df520aa2ddc'),('38ba23bd-99e1-4c0f-a5f6-a76ce495d31c','73f16d59-a066-11f0-a7b7-0a6aab4924ab','bdacab34-0014-4c8d-acd3-ffb8ab98bf71'),('3ac20f9d-1743-43ec-880d-e5823944551d','73f15439-a066-11f0-a7b7-0a6aab4924ab','2d708a42-898b-4866-8c78-f203db0949ca'),('3f67d070-9198-4c1a-8919-0284a214ffd4','a144278a-a066-11f0-a7b7-0a6aab4924ab','ecf750cd-3e7c-4bdb-80ee-160d3144c08a'),('408e723e-8e3b-4df6-87d5-9a85b97677ee','73f0c6d0-a066-11f0-a7b7-0a6aab4924ab','5ead7302-7807-4620-882d-7475833a1cf7'),('40d9a282-8f09-481f-999d-c393c2186f69','f66c6403-a5e4-11f0-a7b7-0a6aab4924ab','aa294a92-86cf-472f-9382-31e2fac4586a'),('4184c59b-f402-4a71-9ae4-9dec4b38fd30','73f0c6d0-a066-11f0-a7b7-0a6aab4924ab','aa294a92-86cf-472f-9382-31e2fac4586a'),('41b8d86f-f718-4d56-a3d9-2cb6d84c1308','db281ce2-a066-11f0-a7b7-0a6aab4924ab','6deb96c6-985f-4d34-bdbe-c2edb340ce2b'),('42e7a397-730c-4f7d-b89a-8385e54743c9','73f0d5b6-a066-11f0-a7b7-0a6aab4924ab','2f8719f3-1e27-4266-b267-66e88083bcb0'),('4522ae05-c1ae-42f9-81a1-223932ba7df4','73f0c6d0-a066-11f0-a7b7-0a6aab4924ab','35a7a8a0-b3b8-4e86-a36a-95edf12bba67'),('466fb3f8-2d1c-4ddd-9e1b-b922b28c3397','73f0cf25-a066-11f0-a7b7-0a6aab4924ab','aa294a92-86cf-472f-9382-31e2fac4586a'),('4679b904-ddba-45e0-8f0c-dd7a9f442a89','73f16d59-a066-11f0-a7b7-0a6aab4924ab','41f0ffe3-6698-4fe0-825b-59a4f3bcefe0'),('46a2ecd0-835c-4d76-9e61-f70b5395237d','a144278a-a066-11f0-a7b7-0a6aab4924ab','aa294a92-86cf-472f-9382-31e2fac4586a'),('474afdd5-0fb8-4f2d-bc9c-510d46197d92','73f0c6d0-a066-11f0-a7b7-0a6aab4924ab','23ad4e76-8522-422b-b603-525993aec195'),('485060d1-12da-4e1f-9fda-446cc6bb2262','a144278a-a066-11f0-a7b7-0a6aab4924ab','2f8719f3-1e27-4266-b267-66e88083bcb0'),('49f59b01-29f6-4469-8f9f-6fe084bbb60a','db28142f-a066-11f0-a7b7-0a6aab4924ab','41f0ffe3-6698-4fe0-825b-59a4f3bcefe0'),('4a9c235b-79e2-447f-81b6-552591f93d2e','a144278a-a066-11f0-a7b7-0a6aab4924ab','5ead7302-7807-4620-882d-7475833a1cf7'),('4b435248-a243-4a73-ad6f-74eaf198ffa3','a1440a52-a066-11f0-a7b7-0a6aab4924ab','2d708a42-898b-4866-8c78-f203db0949ca'),('4c3b9e97-7e7a-45a1-a5d8-5cfbce08e477','73f0d5b6-a066-11f0-a7b7-0a6aab4924ab','35a7a8a0-b3b8-4e86-a36a-95edf12bba67'),('4c656c5b-52d4-47d1-b907-43f27a640df4','db28142f-a066-11f0-a7b7-0a6aab4924ab','6deb96c6-985f-4d34-bdbe-c2edb340ce2b'),('4c863636-d5a2-49a5-8069-273d6a0f3674','73f13b7d-a066-11f0-a7b7-0a6aab4924ab','6deb96c6-985f-4d34-bdbe-c2edb340ce2b'),('4cdfe011-32ff-496e-8d59-f7da08952dd4','f66c6403-a5e4-11f0-a7b7-0a6aab4924ab','1ab2ecc6-0bb6-46ff-86f1-0736a9974fff'),('4ce34014-72b0-4ba5-9cf8-718780d9ed37','73f0d5b6-a066-11f0-a7b7-0a6aab4924ab','ecf750cd-3e7c-4bdb-80ee-160d3144c08a'),('4d977af2-1a0d-477a-aa87-f1dcd0cbc465','73f0c6d0-a066-11f0-a7b7-0a6aab4924ab','dcf4ecfc-1faf-4087-8487-84e451cdb6ef'),('4dc8d680-f02a-4b84-a8db-8e7a648769de','73f15439-a066-11f0-a7b7-0a6aab4924ab','bdacab34-0014-4c8d-acd3-ffb8ab98bf71'),('512c5e94-220a-4935-a2f3-1f19ac932f1f','73f16d59-a066-11f0-a7b7-0a6aab4924ab','e55e8dbb-4cd9-4c02-929b-5000f88d8035'),('537f1838-03ae-45bd-ab02-af8e05d0058f','73f13b7d-a066-11f0-a7b7-0a6aab4924ab','6820eebb-2b14-4c13-9229-82571325be85'),('54467088-74f3-43d1-87e1-bc89fef35716','73f0c6d0-a066-11f0-a7b7-0a6aab4924ab','534049e4-8070-4fd8-9657-75c22d8b170b'),('555e3f5e-01d2-42e1-818f-09916676468f','73f0cf25-a066-11f0-a7b7-0a6aab4924ab','418668e2-147f-4df0-b874-89cbba9f3e71'),('56d41e6c-d1e0-4fb6-9353-694ea03e24fa','73f0cf25-a066-11f0-a7b7-0a6aab4924ab','3f8063c4-9a5b-45aa-91a8-158ead419269'),('5774f56a-92d9-4213-b886-93f7e31fc063','db28142f-a066-11f0-a7b7-0a6aab4924ab','1ab2ecc6-0bb6-46ff-86f1-0736a9974fff'),('579336d0-04f8-4777-bdfa-56f865618646','73f0cd07-a066-11f0-a7b7-0a6aab4924ab','bdacab34-0014-4c8d-acd3-ffb8ab98bf71'),('57b1d418-b1c5-431a-b2e6-b592e00581f2','73f0cf25-a066-11f0-a7b7-0a6aab4924ab','42663b53-2c12-4aef-8af4-53ec43955bdd'),('57b45c99-bf2e-4516-80bf-5504e88918c2','a1440a52-a066-11f0-a7b7-0a6aab4924ab','63c6891a-fd41-4342-99bb-6c7d561581af'),('584df33f-6406-4901-9dcc-32afb3f20d73','73f13b7d-a066-11f0-a7b7-0a6aab4924ab','aa294a92-86cf-472f-9382-31e2fac4586a'),('589a095e-f6ae-4f03-a932-e7d4a7b6ce58','73f16d59-a066-11f0-a7b7-0a6aab4924ab','c26d3cdb-e9bd-4587-a6fb-ad95aa9f5039'),('59594812-34e6-4932-8a84-711376844fb1','db28142f-a066-11f0-a7b7-0a6aab4924ab','e55e8dbb-4cd9-4c02-929b-5000f88d8035'),('59a540ee-c42a-4783-9f26-9849cd38cc52','73f0d5b6-a066-11f0-a7b7-0a6aab4924ab','176181ec-faa4-4022-b3a0-061bd142091b'),('5d875125-a6b3-47be-b5d2-15b80763fc54','a144278a-a066-11f0-a7b7-0a6aab4924ab','8130d307-29bd-4ba2-a832-b53a5d9f3b1a'),('5df56c0f-f562-459b-9ac6-e988965307fd','db28142f-a066-11f0-a7b7-0a6aab4924ab','2f8719f3-1e27-4266-b267-66e88083bcb0'),('5ea86859-a65e-4837-9894-6e73533ad24c','a144257e-a066-11f0-a7b7-0a6aab4924ab','418668e2-147f-4df0-b874-89cbba9f3e71'),('60f043d2-0abd-46bd-ba42-cee29e016bb1','73f13b7d-a066-11f0-a7b7-0a6aab4924ab','1323d737-1893-4062-8b51-7d98fe6d52fc'),('60fc57b9-a92c-48c7-9182-525047342f77','73f16eb9-a066-11f0-a7b7-0a6aab4924ab','6820eebb-2b14-4c13-9229-82571325be85'),('61028b48-263e-4b00-8e07-9900542a1ff9','73f13b7d-a066-11f0-a7b7-0a6aab4924ab','e55e8dbb-4cd9-4c02-929b-5000f88d8035'),('612fe867-0ccb-4a64-acda-9b11a2878084','73f16eb9-a066-11f0-a7b7-0a6aab4924ab','23ad4e76-8522-422b-b603-525993aec195'),('64f9430c-4759-4f40-bc74-6856c5b4636e','73f0d5b6-a066-11f0-a7b7-0a6aab4924ab','c26d3cdb-e9bd-4587-a6fb-ad95aa9f5039'),('6506fedc-2234-4803-adfc-ebb1ff05f3b6','73f0d5b6-a066-11f0-a7b7-0a6aab4924ab','26d394c2-d502-4bc5-8578-4953e2cb410a'),('652b3377-b701-401d-8b03-77cf828903ec','a1442a68-a066-11f0-a7b7-0a6aab4924ab','35a7a8a0-b3b8-4e86-a36a-95edf12bba67'),('65f60fa7-3de9-4f78-9a0f-a1f9425a3be8','f66c6403-a5e4-11f0-a7b7-0a6aab4924ab','8130d307-29bd-4ba2-a832-b53a5d9f3b1a'),('671a3cff-6216-45c3-8bc5-bc6d7ba73cb3','db28142f-a066-11f0-a7b7-0a6aab4924ab','8be5b61b-0780-4660-8a46-0a76fd15cd2a'),('679da10a-14b8-441d-a189-cc2d74e797fc','73f16eb9-a066-11f0-a7b7-0a6aab4924ab','1323d737-1893-4062-8b51-7d98fe6d52fc'),('67a89418-c5c6-44a6-a743-23fb6e5385bc','73f0c6d0-a066-11f0-a7b7-0a6aab4924ab','26d394c2-d502-4bc5-8578-4953e2cb410a'),('6891ced4-e178-4b8a-a265-ce25257e0dac','f66c6403-a5e4-11f0-a7b7-0a6aab4924ab','41f0ffe3-6698-4fe0-825b-59a4f3bcefe0'),('6949557c-7f36-479f-bf36-86ae69ce06c8','73f0cd07-a066-11f0-a7b7-0a6aab4924ab','6380326d-6b6f-4310-b8c5-539e1e69bac6'),('69508754-51ca-445e-90c2-e866240d7914','73f16d59-a066-11f0-a7b7-0a6aab4924ab','1ab2ecc6-0bb6-46ff-86f1-0736a9974fff'),('6a047d06-dfe0-4802-9b51-aee13ea12974','73f0cd07-a066-11f0-a7b7-0a6aab4924ab','42663b53-2c12-4aef-8af4-53ec43955bdd'),('6bc1fd9d-7a0d-4242-92ef-8bb11c1f937d','73f0c6d0-a066-11f0-a7b7-0a6aab4924ab','21aeeedf-99d1-4018-afa5-c8428271483f'),('6d1e4b79-a829-4e70-85ff-afe122a9e9d8','a144278a-a066-11f0-a7b7-0a6aab4924ab','41f0ffe3-6698-4fe0-825b-59a4f3bcefe0'),('6db3e770-dee6-49ed-a0b7-1d0994b475e1','a144257e-a066-11f0-a7b7-0a6aab4924ab','35a7a8a0-b3b8-4e86-a36a-95edf12bba67'),('6e5ae363-02a4-41c1-8a2a-213d701a9763','73f0cd07-a066-11f0-a7b7-0a6aab4924ab','1323d737-1893-4062-8b51-7d98fe6d52fc'),('6ef866eb-002f-4014-983a-6b5218adddba','a144257e-a066-11f0-a7b7-0a6aab4924ab','bdacab34-0014-4c8d-acd3-ffb8ab98bf71'),('702b5414-30e2-44d5-acdb-ce283896d030','a144278a-a066-11f0-a7b7-0a6aab4924ab','418668e2-147f-4df0-b874-89cbba9f3e71'),('70ae5e4e-9296-4c00-b200-1344d60025ea','a144278a-a066-11f0-a7b7-0a6aab4924ab','63c6891a-fd41-4342-99bb-6c7d561581af'),('70aea5c3-635e-45d4-9760-5fb668916ca8','db281ce2-a066-11f0-a7b7-0a6aab4924ab','1ab2ecc6-0bb6-46ff-86f1-0736a9974fff'),('7196319e-5511-4175-b207-dc442b6a0a53','a144257e-a066-11f0-a7b7-0a6aab4924ab','3f8063c4-9a5b-45aa-91a8-158ead419269'),('72352000-970e-4b97-934b-60842e008a30','73f13b7d-a066-11f0-a7b7-0a6aab4924ab','bdacab34-0014-4c8d-acd3-ffb8ab98bf71'),('736509b0-6cd2-42e6-be2c-fada0a2b640c','73f16eb9-a066-11f0-a7b7-0a6aab4924ab','6380326d-6b6f-4310-b8c5-539e1e69bac6'),('7576baf9-9e93-4880-9d4f-2ee00584df78','73f16d59-a066-11f0-a7b7-0a6aab4924ab','aa294a92-86cf-472f-9382-31e2fac4586a'),('75f52910-1956-4332-a530-5baeb92edf12','73f0cf25-a066-11f0-a7b7-0a6aab4924ab','bdacab34-0014-4c8d-acd3-ffb8ab98bf71'),('76c0f6bb-d311-45d3-9eef-4d4f7f265e3b','db281ce2-a066-11f0-a7b7-0a6aab4924ab','2f8719f3-1e27-4266-b267-66e88083bcb0'),('77d29580-c4b8-4e18-acc8-97e8d911c6b8','73f0c6d0-a066-11f0-a7b7-0a6aab4924ab','8be5b61b-0780-4660-8a46-0a76fd15cd2a'),('788f68d5-4c12-48aa-af00-b7edaff05313','a1442a68-a066-11f0-a7b7-0a6aab4924ab','af58c8d9-b534-4108-9707-f82875ae76b8'),('7af86db0-e9cb-43e4-bd1e-a43e2f8f32e8','a1442a68-a066-11f0-a7b7-0a6aab4924ab','534049e4-8070-4fd8-9657-75c22d8b170b'),('7b00f45d-389f-472c-80fd-8d5fd1bb06d9','f66c6403-a5e4-11f0-a7b7-0a6aab4924ab','6380326d-6b6f-4310-b8c5-539e1e69bac6'),('7badacef-0a4e-492d-9661-f09c3e0d847a','a144257e-a066-11f0-a7b7-0a6aab4924ab','63c6891a-fd41-4342-99bb-6c7d561581af'),('7d75298c-594a-4f1f-86a7-1f4f9dc068c8','a144278a-a066-11f0-a7b7-0a6aab4924ab','ee8e9c08-5a31-4835-842b-a51324361866'),('7d85ef73-4704-4af5-96d8-c00601698d6a','a1442a68-a066-11f0-a7b7-0a6aab4924ab','21aeeedf-99d1-4018-afa5-c8428271483f'),('7e1d320b-1cd4-4b04-8b14-6c8859262b71','a1442a68-a066-11f0-a7b7-0a6aab4924ab','6deb96c6-985f-4d34-bdbe-c2edb340ce2b'),('7eac38ea-08c8-407d-b97f-594598c3b598','f66c6403-a5e4-11f0-a7b7-0a6aab4924ab','63c6891a-fd41-4342-99bb-6c7d561581af'),('7eae6d12-32bc-4776-a98c-72ac5336d02e','73f0c6d0-a066-11f0-a7b7-0a6aab4924ab','42663b53-2c12-4aef-8af4-53ec43955bdd'),('80a427ca-b237-41c5-a5a8-aa6fb2180712','a144278a-a066-11f0-a7b7-0a6aab4924ab','a865a311-53ee-4944-99d0-9e01e2043028'),('8119a53a-f0a9-4b58-b4f3-d02600555722','a144278a-a066-11f0-a7b7-0a6aab4924ab','26d394c2-d502-4bc5-8578-4953e2cb410a'),('81e9f74e-2364-4f1c-917d-73ef746812bb','73f16d59-a066-11f0-a7b7-0a6aab4924ab','a865a311-53ee-4944-99d0-9e01e2043028'),('82c69e61-4a23-4b90-9402-f1650fac7a11','a1442a68-a066-11f0-a7b7-0a6aab4924ab','82e3a817-c0c2-4ae2-aae4-1ee784419fde'),('83121642-ffad-49bb-ac26-90668848a315','73f0cf25-a066-11f0-a7b7-0a6aab4924ab','3e85473e-5bd4-41a6-b60f-dff1bfd2d5d0'),('8325f77f-95f1-41d1-9563-8b843e7e92f8','73f0c6d0-a066-11f0-a7b7-0a6aab4924ab','418668e2-147f-4df0-b874-89cbba9f3e71'),('833b60ea-1a56-4aa3-8ff4-adc2204c2cb2','f66c6403-a5e4-11f0-a7b7-0a6aab4924ab','2f8719f3-1e27-4266-b267-66e88083bcb0'),('83cbd9cf-32ef-4572-bc20-b6b1a2a09190','73f16eb9-a066-11f0-a7b7-0a6aab4924ab','aa294a92-86cf-472f-9382-31e2fac4586a'),('84c61ce5-9dd4-4788-b222-e343202abb44','73f16d59-a066-11f0-a7b7-0a6aab4924ab','82e3a817-c0c2-4ae2-aae4-1ee784419fde'),('853ba38a-37f5-4d1a-92b2-5f3ba6fda97e','a144278a-a066-11f0-a7b7-0a6aab4924ab','3e85473e-5bd4-41a6-b60f-dff1bfd2d5d0'),('85a41336-924c-4751-95de-5b8863f339f3','73f0cf25-a066-11f0-a7b7-0a6aab4924ab','1323d737-1893-4062-8b51-7d98fe6d52fc'),('85b893a2-f5bf-450e-9408-d18e2be42b3c','73f0d5b6-a066-11f0-a7b7-0a6aab4924ab','21aeeedf-99d1-4018-afa5-c8428271483f'),('85c1fb33-87bc-4888-bc54-d45195ffb995','a1442a68-a066-11f0-a7b7-0a6aab4924ab','26d394c2-d502-4bc5-8578-4953e2cb410a'),('8935fee1-56b8-4422-a447-e35cabd32164','73f13b7d-a066-11f0-a7b7-0a6aab4924ab','6380326d-6b6f-4310-b8c5-539e1e69bac6'),('8939d64a-cd37-4c75-b61d-313bea43d20f','73f0cf25-a066-11f0-a7b7-0a6aab4924ab','5ead7302-7807-4620-882d-7475833a1cf7'),('89878790-937c-4add-9437-968b5f0a6dcb','a144278a-a066-11f0-a7b7-0a6aab4924ab','6380326d-6b6f-4310-b8c5-539e1e69bac6'),('8c452aee-fd6d-4ee5-b5cc-0b952fc63329','a1440a52-a066-11f0-a7b7-0a6aab4924ab','42663b53-2c12-4aef-8af4-53ec43955bdd'),('8d101256-1916-4c5a-9c3f-2f9a7f5a9dda','73f13b7d-a066-11f0-a7b7-0a6aab4924ab','8130d307-29bd-4ba2-a832-b53a5d9f3b1a'),('8e4fc52b-7c41-4bf6-8f00-4e219cd0d2b4','73f16eb9-a066-11f0-a7b7-0a6aab4924ab','21aeeedf-99d1-4018-afa5-c8428271483f'),('8fe34fda-26e3-42c8-be4d-fa9bceb990db','a144278a-a066-11f0-a7b7-0a6aab4924ab','2d708a42-898b-4866-8c78-f203db0949ca'),('9010dfbd-1b6c-49bc-8098-e22d3813a2d5','73f0c6d0-a066-11f0-a7b7-0a6aab4924ab','bdacab34-0014-4c8d-acd3-ffb8ab98bf71'),('901d6b3c-86ad-4ce6-8066-3fb6393e7fb3','2e535699-a065-11f0-a7b7-0a6aab4924ab','41f0ffe3-6698-4fe0-825b-59a4f3bcefe0'),('90618193-c583-41ad-8985-fb6bc222fd52','73f0d5b6-a066-11f0-a7b7-0a6aab4924ab','e55e8dbb-4cd9-4c02-929b-5000f88d8035'),('919c3b7d-7e67-43f4-855f-bac1c5967136','f66c6403-a5e4-11f0-a7b7-0a6aab4924ab','e55e8dbb-4cd9-4c02-929b-5000f88d8035'),('91a64a9b-6e6f-4b4c-ae5a-de32b9434be0','db281ce2-a066-11f0-a7b7-0a6aab4924ab','ecf750cd-3e7c-4bdb-80ee-160d3144c08a'),('924e88d1-1909-40d4-ada5-ddabf360615d','73f16d59-a066-11f0-a7b7-0a6aab4924ab','1323d737-1893-4062-8b51-7d98fe6d52fc'),('925fedb5-0899-48ae-8c43-47ccbae24c58','73f0cd07-a066-11f0-a7b7-0a6aab4924ab','e62cfd7e-9fa5-4759-9af7-6df520aa2ddc'),('935702e6-df04-4e57-b05d-95a342f9947f','a144278a-a066-11f0-a7b7-0a6aab4924ab','8be5b61b-0780-4660-8a46-0a76fd15cd2a'),('935f9f8d-5887-4760-a4a5-d1cb183f2a5f','73f0d5b6-a066-11f0-a7b7-0a6aab4924ab','8be5b61b-0780-4660-8a46-0a76fd15cd2a'),('936b652a-dc42-48c0-a5c4-95b7fb34f24f','a1440a52-a066-11f0-a7b7-0a6aab4924ab','e62cfd7e-9fa5-4759-9af7-6df520aa2ddc'),('93b79858-4080-4c76-975c-fa8dae8390b5','a144257e-a066-11f0-a7b7-0a6aab4924ab','aa294a92-86cf-472f-9382-31e2fac4586a'),('9464db26-0444-4c69-94d4-662665334776','73f16d59-a066-11f0-a7b7-0a6aab4924ab','176181ec-faa4-4022-b3a0-061bd142091b'),('95ac00e4-693a-49c4-ad14-273b4a8d2492','73f0cf25-a066-11f0-a7b7-0a6aab4924ab','23ad4e76-8522-422b-b603-525993aec195'),('96483938-780f-4b4b-8e8c-b6da86da9a7d','73f0cd07-a066-11f0-a7b7-0a6aab4924ab','418668e2-147f-4df0-b874-89cbba9f3e71'),('96b9c5c4-1f04-4067-8d29-abb75a229f7d','a144278a-a066-11f0-a7b7-0a6aab4924ab','35a7a8a0-b3b8-4e86-a36a-95edf12bba67'),('96fd2049-acc0-4949-bd45-2b4c30e3bae9','73f0c6d0-a066-11f0-a7b7-0a6aab4924ab','a865a311-53ee-4944-99d0-9e01e2043028'),('983f272e-2258-45a8-a30f-9e6484a8fa59','73f16d59-a066-11f0-a7b7-0a6aab4924ab','23ad4e76-8522-422b-b603-525993aec195'),('98d2ffdf-2bba-4e4a-9b8e-3ff0f4d4838f','a1440a52-a066-11f0-a7b7-0a6aab4924ab','3f8063c4-9a5b-45aa-91a8-158ead419269'),('98ec9382-c016-4465-9326-3d6e8c70cbf4','73f16d59-a066-11f0-a7b7-0a6aab4924ab','2d708a42-898b-4866-8c78-f203db0949ca'),('9d17e1c9-9917-4a02-822e-8712264e2a7a','a1440a52-a066-11f0-a7b7-0a6aab4924ab','21aeeedf-99d1-4018-afa5-c8428271483f'),('9e2a3613-970b-420c-a2df-9a8c2a7af69c','a144278a-a066-11f0-a7b7-0a6aab4924ab','e62cfd7e-9fa5-4759-9af7-6df520aa2ddc'),('9eea196f-7b78-4afe-87c5-d809d4e3f926','73f16d59-a066-11f0-a7b7-0a6aab4924ab','5ead7302-7807-4620-882d-7475833a1cf7'),('9eeeb3f6-e934-4951-be6e-2cfcafd5190d','a144278a-a066-11f0-a7b7-0a6aab4924ab','6deb96c6-985f-4d34-bdbe-c2edb340ce2b'),('a0d4aa87-f6b0-4a58-a1b1-628360cbd8a3','a1442a68-a066-11f0-a7b7-0a6aab4924ab','3e85473e-5bd4-41a6-b60f-dff1bfd2d5d0'),('a2b2a1af-93bc-44ab-857d-a32449f698cf','73f0c6d0-a066-11f0-a7b7-0a6aab4924ab','6380326d-6b6f-4310-b8c5-539e1e69bac6'),('a3209d5b-5cb3-4dda-a520-710ceac0298e','73f0cf25-a066-11f0-a7b7-0a6aab4924ab','ee8e9c08-5a31-4835-842b-a51324361866'),('a3508918-9a0d-4ad3-b4a7-6bda54ec430f','a144278a-a066-11f0-a7b7-0a6aab4924ab','af58c8d9-b534-4108-9707-f82875ae76b8'),('a3cd9410-5906-4437-b352-c02c0663f33d','73f16eb9-a066-11f0-a7b7-0a6aab4924ab','42663b53-2c12-4aef-8af4-53ec43955bdd'),('a506d42c-d69a-4a6f-8e78-3c360d09a084','73f0c6d0-a066-11f0-a7b7-0a6aab4924ab','c26d3cdb-e9bd-4587-a6fb-ad95aa9f5039'),('a5162431-169c-4263-85ef-981882a5eb0b','a144257e-a066-11f0-a7b7-0a6aab4924ab','ee8e9c08-5a31-4835-842b-a51324361866'),('a565d6a4-ce92-4bdf-8ea8-6ac47ee97a8b','a1440a52-a066-11f0-a7b7-0a6aab4924ab','6820eebb-2b14-4c13-9229-82571325be85'),('a6603c60-62fe-4061-8410-cb4b8b9708d3','a1442a68-a066-11f0-a7b7-0a6aab4924ab','8130d307-29bd-4ba2-a832-b53a5d9f3b1a'),('a8b01272-640c-42fa-a76d-9419e3de2398','a144257e-a066-11f0-a7b7-0a6aab4924ab','6380326d-6b6f-4310-b8c5-539e1e69bac6'),('a8c30d8d-0550-487e-900b-2775e30f7b40','db28142f-a066-11f0-a7b7-0a6aab4924ab','8130d307-29bd-4ba2-a832-b53a5d9f3b1a'),('a9804414-1d81-41d2-bb40-d01474bb8c60','a144278a-a066-11f0-a7b7-0a6aab4924ab','23ad4e76-8522-422b-b603-525993aec195'),('a9d84701-1a9d-42dc-adcd-655a211c54cb','73f0c6d0-a066-11f0-a7b7-0a6aab4924ab','82e3a817-c0c2-4ae2-aae4-1ee784419fde'),('aa3b7010-a68e-4758-9a2a-ee4813c4d59a','a144257e-a066-11f0-a7b7-0a6aab4924ab','3e85473e-5bd4-41a6-b60f-dff1bfd2d5d0'),('ad9f0a79-a90c-4e23-a69d-dcbe6ce92c8c','f66c6403-a5e4-11f0-a7b7-0a6aab4924ab','e62cfd7e-9fa5-4759-9af7-6df520aa2ddc'),('ae2dfe06-ffe6-4879-8ff8-88e824185b3b','f66c6403-a5e4-11f0-a7b7-0a6aab4924ab','82e3a817-c0c2-4ae2-aae4-1ee784419fde'),('ae5592a2-d0fd-44c4-961b-f22df0b83983','a144257e-a066-11f0-a7b7-0a6aab4924ab','534049e4-8070-4fd8-9657-75c22d8b170b'),('af66efd1-13b3-4ec8-b56b-02a91df92074','a1442a68-a066-11f0-a7b7-0a6aab4924ab','2f8719f3-1e27-4266-b267-66e88083bcb0'),('b42919df-6189-4740-9520-28a615e57d64','f66c6403-a5e4-11f0-a7b7-0a6aab4924ab','2d708a42-898b-4866-8c78-f203db0949ca'),('b4a96ca2-12d4-4515-8cb9-a38b0e0a7885','73f0c6d0-a066-11f0-a7b7-0a6aab4924ab','2d708a42-898b-4866-8c78-f203db0949ca'),('b4bcdcda-cbc4-44c2-8172-324b70bb1a88','f66c6403-a5e4-11f0-a7b7-0a6aab4924ab','ecf750cd-3e7c-4bdb-80ee-160d3144c08a'),('b7f44ce1-d0b9-47f2-8c77-68aeb1af3939','db281ce2-a066-11f0-a7b7-0a6aab4924ab','82e3a817-c0c2-4ae2-aae4-1ee784419fde'),('b8314a45-bca5-4c4e-90f0-35830b47afb1','a1442a68-a066-11f0-a7b7-0a6aab4924ab','a865a311-53ee-4944-99d0-9e01e2043028'),('ba481adb-b6f7-4b3c-9d44-73429837727c','a144257e-a066-11f0-a7b7-0a6aab4924ab','2d708a42-898b-4866-8c78-f203db0949ca'),('ba774954-a517-495d-ac1f-5ba43cf7bc0d','a144257e-a066-11f0-a7b7-0a6aab4924ab','23ad4e76-8522-422b-b603-525993aec195'),('bbbec388-a7c4-4ffb-948d-490a4e558d6e','73f0cf25-a066-11f0-a7b7-0a6aab4924ab','e62cfd7e-9fa5-4759-9af7-6df520aa2ddc'),('bbc51312-a86d-4020-9e9c-acbd20564a02','a144278a-a066-11f0-a7b7-0a6aab4924ab','dcf4ecfc-1faf-4087-8487-84e451cdb6ef'),('bd2c97b0-ff40-45f4-90d6-7b3bd681d4d4','73f16d59-a066-11f0-a7b7-0a6aab4924ab','3e85473e-5bd4-41a6-b60f-dff1bfd2d5d0'),('bd433e60-bca1-4430-a1e6-9b914c99f4c4','f66c6403-a5e4-11f0-a7b7-0a6aab4924ab','6820eebb-2b14-4c13-9229-82571325be85'),('be8e6ad7-5b37-4ab1-91eb-c7bce53e82e1','73f0d5b6-a066-11f0-a7b7-0a6aab4924ab','a865a311-53ee-4944-99d0-9e01e2043028'),('c03d85fe-af8b-431b-8c92-82e0fcd1caf1','a1442a68-a066-11f0-a7b7-0a6aab4924ab','dcf4ecfc-1faf-4087-8487-84e451cdb6ef'),('c0cc51b1-1967-480c-93b6-de50b009d6ba','73f0cd07-a066-11f0-a7b7-0a6aab4924ab','3f8063c4-9a5b-45aa-91a8-158ead419269'),('c0e612c0-81fd-4cf5-9e25-cf3a79ddff3d','73f13b7d-a066-11f0-a7b7-0a6aab4924ab','c26d3cdb-e9bd-4587-a6fb-ad95aa9f5039'),('c0edf406-cb9a-465b-ae60-1840c6985172','a144278a-a066-11f0-a7b7-0a6aab4924ab','e55e8dbb-4cd9-4c02-929b-5000f88d8035'),('c1d6e84a-44a0-4db1-a512-6396b93ca980','73f13b7d-a066-11f0-a7b7-0a6aab4924ab','41f0ffe3-6698-4fe0-825b-59a4f3bcefe0'),('c2ac3970-8d2e-44f1-bcc5-918bce06a2d0','73f13b7d-a066-11f0-a7b7-0a6aab4924ab','63c6891a-fd41-4342-99bb-6c7d561581af'),('c2b23760-fd93-4eb1-b5a9-666d7738c038','a1442b62-a066-11f0-a7b7-0a6aab4924ab','aa294a92-86cf-472f-9382-31e2fac4586a'),('c2cf66f3-ad84-43d9-aca0-f3739b77695b','73f13b7d-a066-11f0-a7b7-0a6aab4924ab','418668e2-147f-4df0-b874-89cbba9f3e71'),('c6e1b5e7-8d5d-455c-a104-272a47b0317f','db281ce2-a066-11f0-a7b7-0a6aab4924ab','176181ec-faa4-4022-b3a0-061bd142091b'),('c8151128-1649-43fe-808b-b8ee86c85941','73f16eb9-a066-11f0-a7b7-0a6aab4924ab','5ead7302-7807-4620-882d-7475833a1cf7'),('c911ab28-16fc-4e19-85f3-015751d1f946','73f16eb9-a066-11f0-a7b7-0a6aab4924ab','ee8e9c08-5a31-4835-842b-a51324361866'),('ca5362cc-4fcd-46a1-b70e-7fbcf5d61940','20722e6d-a065-11f0-a7b7-0a6aab4924ab','41f0ffe3-6698-4fe0-825b-59a4f3bcefe0'),('ca860309-d05f-47bb-9eec-694882aed6cf','73f0cf25-a066-11f0-a7b7-0a6aab4924ab','a865a311-53ee-4944-99d0-9e01e2043028'),('cb7a3ffb-7cc1-4d77-a876-a2277d3143e3','73f0c6d0-a066-11f0-a7b7-0a6aab4924ab','2f8719f3-1e27-4266-b267-66e88083bcb0'),('cc19b239-aa1a-4d39-8c28-839094c8894e','db281ce2-a066-11f0-a7b7-0a6aab4924ab','c26d3cdb-e9bd-4587-a6fb-ad95aa9f5039'),('cc38327a-7058-4ff8-a737-769afc557a97','db28142f-a066-11f0-a7b7-0a6aab4924ab','176181ec-faa4-4022-b3a0-061bd142091b'),('ccf33dc5-fef9-435a-8880-ae59c049b869','a1442a68-a066-11f0-a7b7-0a6aab4924ab','41f0ffe3-6698-4fe0-825b-59a4f3bcefe0'),('ceecee04-c64a-4bb4-ad82-07e7fe31bdfd','73f0cf25-a066-11f0-a7b7-0a6aab4924ab','2d708a42-898b-4866-8c78-f203db0949ca'),('cf44aa56-f301-422a-bcfd-d99fc50d0c1a','a144278a-a066-11f0-a7b7-0a6aab4924ab','c26d3cdb-e9bd-4587-a6fb-ad95aa9f5039'),('d18df090-d2bc-4113-a60d-210ec894680a','73f0d5b6-a066-11f0-a7b7-0a6aab4924ab','534049e4-8070-4fd8-9657-75c22d8b170b'),('d245a289-b935-4ab0-8b3b-84f167a77e5f','db28142f-a066-11f0-a7b7-0a6aab4924ab','ecf750cd-3e7c-4bdb-80ee-160d3144c08a'),('d25a63e4-38eb-4cbd-aac2-7f2215a2db02','73f16d59-a066-11f0-a7b7-0a6aab4924ab','8be5b61b-0780-4660-8a46-0a76fd15cd2a'),('d38eb302-a9ee-46c5-b053-01955d1c3913','73f16eb9-a066-11f0-a7b7-0a6aab4924ab','3e85473e-5bd4-41a6-b60f-dff1bfd2d5d0'),('d4b90acb-3e77-4bc9-945d-0d1233383336','a1440a52-a066-11f0-a7b7-0a6aab4924ab','418668e2-147f-4df0-b874-89cbba9f3e71'),('d610d2eb-fffd-41af-b41b-b0c9fcd259f3','73f16d59-a066-11f0-a7b7-0a6aab4924ab','dcf4ecfc-1faf-4087-8487-84e451cdb6ef'),('d6455594-256c-447b-bc0c-671d2a29e596','f66c6403-a5e4-11f0-a7b7-0a6aab4924ab','3f8063c4-9a5b-45aa-91a8-158ead419269'),('d6d0bf48-c623-4675-a163-7df3aff48a7d','73f0d5b6-a066-11f0-a7b7-0a6aab4924ab','af58c8d9-b534-4108-9707-f82875ae76b8'),('d731da9f-3948-4ba3-aca3-1ce031c23ff5','73f16d59-a066-11f0-a7b7-0a6aab4924ab','26d394c2-d502-4bc5-8578-4953e2cb410a'),('dd06dd6b-932a-46c6-8623-916d1facb2d9','a1440a52-a066-11f0-a7b7-0a6aab4924ab','6380326d-6b6f-4310-b8c5-539e1e69bac6'),('dd1160d0-af53-483e-a540-1b18bd17e163','73f0d5b6-a066-11f0-a7b7-0a6aab4924ab','dcf4ecfc-1faf-4087-8487-84e451cdb6ef'),('dd8a8a45-1469-4ef3-9e5e-dfcb9fafe097','73f0c6d0-a066-11f0-a7b7-0a6aab4924ab','af58c8d9-b534-4108-9707-f82875ae76b8'),('dde6135b-3216-4d5d-bcb4-356f767f8dfb','73f13b7d-a066-11f0-a7b7-0a6aab4924ab','e62cfd7e-9fa5-4759-9af7-6df520aa2ddc'),('df5b7c8a-c868-43e3-8037-0918ef2dc7a2','a1442a68-a066-11f0-a7b7-0a6aab4924ab','176181ec-faa4-4022-b3a0-061bd142091b'),('df65ec17-af75-4e6a-a55f-61d170b297d5','a144257e-a066-11f0-a7b7-0a6aab4924ab','21aeeedf-99d1-4018-afa5-c8428271483f'),('e01cd088-4bb4-44d7-a986-62e7003c9699','a1440a52-a066-11f0-a7b7-0a6aab4924ab','bdacab34-0014-4c8d-acd3-ffb8ab98bf71'),('e14e8523-7e03-4151-9024-42b464c06670','a1442887-a066-11f0-a7b7-0a6aab4924ab','a865a311-53ee-4944-99d0-9e01e2043028'),('e27c6904-7d25-4365-87fd-9e569385416f','73f0cf25-a066-11f0-a7b7-0a6aab4924ab','21aeeedf-99d1-4018-afa5-c8428271483f'),('e37cd90d-c4ad-4218-a65e-737b667fb7b0','a1442a68-a066-11f0-a7b7-0a6aab4924ab','23ad4e76-8522-422b-b603-525993aec195'),('e3bd6ef3-9121-40dd-9466-4ba8f7d35be9','73f13b7d-a066-11f0-a7b7-0a6aab4924ab','2f8719f3-1e27-4266-b267-66e88083bcb0'),('e46c66ca-1a60-4135-8c96-42505276ddd4','db281ce2-a066-11f0-a7b7-0a6aab4924ab','8be5b61b-0780-4660-8a46-0a76fd15cd2a'),('e547b63f-f400-4415-a1cd-69a87815e680','f66c6403-a5e4-11f0-a7b7-0a6aab4924ab','bdacab34-0014-4c8d-acd3-ffb8ab98bf71'),('e58adce2-d769-43d2-9278-720729ad92a5','a144257e-a066-11f0-a7b7-0a6aab4924ab','26d394c2-d502-4bc5-8578-4953e2cb410a'),('e5cc9c84-6a5d-453b-a92c-507193c29702','73f0d5b6-a066-11f0-a7b7-0a6aab4924ab','23ad4e76-8522-422b-b603-525993aec195'),('e644baa2-48bf-478a-ad78-5cf77bdf1e9d','73f0cd07-a066-11f0-a7b7-0a6aab4924ab','2d708a42-898b-4866-8c78-f203db0949ca'),('e9079ff5-08cc-4bf1-8d90-9d357d9d7ca5','73f0cf25-a066-11f0-a7b7-0a6aab4924ab','63c6891a-fd41-4342-99bb-6c7d561581af'),('ea2cec58-123e-4051-b2c2-9ba90ed786fe','a1442a68-a066-11f0-a7b7-0a6aab4924ab','5ead7302-7807-4620-882d-7475833a1cf7'),('ec921526-90a2-47df-85da-c2256e6713ce','a1442a68-a066-11f0-a7b7-0a6aab4924ab','ecf750cd-3e7c-4bdb-80ee-160d3144c08a'),('ee79b47a-2490-4779-ba3b-4be4ffc9370c','73f0cf25-a066-11f0-a7b7-0a6aab4924ab','26d394c2-d502-4bc5-8578-4953e2cb410a'),('ee803390-c79f-4507-a982-d5d2a2afb1d8','a144278a-a066-11f0-a7b7-0a6aab4924ab','534049e4-8070-4fd8-9657-75c22d8b170b'),('ef646fe4-9916-4565-ac38-dd20197c6e68','f66c6403-a5e4-11f0-a7b7-0a6aab4924ab','af58c8d9-b534-4108-9707-f82875ae76b8'),('efb0aa42-6c78-4511-9148-e1057e37a6ad','73f16d59-a066-11f0-a7b7-0a6aab4924ab','af58c8d9-b534-4108-9707-f82875ae76b8'),('efd9cd82-a72f-42e8-bf19-1a087d64617f','a144278a-a066-11f0-a7b7-0a6aab4924ab','82e3a817-c0c2-4ae2-aae4-1ee784419fde'),('effce79a-85f7-482a-83a9-c2ff94ca77d5','db28142f-a066-11f0-a7b7-0a6aab4924ab','af58c8d9-b534-4108-9707-f82875ae76b8'),('f34d2b46-3d07-4ea0-b50e-91c9a6ae07ee','73f0c6d0-a066-11f0-a7b7-0a6aab4924ab','41f0ffe3-6698-4fe0-825b-59a4f3bcefe0'),('f3584f99-3c4f-46eb-9498-077adef78020','f66c6403-a5e4-11f0-a7b7-0a6aab4924ab','418668e2-147f-4df0-b874-89cbba9f3e71'),('f3ac4574-7db8-4eb4-92ae-a12d06235da1','73f16d59-a066-11f0-a7b7-0a6aab4924ab','2f8719f3-1e27-4266-b267-66e88083bcb0'),('f402bbbf-b37b-497f-a0d8-4c60cf45b794','73f16d59-a066-11f0-a7b7-0a6aab4924ab','534049e4-8070-4fd8-9657-75c22d8b170b'),('f5a52b32-00c0-4ac0-aca1-52bd85650874','a144257e-a066-11f0-a7b7-0a6aab4924ab','6820eebb-2b14-4c13-9229-82571325be85'),('f6495b5a-5120-4750-b9a8-54cab4ac3031','73f16eb9-a066-11f0-a7b7-0a6aab4924ab','534049e4-8070-4fd8-9657-75c22d8b170b'),('f656dff1-aba6-4f5d-aa0f-8af4124be0a6','a144278a-a066-11f0-a7b7-0a6aab4924ab','3f8063c4-9a5b-45aa-91a8-158ead419269'),('f6beed92-0a45-4a9a-8668-1d0649ebd401','f66c6403-a5e4-11f0-a7b7-0a6aab4924ab','8be5b61b-0780-4660-8a46-0a76fd15cd2a'),('f711c0d5-109e-4131-9f7c-6ec1a10d41ae','f66c6403-a5e4-11f0-a7b7-0a6aab4924ab','6deb96c6-985f-4d34-bdbe-c2edb340ce2b'),('f8fb71c9-4fd9-43c9-812b-85c1dd57c675','73f0c6d0-a066-11f0-a7b7-0a6aab4924ab','e55e8dbb-4cd9-4c02-929b-5000f88d8035'),('f91ddd99-2767-49ea-acb9-f6b5d9f4c527','73f0d5b6-a066-11f0-a7b7-0a6aab4924ab','ee8e9c08-5a31-4835-842b-a51324361866'),('f9ff0c91-53a1-44bb-8146-39b8279d540c','a144257e-a066-11f0-a7b7-0a6aab4924ab','1323d737-1893-4062-8b51-7d98fe6d52fc'),('fa8035bc-b402-419c-815a-270ab5bac632','73f0c6d0-a066-11f0-a7b7-0a6aab4924ab','6deb96c6-985f-4d34-bdbe-c2edb340ce2b'),('fc711956-25c1-47ae-b3d6-5d253eda8a87','73f16eb9-a066-11f0-a7b7-0a6aab4924ab','35a7a8a0-b3b8-4e86-a36a-95edf12bba67'),('fcc65bf6-7e22-47ec-b924-daf1870b161f','73f13b7d-a066-11f0-a7b7-0a6aab4924ab','3f8063c4-9a5b-45aa-91a8-158ead419269'),('fd664f32-60dd-4181-b415-651834ae9ac9','73f0cd07-a066-11f0-a7b7-0a6aab4924ab','63c6891a-fd41-4342-99bb-6c7d561581af'),('fe2a3701-4e9e-420a-8ca1-bf5ea32c1a4a','73f13b7d-a066-11f0-a7b7-0a6aab4924ab','2d708a42-898b-4866-8c78-f203db0949ca'),('fec32788-8da5-4af9-ba5b-4265132180ce','73f15439-a066-11f0-a7b7-0a6aab4924ab','aa294a92-86cf-472f-9382-31e2fac4586a'),('feef0385-e21b-470f-9131-d29713e83d72','73f0c6d0-a066-11f0-a7b7-0a6aab4924ab','8130d307-29bd-4ba2-a832-b53a5d9f3b1a'),('ffca511e-c236-449c-859a-5780efbafb79','73f16d59-a066-11f0-a7b7-0a6aab4924ab','ecf750cd-3e7c-4bdb-80ee-160d3144c08a');
/*!40000 ALTER TABLE `room_amenities` ENABLE KEYS */;
UNLOCK TABLES;

--
-- Table structure for table `room_daily_performances`
--

DROP TABLE IF EXISTS `room_daily_performances`;
/*!40101 SET @saved_cs_client     = @@character_set_client */;
/*!50503 SET character_set_client = utf8mb4 */;
CREATE TABLE `room_daily_performances` (
  `report_date` date NOT NULL,
  `booked_room_nights` int NOT NULL,
  `revenue` double NOT NULL,
  `updated_at` datetime(6) NOT NULL,
  `hotel_id` varchar(255) NOT NULL,
  `room_id` varchar(255) NOT NULL,
  PRIMARY KEY (`report_date`,`room_id`),
  KEY `idx_room_daily_performance_hotel_id` (`hotel_id`),
  KEY `FKcysaywdg0894xnkjttj9663kx` (`room_id`),
  CONSTRAINT `FKcysaywdg0894xnkjttj9663kx` FOREIGN KEY (`room_id`) REFERENCES `rooms` (`id`),
  CONSTRAINT `FKm6xgt41mrd8ynddbcecvn9pkb` FOREIGN KEY (`hotel_id`) REFERENCES `hotels` (`id`)
) ENGINE=InnoDB DEFAULT CHARSET=utf8mb4 COLLATE=utf8mb4_0900_ai_ci;
/*!40101 SET character_set_client = @saved_cs_client */;

--
-- Dumping data for table `room_daily_performances`
--

LOCK TABLES `room_daily_performances` WRITE;
/*!40000 ALTER TABLE `room_daily_performances` DISABLE KEYS */;
INSERT INTO `room_daily_performances` VALUES ('2025-10-30',9,0,'2025-11-22 07:55:23.921240','00d60e60-d366-4d73-b3c0-614ecb95feb7','21aeeedf-99d1-4018-afa5-c8428271483f'),('2025-10-30',1,0,'2025-11-22 07:55:23.921240','00d60e60-d366-4d73-b3c0-614ecb95feb7','dcf4ecfc-1faf-4087-8487-84e451cdb6ef'),('2025-10-31',1,0,'2025-11-22 07:55:25.953238','00d60e60-d366-4d73-b3c0-614ecb95feb7','dcf4ecfc-1faf-4087-8487-84e451cdb6ef'),('2025-11-03',0,10283000,'2025-11-22 07:55:28.601241','4b2d0a2d-cc1f-4030-8c07-5fa09b8229cf','a865a311-53ee-4944-99d0-9e01e2043028'),('2025-11-10',4,0,'2025-11-22 07:55:31.602243','00d60e60-d366-4d73-b3c0-614ecb95feb7','26d394c2-d502-4bc5-8578-4953e2cb410a'),('2025-11-11',4,0,'2025-11-22 07:55:32.316240','00d60e60-d366-4d73-b3c0-614ecb95feb7','26d394c2-d502-4bc5-8578-4953e2cb410a'),('2025-11-15',1,0,'2025-11-22 07:55:33.897242','4b2d0a2d-cc1f-4030-8c07-5fa09b8229cf','2d708a42-898b-4866-8c78-f203db0949ca'),('2025-11-16',1,0,'2025-11-22 07:55:34.501239','4b2d0a2d-cc1f-4030-8c07-5fa09b8229cf','2d708a42-898b-4866-8c78-f203db0949ca'),('2025-11-20',1,0,'2025-11-22 07:55:35.943255','00d60e60-d366-4d73-b3c0-614ecb95feb7','35a7a8a0-b3b8-4e86-a36a-95edf12bba67');
/*!40000 ALTER TABLE `room_daily_performances` ENABLE KEYS */;
UNLOCK TABLES;

--
-- Table structure for table `room_inventories`
--

DROP TABLE IF EXISTS `room_inventories`;
/*!40101 SET @saved_cs_client     = @@character_set_client */;
/*!50503 SET character_set_client = utf8mb4 */;
CREATE TABLE `room_inventories` (
  `available_rooms` int NOT NULL,
  `price` double NOT NULL,
  `status` varchar(255) NOT NULL,
  `room_id` varchar(255) NOT NULL,
  `date` date NOT NULL,
  PRIMARY KEY (`room_id`,`date`),
  KEY `idx_room_inventories_room_date` (`room_id`,`date`),
  KEY `idx_room_inventories_available_status` (`available_rooms`,`status`),
  KEY `idx_room_inventories_date_price` (`date`,`price`),
  KEY `idx_room_inventories_status_date` (`status`,`date`),
  KEY `idx_room_inventories_date_available` (`date`,`available_rooms`),
  KEY `idx_room_availability_date_status` (`date`,`status`,`available_rooms`),
  KEY `idx_room_inventories_available_rooms` (`available_rooms`),
  CONSTRAINT `FKe6vily974p8nmg9ouedsmhlxh` FOREIGN KEY (`room_id`) REFERENCES `rooms` (`id`),
  CONSTRAINT `check_available_rooms_positive` CHECK ((`available_rooms` >= 0)),
  CONSTRAINT `check_price_positive` CHECK ((`price` > 0))
) ENGINE=InnoDB DEFAULT CHARSET=utf8mb4 COLLATE=utf8mb4_0900_ai_ci;
/*!40101 SET character_set_client = @saved_cs_client */;

--
-- Dumping data for table `room_inventories`
--

LOCK TABLES `room_inventories` WRITE;
/*!40000 ALTER TABLE `room_inventories` DISABLE KEYS */;
INSERT INTO `room_inventories` VALUES (10,750000,'available','1323d737-1893-4062-8b51-7d98fe6d52fc','2025-10-10'),(10,750000,'available','1323d737-1893-4062-8b51-7d98fe6d52fc','2025-10-11'),(10,750000,'available','1323d737-1893-4062-8b51-7d98fe6d52fc','2025-10-12'),(10,750000,'available','1323d737-1893-4062-8b51-7d98fe6d52fc','2025-10-13'),(10,750000,'available','1323d737-1893-4062-8b51-7d98fe6d52fc','2025-10-14'),(10,750000,'available','1323d737-1893-4062-8b51-7d98fe6d52fc','2025-10-15'),(10,750000,'available','1323d737-1893-4062-8b51-7d98fe6d52fc','2025-10-16'),(10,750000,'available','1323d737-1893-4062-8b51-7d98fe6d52fc','2025-10-17'),(10,750000,'available','1323d737-1893-4062-8b51-7d98fe6d52fc','2025-10-18'),(10,750000,'available','1323d737-1893-4062-8b51-7d98fe6d52fc','2025-10-19'),(10,750000,'available','1323d737-1893-4062-8b51-7d98fe6d52fc','2025-10-20'),(10,750000,'available','1323d737-1893-4062-8b51-7d98fe6d52fc','2025-10-21'),(10,750000,'available','1323d737-1893-4062-8b51-7d98fe6d52fc','2025-10-22'),(10,750000,'available','1323d737-1893-4062-8b51-7d98fe6d52fc','2025-10-23'),(10,750000,'available','1323d737-1893-4062-8b51-7d98fe6d52fc','2025-10-24'),(10,975000,'available','1323d737-1893-4062-8b51-7d98fe6d52fc','2025-10-25'),(10,975000,'available','1323d737-1893-4062-8b51-7d98fe6d52fc','2025-10-26'),(10,750000,'available','1323d737-1893-4062-8b51-7d98fe6d52fc','2025-10-27'),(10,750000,'available','1323d737-1893-4062-8b51-7d98fe6d52fc','2025-10-28'),(10,750000,'available','1323d737-1893-4062-8b51-7d98fe6d52fc','2025-10-29'),(10,750000,'available','1323d737-1893-4062-8b51-7d98fe6d52fc','2025-10-30'),(10,750000,'available','1323d737-1893-4062-8b51-7d98fe6d52fc','2025-10-31'),(10,975000,'available','1323d737-1893-4062-8b51-7d98fe6d52fc','2025-11-01'),(10,975000,'available','1323d737-1893-4062-8b51-7d98fe6d52fc','2025-11-02'),(10,750000,'available','1323d737-1893-4062-8b51-7d98fe6d52fc','2025-11-03'),(10,750000,'available','1323d737-1893-4062-8b51-7d98fe6d52fc','2025-11-04'),(10,750000,'available','1323d737-1893-4062-8b51-7d98fe6d52fc','2025-11-05'),(10,750000,'available','1323d737-1893-4062-8b51-7d98fe6d52fc','2025-11-06'),(10,750000,'available','1323d737-1893-4062-8b51-7d98fe6d52fc','2025-11-07'),(10,975000,'available','1323d737-1893-4062-8b51-7d98fe6d52fc','2025-11-08'),(10,975000,'available','1323d737-1893-4062-8b51-7d98fe6d52fc','2025-11-09'),(10,750000,'available','1323d737-1893-4062-8b51-7d98fe6d52fc','2025-11-10'),(10,667500,'available','1323d737-1893-4062-8b51-7d98fe6d52fc','2025-11-11'),(10,750000,'available','1323d737-1893-4062-8b51-7d98fe6d52fc','2025-11-12'),(10,750000,'available','1323d737-1893-4062-8b51-7d98fe6d52fc','2025-11-13'),(10,750000,'available','1323d737-1893-4062-8b51-7d98fe6d52fc','2025-11-14'),(10,975000,'available','1323d737-1893-4062-8b51-7d98fe6d52fc','2025-11-15'),(10,975000,'available','1323d737-1893-4062-8b51-7d98fe6d52fc','2025-11-16'),(10,750000,'available','1323d737-1893-4062-8b51-7d98fe6d52fc','2025-11-17'),(10,750000,'available','1323d737-1893-4062-8b51-7d98fe6d52fc','2025-11-18'),(10,750000,'available','1323d737-1893-4062-8b51-7d98fe6d52fc','2025-11-19'),(10,637500,'available','1323d737-1893-4062-8b51-7d98fe6d52fc','2025-11-20'),(10,750000,'available','1323d737-1893-4062-8b51-7d98fe6d52fc','2025-11-21'),(10,975000,'available','1323d737-1893-4062-8b51-7d98fe6d52fc','2025-11-22'),(10,975000,'available','1323d737-1893-4062-8b51-7d98fe6d52fc','2025-11-23'),(10,750000,'available','1323d737-1893-4062-8b51-7d98fe6d52fc','2025-11-24'),(10,750000,'available','1323d737-1893-4062-8b51-7d98fe6d52fc','2025-11-25'),(10,750000,'available','1323d737-1893-4062-8b51-7d98fe6d52fc','2025-11-26'),(10,750000,'available','1323d737-1893-4062-8b51-7d98fe6d52fc','2025-11-27'),(10,750000,'available','1323d737-1893-4062-8b51-7d98fe6d52fc','2025-11-28'),(10,975000,'available','1323d737-1893-4062-8b51-7d98fe6d52fc','2025-11-29'),(10,975000,'available','1323d737-1893-4062-8b51-7d98fe6d52fc','2025-11-30'),(10,750000,'available','1323d737-1893-4062-8b51-7d98fe6d52fc','2025-12-01'),(10,750000,'available','1323d737-1893-4062-8b51-7d98fe6d52fc','2025-12-02'),(10,750000,'available','1323d737-1893-4062-8b51-7d98fe6d52fc','2025-12-03'),(10,750000,'available','1323d737-1893-4062-8b51-7d98fe6d52fc','2025-12-04'),(10,750000,'available','1323d737-1893-4062-8b51-7d98fe6d52fc','2025-12-05'),(10,975000,'available','1323d737-1893-4062-8b51-7d98fe6d52fc','2025-12-06'),(10,975000,'available','1323d737-1893-4062-8b51-7d98fe6d52fc','2025-12-07'),(10,750000,'available','1323d737-1893-4062-8b51-7d98fe6d52fc','2025-12-08'),(10,750000,'available','1323d737-1893-4062-8b51-7d98fe6d52fc','2025-12-09'),(10,750000,'available','1323d737-1893-4062-8b51-7d98fe6d52fc','2025-12-10'),(10,750000,'available','1323d737-1893-4062-8b51-7d98fe6d52fc','2025-12-11'),(10,660000,'available','1323d737-1893-4062-8b51-7d98fe6d52fc','2025-12-12'),(10,975000,'available','1323d737-1893-4062-8b51-7d98fe6d52fc','2025-12-13'),(10,975000,'available','1323d737-1893-4062-8b51-7d98fe6d52fc','2025-12-14'),(10,750000,'available','1323d737-1893-4062-8b51-7d98fe6d52fc','2025-12-15'),(10,750000,'available','1323d737-1893-4062-8b51-7d98fe6d52fc','2025-12-16'),(10,750000,'available','1323d737-1893-4062-8b51-7d98fe6d52fc','2025-12-17'),(10,750000,'available','1323d737-1893-4062-8b51-7d98fe6d52fc','2025-12-18'),(10,750000,'available','1323d737-1893-4062-8b51-7d98fe6d52fc','2025-12-19'),(10,975000,'available','1323d737-1893-4062-8b51-7d98fe6d52fc','2025-12-20'),(10,975000,'available','1323d737-1893-4062-8b51-7d98fe6d52fc','2025-12-21'),(10,750000,'available','1323d737-1893-4062-8b51-7d98fe6d52fc','2025-12-22'),(10,750000,'available','1323d737-1893-4062-8b51-7d98fe6d52fc','2025-12-23'),(10,750000,'available','1323d737-1893-4062-8b51-7d98fe6d52fc','2025-12-24'),(10,562500,'available','1323d737-1893-4062-8b51-7d98fe6d52fc','2025-12-25'),(10,750000,'available','1323d737-1893-4062-8b51-7d98fe6d52fc','2025-12-26'),(10,975000,'available','1323d737-1893-4062-8b51-7d98fe6d52fc','2025-12-27'),(10,975000,'available','1323d737-1893-4062-8b51-7d98fe6d52fc','2025-12-28'),(10,750000,'available','1323d737-1893-4062-8b51-7d98fe6d52fc','2025-12-29'),(10,750000,'available','1323d737-1893-4062-8b51-7d98fe6d52fc','2025-12-30'),(10,750000,'available','1323d737-1893-4062-8b51-7d98fe6d52fc','2025-12-31'),(10,750000,'available','1323d737-1893-4062-8b51-7d98fe6d52fc','2026-01-01'),(10,750000,'available','1323d737-1893-4062-8b51-7d98fe6d52fc','2026-01-02'),(10,975000,'available','1323d737-1893-4062-8b51-7d98fe6d52fc','2026-01-03'),(10,975000,'available','1323d737-1893-4062-8b51-7d98fe6d52fc','2026-01-04'),(10,750000,'available','1323d737-1893-4062-8b51-7d98fe6d52fc','2026-01-05'),(10,750000,'available','1323d737-1893-4062-8b51-7d98fe6d52fc','2026-01-06'),(10,750000,'available','1323d737-1893-4062-8b51-7d98fe6d52fc','2026-01-07'),(10,2000000,'available','21aeeedf-99d1-4018-afa5-c8428271483f','2025-10-08'),(10,2000000,'available','21aeeedf-99d1-4018-afa5-c8428271483f','2025-10-09'),(10,2000000,'available','21aeeedf-99d1-4018-afa5-c8428271483f','2025-10-10'),(10,2000000,'available','21aeeedf-99d1-4018-afa5-c8428271483f','2025-10-11'),(10,2000000,'available','21aeeedf-99d1-4018-afa5-c8428271483f','2025-10-12'),(10,2000000,'available','21aeeedf-99d1-4018-afa5-c8428271483f','2025-10-13'),(10,2000000,'available','21aeeedf-99d1-4018-afa5-c8428271483f','2025-10-14'),(10,2000000,'available','21aeeedf-99d1-4018-afa5-c8428271483f','2025-10-15'),(10,2000000,'available','21aeeedf-99d1-4018-afa5-c8428271483f','2025-10-16'),(10,2000000,'available','21aeeedf-99d1-4018-afa5-c8428271483f','2025-10-17'),(10,2000000,'available','21aeeedf-99d1-4018-afa5-c8428271483f','2025-10-18'),(10,2000000,'available','21aeeedf-99d1-4018-afa5-c8428271483f','2025-10-19'),(10,2000000,'available','21aeeedf-99d1-4018-afa5-c8428271483f','2025-10-20'),(10,2000000,'available','21aeeedf-99d1-4018-afa5-c8428271483f','2025-10-21'),(10,2000000,'available','21aeeedf-99d1-4018-afa5-c8428271483f','2025-10-22'),(10,2000000,'available','21aeeedf-99d1-4018-afa5-c8428271483f','2025-10-23'),(10,2000000,'available','21aeeedf-99d1-4018-afa5-c8428271483f','2025-10-24'),(10,2600000,'available','21aeeedf-99d1-4018-afa5-c8428271483f','2025-10-25'),(10,2600000,'available','21aeeedf-99d1-4018-afa5-c8428271483f','2025-10-26'),(10,2000000,'available','21aeeedf-99d1-4018-afa5-c8428271483f','2025-10-27'),(10,2000000,'available','21aeeedf-99d1-4018-afa5-c8428271483f','2025-10-28'),(10,2000000,'available','21aeeedf-99d1-4018-afa5-c8428271483f','2025-10-29'),(1,2000000,'available','21aeeedf-99d1-4018-afa5-c8428271483f','2025-10-30'),(10,2000000,'available','21aeeedf-99d1-4018-afa5-c8428271483f','2025-10-31'),(10,2600000,'available','21aeeedf-99d1-4018-afa5-c8428271483f','2025-11-01'),(10,2600000,'available','21aeeedf-99d1-4018-afa5-c8428271483f','2025-11-02'),(10,2000000,'available','21aeeedf-99d1-4018-afa5-c8428271483f','2025-11-03'),(10,2000000,'available','21aeeedf-99d1-4018-afa5-c8428271483f','2025-11-04'),(10,2000000,'available','21aeeedf-99d1-4018-afa5-c8428271483f','2025-11-05'),(10,2000000,'available','21aeeedf-99d1-4018-afa5-c8428271483f','2025-11-06'),(10,2000000,'available','21aeeedf-99d1-4018-afa5-c8428271483f','2025-11-07'),(10,2600000,'available','21aeeedf-99d1-4018-afa5-c8428271483f','2025-11-08'),(10,2600000,'available','21aeeedf-99d1-4018-afa5-c8428271483f','2025-11-09'),(10,2000000,'available','21aeeedf-99d1-4018-afa5-c8428271483f','2025-11-10'),(10,1780000,'available','21aeeedf-99d1-4018-afa5-c8428271483f','2025-11-11'),(10,2000000,'available','21aeeedf-99d1-4018-afa5-c8428271483f','2025-11-12'),(10,2000000,'available','21aeeedf-99d1-4018-afa5-c8428271483f','2025-11-13'),(10,2000000,'available','21aeeedf-99d1-4018-afa5-c8428271483f','2025-11-14'),(10,2600000,'available','21aeeedf-99d1-4018-afa5-c8428271483f','2025-11-15'),(10,2600000,'available','21aeeedf-99d1-4018-afa5-c8428271483f','2025-11-16'),(10,2000000,'available','21aeeedf-99d1-4018-afa5-c8428271483f','2025-11-17'),(10,2000000,'available','21aeeedf-99d1-4018-afa5-c8428271483f','2025-11-18'),(10,2000000,'available','21aeeedf-99d1-4018-afa5-c8428271483f','2025-11-19'),(10,1700000,'available','21aeeedf-99d1-4018-afa5-c8428271483f','2025-11-20'),(10,2000000,'available','21aeeedf-99d1-4018-afa5-c8428271483f','2025-11-21'),(10,2600000,'available','21aeeedf-99d1-4018-afa5-c8428271483f','2025-11-22'),(10,2600000,'available','21aeeedf-99d1-4018-afa5-c8428271483f','2025-11-23'),(10,2000000,'available','21aeeedf-99d1-4018-afa5-c8428271483f','2025-11-24'),(10,2000000,'available','21aeeedf-99d1-4018-afa5-c8428271483f','2025-11-25'),(10,2000000,'available','21aeeedf-99d1-4018-afa5-c8428271483f','2025-11-26'),(10,2000000,'available','21aeeedf-99d1-4018-afa5-c8428271483f','2025-11-27'),(10,2000000,'available','21aeeedf-99d1-4018-afa5-c8428271483f','2025-11-28'),(10,2600000,'available','21aeeedf-99d1-4018-afa5-c8428271483f','2025-11-29'),(10,2600000,'available','21aeeedf-99d1-4018-afa5-c8428271483f','2025-11-30'),(10,2000000,'available','21aeeedf-99d1-4018-afa5-c8428271483f','2025-12-01'),(10,2000000,'available','21aeeedf-99d1-4018-afa5-c8428271483f','2025-12-02'),(10,2000000,'available','21aeeedf-99d1-4018-afa5-c8428271483f','2025-12-03'),(10,2000000,'available','21aeeedf-99d1-4018-afa5-c8428271483f','2025-12-04'),(10,2000000,'available','21aeeedf-99d1-4018-afa5-c8428271483f','2025-12-05'),(10,2600000,'available','21aeeedf-99d1-4018-afa5-c8428271483f','2025-12-06'),(10,2600000,'available','21aeeedf-99d1-4018-afa5-c8428271483f','2025-12-07'),(10,2000000,'available','21aeeedf-99d1-4018-afa5-c8428271483f','2025-12-08'),(10,2000000,'available','21aeeedf-99d1-4018-afa5-c8428271483f','2025-12-09'),(10,2000000,'available','21aeeedf-99d1-4018-afa5-c8428271483f','2025-12-10'),(10,2000000,'available','21aeeedf-99d1-4018-afa5-c8428271483f','2025-12-11'),(10,1760000,'available','21aeeedf-99d1-4018-afa5-c8428271483f','2025-12-12'),(10,2600000,'available','21aeeedf-99d1-4018-afa5-c8428271483f','2025-12-13'),(10,2600000,'available','21aeeedf-99d1-4018-afa5-c8428271483f','2025-12-14'),(10,2000000,'available','21aeeedf-99d1-4018-afa5-c8428271483f','2025-12-15'),(10,2000000,'available','21aeeedf-99d1-4018-afa5-c8428271483f','2025-12-16'),(10,2000000,'available','21aeeedf-99d1-4018-afa5-c8428271483f','2025-12-17'),(10,2000000,'available','21aeeedf-99d1-4018-afa5-c8428271483f','2025-12-18'),(10,2000000,'available','21aeeedf-99d1-4018-afa5-c8428271483f','2025-12-19'),(10,2600000,'available','21aeeedf-99d1-4018-afa5-c8428271483f','2025-12-20'),(10,2600000,'available','21aeeedf-99d1-4018-afa5-c8428271483f','2025-12-21'),(10,2000000,'available','21aeeedf-99d1-4018-afa5-c8428271483f','2025-12-22'),(10,2000000,'available','21aeeedf-99d1-4018-afa5-c8428271483f','2025-12-23'),(10,2000000,'available','21aeeedf-99d1-4018-afa5-c8428271483f','2025-12-24'),(10,1500000,'available','21aeeedf-99d1-4018-afa5-c8428271483f','2025-12-25'),(10,2000000,'available','21aeeedf-99d1-4018-afa5-c8428271483f','2025-12-26'),(10,2600000,'available','21aeeedf-99d1-4018-afa5-c8428271483f','2025-12-27'),(10,2600000,'available','21aeeedf-99d1-4018-afa5-c8428271483f','2025-12-28'),(10,2000000,'available','21aeeedf-99d1-4018-afa5-c8428271483f','2025-12-29'),(10,2000000,'available','21aeeedf-99d1-4018-afa5-c8428271483f','2025-12-30'),(10,2000000,'available','21aeeedf-99d1-4018-afa5-c8428271483f','2025-12-31'),(10,2000000,'available','21aeeedf-99d1-4018-afa5-c8428271483f','2026-01-01'),(10,2000000,'available','21aeeedf-99d1-4018-afa5-c8428271483f','2026-01-02'),(10,2600000,'available','21aeeedf-99d1-4018-afa5-c8428271483f','2026-01-03'),(10,2600000,'available','21aeeedf-99d1-4018-afa5-c8428271483f','2026-01-04'),(10,2000000,'available','21aeeedf-99d1-4018-afa5-c8428271483f','2026-01-05'),(10,1600000,'available','23ad4e76-8522-422b-b603-525993aec195','2025-10-08'),(10,1600000,'available','23ad4e76-8522-422b-b603-525993aec195','2025-10-09'),(10,1600000,'available','23ad4e76-8522-422b-b603-525993aec195','2025-10-10'),(10,1600000,'available','23ad4e76-8522-422b-b603-525993aec195','2025-10-11'),(10,1600000,'available','23ad4e76-8522-422b-b603-525993aec195','2025-10-12'),(10,1600000,'available','23ad4e76-8522-422b-b603-525993aec195','2025-10-13'),(10,1600000,'available','23ad4e76-8522-422b-b603-525993aec195','2025-10-14'),(10,1600000,'available','23ad4e76-8522-422b-b603-525993aec195','2025-10-15'),(10,1600000,'available','23ad4e76-8522-422b-b603-525993aec195','2025-10-16'),(10,1600000,'available','23ad4e76-8522-422b-b603-525993aec195','2025-10-17'),(10,1600000,'available','23ad4e76-8522-422b-b603-525993aec195','2025-10-18'),(10,1600000,'available','23ad4e76-8522-422b-b603-525993aec195','2025-10-19'),(10,1600000,'available','23ad4e76-8522-422b-b603-525993aec195','2025-10-20'),(10,1600000,'available','23ad4e76-8522-422b-b603-525993aec195','2025-10-21'),(10,1600000,'available','23ad4e76-8522-422b-b603-525993aec195','2025-10-22'),(10,1600000,'available','23ad4e76-8522-422b-b603-525993aec195','2025-10-23'),(10,1600000,'available','23ad4e76-8522-422b-b603-525993aec195','2025-10-24'),(10,2080000,'available','23ad4e76-8522-422b-b603-525993aec195','2025-10-25'),(10,2080000,'available','23ad4e76-8522-422b-b603-525993aec195','2025-10-26'),(10,1600000,'available','23ad4e76-8522-422b-b603-525993aec195','2025-10-27'),(10,1600000,'available','23ad4e76-8522-422b-b603-525993aec195','2025-10-28'),(10,1600000,'available','23ad4e76-8522-422b-b603-525993aec195','2025-10-29'),(10,1600000,'available','23ad4e76-8522-422b-b603-525993aec195','2025-10-30'),(10,1600000,'available','23ad4e76-8522-422b-b603-525993aec195','2025-10-31'),(10,2080000,'available','23ad4e76-8522-422b-b603-525993aec195','2025-11-01'),(10,2080000,'available','23ad4e76-8522-422b-b603-525993aec195','2025-11-02'),(10,1600000,'available','23ad4e76-8522-422b-b603-525993aec195','2025-11-03'),(10,1600000,'available','23ad4e76-8522-422b-b603-525993aec195','2025-11-04'),(10,1600000,'available','23ad4e76-8522-422b-b603-525993aec195','2025-11-05'),(10,1600000,'available','23ad4e76-8522-422b-b603-525993aec195','2025-11-06'),(10,1600000,'available','23ad4e76-8522-422b-b603-525993aec195','2025-11-07'),(10,2080000,'available','23ad4e76-8522-422b-b603-525993aec195','2025-11-08'),(10,2080000,'available','23ad4e76-8522-422b-b603-525993aec195','2025-11-09'),(10,1600000,'available','23ad4e76-8522-422b-b603-525993aec195','2025-11-10'),(10,1424000,'available','23ad4e76-8522-422b-b603-525993aec195','2025-11-11'),(10,1600000,'available','23ad4e76-8522-422b-b603-525993aec195','2025-11-12'),(10,1600000,'available','23ad4e76-8522-422b-b603-525993aec195','2025-11-13'),(10,1600000,'available','23ad4e76-8522-422b-b603-525993aec195','2025-11-14'),(10,2080000,'available','23ad4e76-8522-422b-b603-525993aec195','2025-11-15'),(10,2080000,'available','23ad4e76-8522-422b-b603-525993aec195','2025-11-16'),(10,1600000,'available','23ad4e76-8522-422b-b603-525993aec195','2025-11-17'),(10,1600000,'available','23ad4e76-8522-422b-b603-525993aec195','2025-11-18'),(10,1600000,'available','23ad4e76-8522-422b-b603-525993aec195','2025-11-19'),(10,1360000,'available','23ad4e76-8522-422b-b603-525993aec195','2025-11-20'),(10,1600000,'available','23ad4e76-8522-422b-b603-525993aec195','2025-11-21'),(10,2080000,'available','23ad4e76-8522-422b-b603-525993aec195','2025-11-22'),(10,2080000,'available','23ad4e76-8522-422b-b603-525993aec195','2025-11-23'),(10,1600000,'available','23ad4e76-8522-422b-b603-525993aec195','2025-11-24'),(10,1600000,'available','23ad4e76-8522-422b-b603-525993aec195','2025-11-25'),(10,1600000,'available','23ad4e76-8522-422b-b603-525993aec195','2025-11-26'),(10,1600000,'available','23ad4e76-8522-422b-b603-525993aec195','2025-11-27'),(10,1600000,'available','23ad4e76-8522-422b-b603-525993aec195','2025-11-28'),(10,2080000,'available','23ad4e76-8522-422b-b603-525993aec195','2025-11-29'),(10,2080000,'available','23ad4e76-8522-422b-b603-525993aec195','2025-11-30'),(10,1600000,'available','23ad4e76-8522-422b-b603-525993aec195','2025-12-01'),(10,1600000,'available','23ad4e76-8522-422b-b603-525993aec195','2025-12-02'),(10,1600000,'available','23ad4e76-8522-422b-b603-525993aec195','2025-12-03'),(10,1600000,'available','23ad4e76-8522-422b-b603-525993aec195','2025-12-04'),(10,1600000,'available','23ad4e76-8522-422b-b603-525993aec195','2025-12-05'),(10,2080000,'available','23ad4e76-8522-422b-b603-525993aec195','2025-12-06'),(10,2080000,'available','23ad4e76-8522-422b-b603-525993aec195','2025-12-07'),(10,1600000,'available','23ad4e76-8522-422b-b603-525993aec195','2025-12-08'),(10,1600000,'available','23ad4e76-8522-422b-b603-525993aec195','2025-12-09'),(10,1600000,'available','23ad4e76-8522-422b-b603-525993aec195','2025-12-10'),(10,1600000,'available','23ad4e76-8522-422b-b603-525993aec195','2025-12-11'),(10,1408000,'available','23ad4e76-8522-422b-b603-525993aec195','2025-12-12'),(10,2080000,'available','23ad4e76-8522-422b-b603-525993aec195','2025-12-13'),(10,2080000,'available','23ad4e76-8522-422b-b603-525993aec195','2025-12-14'),(10,1600000,'available','23ad4e76-8522-422b-b603-525993aec195','2025-12-15'),(10,1600000,'available','23ad4e76-8522-422b-b603-525993aec195','2025-12-16'),(10,1600000,'available','23ad4e76-8522-422b-b603-525993aec195','2025-12-17'),(10,1600000,'available','23ad4e76-8522-422b-b603-525993aec195','2025-12-18'),(10,1600000,'available','23ad4e76-8522-422b-b603-525993aec195','2025-12-19'),(10,2080000,'available','23ad4e76-8522-422b-b603-525993aec195','2025-12-20'),(10,2080000,'available','23ad4e76-8522-422b-b603-525993aec195','2025-12-21'),(10,1600000,'available','23ad4e76-8522-422b-b603-525993aec195','2025-12-22'),(10,1600000,'available','23ad4e76-8522-422b-b603-525993aec195','2025-12-23'),(10,1600000,'available','23ad4e76-8522-422b-b603-525993aec195','2025-12-24'),(10,1200000,'available','23ad4e76-8522-422b-b603-525993aec195','2025-12-25'),(10,1600000,'available','23ad4e76-8522-422b-b603-525993aec195','2025-12-26'),(10,2080000,'available','23ad4e76-8522-422b-b603-525993aec195','2025-12-27'),(10,2080000,'available','23ad4e76-8522-422b-b603-525993aec195','2025-12-28'),(10,1600000,'available','23ad4e76-8522-422b-b603-525993aec195','2025-12-29'),(10,1600000,'available','23ad4e76-8522-422b-b603-525993aec195','2025-12-30'),(10,1600000,'available','23ad4e76-8522-422b-b603-525993aec195','2025-12-31'),(10,1600000,'available','23ad4e76-8522-422b-b603-525993aec195','2026-01-01'),(10,1600000,'available','23ad4e76-8522-422b-b603-525993aec195','2026-01-02'),(10,2080000,'available','23ad4e76-8522-422b-b603-525993aec195','2026-01-03'),(10,2080000,'available','23ad4e76-8522-422b-b603-525993aec195','2026-01-04'),(10,1600000,'available','23ad4e76-8522-422b-b603-525993aec195','2026-01-05'),(10,2500000,'available','26d394c2-d502-4bc5-8578-4953e2cb410a','2025-10-08'),(10,2500000,'available','26d394c2-d502-4bc5-8578-4953e2cb410a','2025-10-09'),(10,2500000,'available','26d394c2-d502-4bc5-8578-4953e2cb410a','2025-10-10'),(10,2500000,'available','26d394c2-d502-4bc5-8578-4953e2cb410a','2025-10-11'),(10,2500000,'available','26d394c2-d502-4bc5-8578-4953e2cb410a','2025-10-12'),(10,2500000,'available','26d394c2-d502-4bc5-8578-4953e2cb410a','2025-10-13'),(10,2500000,'available','26d394c2-d502-4bc5-8578-4953e2cb410a','2025-10-14'),(10,2500000,'available','26d394c2-d502-4bc5-8578-4953e2cb410a','2025-10-15'),(10,2500000,'available','26d394c2-d502-4bc5-8578-4953e2cb410a','2025-10-16'),(10,2500000,'available','26d394c2-d502-4bc5-8578-4953e2cb410a','2025-10-17'),(10,2500000,'available','26d394c2-d502-4bc5-8578-4953e2cb410a','2025-10-18'),(10,2500000,'available','26d394c2-d502-4bc5-8578-4953e2cb410a','2025-10-19'),(10,2500000,'available','26d394c2-d502-4bc5-8578-4953e2cb410a','2025-10-20'),(10,2500000,'available','26d394c2-d502-4bc5-8578-4953e2cb410a','2025-10-21'),(10,2500000,'available','26d394c2-d502-4bc5-8578-4953e2cb410a','2025-10-22'),(10,2500000,'available','26d394c2-d502-4bc5-8578-4953e2cb410a','2025-10-23'),(10,2500000,'available','26d394c2-d502-4bc5-8578-4953e2cb410a','2025-10-24'),(10,3250000,'available','26d394c2-d502-4bc5-8578-4953e2cb410a','2025-10-25'),(10,3250000,'available','26d394c2-d502-4bc5-8578-4953e2cb410a','2025-10-26'),(10,2500000,'available','26d394c2-d502-4bc5-8578-4953e2cb410a','2025-10-27'),(10,2500000,'available','26d394c2-d502-4bc5-8578-4953e2cb410a','2025-10-28'),(10,2500000,'available','26d394c2-d502-4bc5-8578-4953e2cb410a','2025-10-29'),(10,2500000,'available','26d394c2-d502-4bc5-8578-4953e2cb410a','2025-10-30'),(10,2500000,'available','26d394c2-d502-4bc5-8578-4953e2cb410a','2025-10-31'),(10,3250000,'available','26d394c2-d502-4bc5-8578-4953e2cb410a','2025-11-01'),(10,3250000,'available','26d394c2-d502-4bc5-8578-4953e2cb410a','2025-11-02'),(10,2500000,'available','26d394c2-d502-4bc5-8578-4953e2cb410a','2025-11-03'),(10,2500000,'available','26d394c2-d502-4bc5-8578-4953e2cb410a','2025-11-04'),(10,2500000,'available','26d394c2-d502-4bc5-8578-4953e2cb410a','2025-11-05'),(10,2500000,'available','26d394c2-d502-4bc5-8578-4953e2cb410a','2025-11-06'),(10,2500000,'available','26d394c2-d502-4bc5-8578-4953e2cb410a','2025-11-07'),(10,3250000,'available','26d394c2-d502-4bc5-8578-4953e2cb410a','2025-11-08'),(10,3250000,'available','26d394c2-d502-4bc5-8578-4953e2cb410a','2025-11-09'),(6,2500000,'available','26d394c2-d502-4bc5-8578-4953e2cb410a','2025-11-10'),(6,2225000,'available','26d394c2-d502-4bc5-8578-4953e2cb410a','2025-11-11'),(10,2500000,'available','26d394c2-d502-4bc5-8578-4953e2cb410a','2025-11-12'),(10,2500000,'available','26d394c2-d502-4bc5-8578-4953e2cb410a','2025-11-13'),(10,2500000,'available','26d394c2-d502-4bc5-8578-4953e2cb410a','2025-11-14'),(10,3250000,'available','26d394c2-d502-4bc5-8578-4953e2cb410a','2025-11-15'),(10,3250000,'available','26d394c2-d502-4bc5-8578-4953e2cb410a','2025-11-16'),(10,2500000,'available','26d394c2-d502-4bc5-8578-4953e2cb410a','2025-11-17'),(10,2500000,'available','26d394c2-d502-4bc5-8578-4953e2cb410a','2025-11-18'),(10,2500000,'available','26d394c2-d502-4bc5-8578-4953e2cb410a','2025-11-19'),(10,2125000,'available','26d394c2-d502-4bc5-8578-4953e2cb410a','2025-11-20'),(10,2500000,'available','26d394c2-d502-4bc5-8578-4953e2cb410a','2025-11-21'),(10,3250000,'available','26d394c2-d502-4bc5-8578-4953e2cb410a','2025-11-22'),(10,3250000,'available','26d394c2-d502-4bc5-8578-4953e2cb410a','2025-11-23'),(10,2500000,'available','26d394c2-d502-4bc5-8578-4953e2cb410a','2025-11-24'),(10,2500000,'available','26d394c2-d502-4bc5-8578-4953e2cb410a','2025-11-25'),(10,2500000,'available','26d394c2-d502-4bc5-8578-4953e2cb410a','2025-11-26'),(10,2500000,'available','26d394c2-d502-4bc5-8578-4953e2cb410a','2025-11-27'),(10,2500000,'available','26d394c2-d502-4bc5-8578-4953e2cb410a','2025-11-28'),(10,3250000,'available','26d394c2-d502-4bc5-8578-4953e2cb410a','2025-11-29'),(10,3250000,'available','26d394c2-d502-4bc5-8578-4953e2cb410a','2025-11-30'),(10,2500000,'available','26d394c2-d502-4bc5-8578-4953e2cb410a','2025-12-01'),(10,2500000,'available','26d394c2-d502-4bc5-8578-4953e2cb410a','2025-12-02'),(10,2500000,'available','26d394c2-d502-4bc5-8578-4953e2cb410a','2025-12-03'),(10,2500000,'available','26d394c2-d502-4bc5-8578-4953e2cb410a','2025-12-04'),(10,2500000,'available','26d394c2-d502-4bc5-8578-4953e2cb410a','2025-12-05'),(10,3250000,'available','26d394c2-d502-4bc5-8578-4953e2cb410a','2025-12-06'),(10,3250000,'available','26d394c2-d502-4bc5-8578-4953e2cb410a','2025-12-07'),(10,2500000,'available','26d394c2-d502-4bc5-8578-4953e2cb410a','2025-12-08'),(10,2500000,'available','26d394c2-d502-4bc5-8578-4953e2cb410a','2025-12-09'),(10,2500000,'available','26d394c2-d502-4bc5-8578-4953e2cb410a','2025-12-10'),(10,2500000,'available','26d394c2-d502-4bc5-8578-4953e2cb410a','2025-12-11'),(10,2200000,'available','26d394c2-d502-4bc5-8578-4953e2cb410a','2025-12-12'),(10,3250000,'available','26d394c2-d502-4bc5-8578-4953e2cb410a','2025-12-13'),(10,3250000,'available','26d394c2-d502-4bc5-8578-4953e2cb410a','2025-12-14'),(10,2500000,'available','26d394c2-d502-4bc5-8578-4953e2cb410a','2025-12-15'),(10,2500000,'available','26d394c2-d502-4bc5-8578-4953e2cb410a','2025-12-16'),(10,2500000,'available','26d394c2-d502-4bc5-8578-4953e2cb410a','2025-12-17'),(10,2500000,'available','26d394c2-d502-4bc5-8578-4953e2cb410a','2025-12-18'),(10,2500000,'available','26d394c2-d502-4bc5-8578-4953e2cb410a','2025-12-19'),(10,3250000,'available','26d394c2-d502-4bc5-8578-4953e2cb410a','2025-12-20'),(10,3250000,'available','26d394c2-d502-4bc5-8578-4953e2cb410a','2025-12-21'),(10,2500000,'available','26d394c2-d502-4bc5-8578-4953e2cb410a','2025-12-22'),(10,2500000,'available','26d394c2-d502-4bc5-8578-4953e2cb410a','2025-12-23'),(10,2500000,'available','26d394c2-d502-4bc5-8578-4953e2cb410a','2025-12-24'),(10,1875000,'available','26d394c2-d502-4bc5-8578-4953e2cb410a','2025-12-25'),(10,2500000,'available','26d394c2-d502-4bc5-8578-4953e2cb410a','2025-12-26'),(10,3250000,'available','26d394c2-d502-4bc5-8578-4953e2cb410a','2025-12-27'),(10,3250000,'available','26d394c2-d502-4bc5-8578-4953e2cb410a','2025-12-28'),(10,2500000,'available','26d394c2-d502-4bc5-8578-4953e2cb410a','2025-12-29'),(10,2500000,'available','26d394c2-d502-4bc5-8578-4953e2cb410a','2025-12-30'),(10,2500000,'available','26d394c2-d502-4bc5-8578-4953e2cb410a','2025-12-31'),(10,2500000,'available','26d394c2-d502-4bc5-8578-4953e2cb410a','2026-01-01'),(10,2500000,'available','26d394c2-d502-4bc5-8578-4953e2cb410a','2026-01-02'),(10,3250000,'available','26d394c2-d502-4bc5-8578-4953e2cb410a','2026-01-03'),(10,3250000,'available','26d394c2-d502-4bc5-8578-4953e2cb410a','2026-01-04'),(10,2500000,'available','26d394c2-d502-4bc5-8578-4953e2cb410a','2026-01-05'),(10,750000,'available','2d708a42-898b-4866-8c78-f203db0949ca','2025-10-10'),(10,750000,'available','2d708a42-898b-4866-8c78-f203db0949ca','2025-10-11'),(10,750000,'available','2d708a42-898b-4866-8c78-f203db0949ca','2025-10-12'),(10,750000,'available','2d708a42-898b-4866-8c78-f203db0949ca','2025-10-13'),(10,750000,'available','2d708a42-898b-4866-8c78-f203db0949ca','2025-10-14'),(10,750000,'available','2d708a42-898b-4866-8c78-f203db0949ca','2025-10-15'),(10,750000,'available','2d708a42-898b-4866-8c78-f203db0949ca','2025-10-16'),(10,750000,'available','2d708a42-898b-4866-8c78-f203db0949ca','2025-10-17'),(10,750000,'available','2d708a42-898b-4866-8c78-f203db0949ca','2025-10-18'),(10,750000,'available','2d708a42-898b-4866-8c78-f203db0949ca','2025-10-19'),(10,750000,'available','2d708a42-898b-4866-8c78-f203db0949ca','2025-10-20'),(10,750000,'available','2d708a42-898b-4866-8c78-f203db0949ca','2025-10-21'),(10,750000,'available','2d708a42-898b-4866-8c78-f203db0949ca','2025-10-22'),(10,750000,'available','2d708a42-898b-4866-8c78-f203db0949ca','2025-10-23'),(10,750000,'available','2d708a42-898b-4866-8c78-f203db0949ca','2025-10-24'),(10,975000,'available','2d708a42-898b-4866-8c78-f203db0949ca','2025-10-25'),(10,975000,'available','2d708a42-898b-4866-8c78-f203db0949ca','2025-10-26'),(10,750000,'available','2d708a42-898b-4866-8c78-f203db0949ca','2025-10-27'),(10,750000,'available','2d708a42-898b-4866-8c78-f203db0949ca','2025-10-28'),(10,750000,'available','2d708a42-898b-4866-8c78-f203db0949ca','2025-10-29'),(10,750000,'available','2d708a42-898b-4866-8c78-f203db0949ca','2025-10-30'),(10,750000,'available','2d708a42-898b-4866-8c78-f203db0949ca','2025-10-31'),(10,975000,'available','2d708a42-898b-4866-8c78-f203db0949ca','2025-11-01'),(10,975000,'available','2d708a42-898b-4866-8c78-f203db0949ca','2025-11-02'),(10,750000,'available','2d708a42-898b-4866-8c78-f203db0949ca','2025-11-03'),(10,750000,'available','2d708a42-898b-4866-8c78-f203db0949ca','2025-11-04'),(10,750000,'available','2d708a42-898b-4866-8c78-f203db0949ca','2025-11-05'),(10,750000,'available','2d708a42-898b-4866-8c78-f203db0949ca','2025-11-06'),(10,750000,'available','2d708a42-898b-4866-8c78-f203db0949ca','2025-11-07'),(10,975000,'available','2d708a42-898b-4866-8c78-f203db0949ca','2025-11-08'),(10,975000,'available','2d708a42-898b-4866-8c78-f203db0949ca','2025-11-09'),(10,750000,'available','2d708a42-898b-4866-8c78-f203db0949ca','2025-11-10'),(10,667500,'available','2d708a42-898b-4866-8c78-f203db0949ca','2025-11-11'),(10,750000,'available','2d708a42-898b-4866-8c78-f203db0949ca','2025-11-12'),(10,750000,'available','2d708a42-898b-4866-8c78-f203db0949ca','2025-11-13'),(10,750000,'available','2d708a42-898b-4866-8c78-f203db0949ca','2025-11-14'),(8,975000,'available','2d708a42-898b-4866-8c78-f203db0949ca','2025-11-15'),(8,975000,'available','2d708a42-898b-4866-8c78-f203db0949ca','2025-11-16'),(10,750000,'available','2d708a42-898b-4866-8c78-f203db0949ca','2025-11-17'),(10,750000,'available','2d708a42-898b-4866-8c78-f203db0949ca','2025-11-18'),(10,750000,'available','2d708a42-898b-4866-8c78-f203db0949ca','2025-11-19'),(10,637500,'available','2d708a42-898b-4866-8c78-f203db0949ca','2025-11-20'),(10,750000,'available','2d708a42-898b-4866-8c78-f203db0949ca','2025-11-21'),(10,975000,'available','2d708a42-898b-4866-8c78-f203db0949ca','2025-11-22'),(10,975000,'available','2d708a42-898b-4866-8c78-f203db0949ca','2025-11-23'),(10,750000,'available','2d708a42-898b-4866-8c78-f203db0949ca','2025-11-24'),(10,750000,'available','2d708a42-898b-4866-8c78-f203db0949ca','2025-11-25'),(10,750000,'available','2d708a42-898b-4866-8c78-f203db0949ca','2025-11-26'),(10,750000,'available','2d708a42-898b-4866-8c78-f203db0949ca','2025-11-27'),(10,750000,'available','2d708a42-898b-4866-8c78-f203db0949ca','2025-11-28'),(10,975000,'available','2d708a42-898b-4866-8c78-f203db0949ca','2025-11-29'),(10,975000,'available','2d708a42-898b-4866-8c78-f203db0949ca','2025-11-30'),(8,750000,'available','2d708a42-898b-4866-8c78-f203db0949ca','2025-12-01'),(8,750000,'available','2d708a42-898b-4866-8c78-f203db0949ca','2025-12-02'),(10,750000,'available','2d708a42-898b-4866-8c78-f203db0949ca','2025-12-03'),(10,750000,'available','2d708a42-898b-4866-8c78-f203db0949ca','2025-12-04'),(10,750000,'available','2d708a42-898b-4866-8c78-f203db0949ca','2025-12-05'),(10,975000,'available','2d708a42-898b-4866-8c78-f203db0949ca','2025-12-06'),(10,975000,'available','2d708a42-898b-4866-8c78-f203db0949ca','2025-12-07'),(10,750000,'available','2d708a42-898b-4866-8c78-f203db0949ca','2025-12-08'),(10,750000,'available','2d708a42-898b-4866-8c78-f203db0949ca','2025-12-09'),(10,750000,'available','2d708a42-898b-4866-8c78-f203db0949ca','2025-12-10'),(10,750000,'available','2d708a42-898b-4866-8c78-f203db0949ca','2025-12-11'),(10,660000,'available','2d708a42-898b-4866-8c78-f203db0949ca','2025-12-12'),(10,975000,'available','2d708a42-898b-4866-8c78-f203db0949ca','2025-12-13'),(10,975000,'available','2d708a42-898b-4866-8c78-f203db0949ca','2025-12-14'),(10,750000,'available','2d708a42-898b-4866-8c78-f203db0949ca','2025-12-15'),(10,750000,'available','2d708a42-898b-4866-8c78-f203db0949ca','2025-12-16'),(10,750000,'available','2d708a42-898b-4866-8c78-f203db0949ca','2025-12-17'),(10,750000,'available','2d708a42-898b-4866-8c78-f203db0949ca','2025-12-18'),(10,750000,'available','2d708a42-898b-4866-8c78-f203db0949ca','2025-12-19'),(10,975000,'available','2d708a42-898b-4866-8c78-f203db0949ca','2025-12-20'),(10,975000,'available','2d708a42-898b-4866-8c78-f203db0949ca','2025-12-21'),(10,750000,'available','2d708a42-898b-4866-8c78-f203db0949ca','2025-12-22'),(10,750000,'available','2d708a42-898b-4866-8c78-f203db0949ca','2025-12-23'),(10,750000,'available','2d708a42-898b-4866-8c78-f203db0949ca','2025-12-24'),(10,562500,'available','2d708a42-898b-4866-8c78-f203db0949ca','2025-12-25'),(10,750000,'available','2d708a42-898b-4866-8c78-f203db0949ca','2025-12-26'),(10,975000,'available','2d708a42-898b-4866-8c78-f203db0949ca','2025-12-27'),(10,975000,'available','2d708a42-898b-4866-8c78-f203db0949ca','2025-12-28'),(10,750000,'available','2d708a42-898b-4866-8c78-f203db0949ca','2025-12-29'),(10,750000,'available','2d708a42-898b-4866-8c78-f203db0949ca','2025-12-30'),(10,750000,'available','2d708a42-898b-4866-8c78-f203db0949ca','2025-12-31'),(10,750000,'available','2d708a42-898b-4866-8c78-f203db0949ca','2026-01-01'),(10,750000,'available','2d708a42-898b-4866-8c78-f203db0949ca','2026-01-02'),(10,975000,'available','2d708a42-898b-4866-8c78-f203db0949ca','2026-01-03'),(10,975000,'available','2d708a42-898b-4866-8c78-f203db0949ca','2026-01-04'),(10,750000,'available','2d708a42-898b-4866-8c78-f203db0949ca','2026-01-05'),(10,750000,'available','2d708a42-898b-4866-8c78-f203db0949ca','2026-01-06'),(10,750000,'available','2d708a42-898b-4866-8c78-f203db0949ca','2026-01-07'),(10,1700000,'available','35a7a8a0-b3b8-4e86-a36a-95edf12bba67','2025-10-08'),(10,1700000,'available','35a7a8a0-b3b8-4e86-a36a-95edf12bba67','2025-10-09'),(10,1700000,'available','35a7a8a0-b3b8-4e86-a36a-95edf12bba67','2025-10-10'),(10,1700000,'available','35a7a8a0-b3b8-4e86-a36a-95edf12bba67','2025-10-11'),(10,1700000,'available','35a7a8a0-b3b8-4e86-a36a-95edf12bba67','2025-10-12'),(10,1700000,'available','35a7a8a0-b3b8-4e86-a36a-95edf12bba67','2025-10-13'),(10,1700000,'available','35a7a8a0-b3b8-4e86-a36a-95edf12bba67','2025-10-14'),(10,1700000,'available','35a7a8a0-b3b8-4e86-a36a-95edf12bba67','2025-10-15'),(10,1700000,'available','35a7a8a0-b3b8-4e86-a36a-95edf12bba67','2025-10-16'),(10,1700000,'available','35a7a8a0-b3b8-4e86-a36a-95edf12bba67','2025-10-17'),(10,1700000,'available','35a7a8a0-b3b8-4e86-a36a-95edf12bba67','2025-10-18'),(10,1700000,'available','35a7a8a0-b3b8-4e86-a36a-95edf12bba67','2025-10-19'),(10,1700000,'available','35a7a8a0-b3b8-4e86-a36a-95edf12bba67','2025-10-20'),(10,1700000,'available','35a7a8a0-b3b8-4e86-a36a-95edf12bba67','2025-10-21'),(10,1700000,'available','35a7a8a0-b3b8-4e86-a36a-95edf12bba67','2025-10-22'),(10,1700000,'available','35a7a8a0-b3b8-4e86-a36a-95edf12bba67','2025-10-23'),(10,1700000,'available','35a7a8a0-b3b8-4e86-a36a-95edf12bba67','2025-10-24'),(10,2210000,'available','35a7a8a0-b3b8-4e86-a36a-95edf12bba67','2025-10-25'),(10,2210000,'available','35a7a8a0-b3b8-4e86-a36a-95edf12bba67','2025-10-26'),(10,1700000,'available','35a7a8a0-b3b8-4e86-a36a-95edf12bba67','2025-10-27'),(10,1700000,'available','35a7a8a0-b3b8-4e86-a36a-95edf12bba67','2025-10-28'),(10,1700000,'available','35a7a8a0-b3b8-4e86-a36a-95edf12bba67','2025-10-29'),(10,1700000,'available','35a7a8a0-b3b8-4e86-a36a-95edf12bba67','2025-10-30'),(10,1700000,'available','35a7a8a0-b3b8-4e86-a36a-95edf12bba67','2025-10-31'),(10,2210000,'available','35a7a8a0-b3b8-4e86-a36a-95edf12bba67','2025-11-01'),(10,2210000,'available','35a7a8a0-b3b8-4e86-a36a-95edf12bba67','2025-11-02'),(10,1700000,'available','35a7a8a0-b3b8-4e86-a36a-95edf12bba67','2025-11-03'),(10,1700000,'available','35a7a8a0-b3b8-4e86-a36a-95edf12bba67','2025-11-04'),(10,1700000,'available','35a7a8a0-b3b8-4e86-a36a-95edf12bba67','2025-11-05'),(10,1700000,'available','35a7a8a0-b3b8-4e86-a36a-95edf12bba67','2025-11-06'),(10,1700000,'available','35a7a8a0-b3b8-4e86-a36a-95edf12bba67','2025-11-07'),(10,2210000,'available','35a7a8a0-b3b8-4e86-a36a-95edf12bba67','2025-11-08'),(9,2210000,'available','35a7a8a0-b3b8-4e86-a36a-95edf12bba67','2025-11-09'),(10,1700000,'available','35a7a8a0-b3b8-4e86-a36a-95edf12bba67','2025-11-10'),(10,1513000,'available','35a7a8a0-b3b8-4e86-a36a-95edf12bba67','2025-11-11'),(10,1700000,'available','35a7a8a0-b3b8-4e86-a36a-95edf12bba67','2025-11-12'),(10,1700000,'available','35a7a8a0-b3b8-4e86-a36a-95edf12bba67','2025-11-13'),(10,1700000,'available','35a7a8a0-b3b8-4e86-a36a-95edf12bba67','2025-11-14'),(10,2210000,'available','35a7a8a0-b3b8-4e86-a36a-95edf12bba67','2025-11-15'),(10,2210000,'available','35a7a8a0-b3b8-4e86-a36a-95edf12bba67','2025-11-16'),(10,1700000,'available','35a7a8a0-b3b8-4e86-a36a-95edf12bba67','2025-11-17'),(10,1700000,'available','35a7a8a0-b3b8-4e86-a36a-95edf12bba67','2025-11-18'),(10,1700000,'available','35a7a8a0-b3b8-4e86-a36a-95edf12bba67','2025-11-19'),(9,1445000,'available','35a7a8a0-b3b8-4e86-a36a-95edf12bba67','2025-11-20'),(10,1700000,'available','35a7a8a0-b3b8-4e86-a36a-95edf12bba67','2025-11-21'),(10,2210000,'available','35a7a8a0-b3b8-4e86-a36a-95edf12bba67','2025-11-22'),(10,2210000,'available','35a7a8a0-b3b8-4e86-a36a-95edf12bba67','2025-11-23'),(10,1700000,'available','35a7a8a0-b3b8-4e86-a36a-95edf12bba67','2025-11-24'),(10,1700000,'available','35a7a8a0-b3b8-4e86-a36a-95edf12bba67','2025-11-25'),(10,1700000,'available','35a7a8a0-b3b8-4e86-a36a-95edf12bba67','2025-11-26'),(10,1700000,'available','35a7a8a0-b3b8-4e86-a36a-95edf12bba67','2025-11-27'),(10,1700000,'available','35a7a8a0-b3b8-4e86-a36a-95edf12bba67','2025-11-28'),(10,2210000,'available','35a7a8a0-b3b8-4e86-a36a-95edf12bba67','2025-11-29'),(10,2210000,'available','35a7a8a0-b3b8-4e86-a36a-95edf12bba67','2025-11-30'),(10,1700000,'available','35a7a8a0-b3b8-4e86-a36a-95edf12bba67','2025-12-01'),(10,1700000,'available','35a7a8a0-b3b8-4e86-a36a-95edf12bba67','2025-12-02'),(10,1700000,'available','35a7a8a0-b3b8-4e86-a36a-95edf12bba67','2025-12-03'),(10,1700000,'available','35a7a8a0-b3b8-4e86-a36a-95edf12bba67','2025-12-04'),(10,1700000,'available','35a7a8a0-b3b8-4e86-a36a-95edf12bba67','2025-12-05'),(10,2210000,'available','35a7a8a0-b3b8-4e86-a36a-95edf12bba67','2025-12-06'),(10,2210000,'available','35a7a8a0-b3b8-4e86-a36a-95edf12bba67','2025-12-07'),(10,1700000,'available','35a7a8a0-b3b8-4e86-a36a-95edf12bba67','2025-12-08'),(10,1700000,'available','35a7a8a0-b3b8-4e86-a36a-95edf12bba67','2025-12-09'),(10,1700000,'available','35a7a8a0-b3b8-4e86-a36a-95edf12bba67','2025-12-10'),(10,1700000,'available','35a7a8a0-b3b8-4e86-a36a-95edf12bba67','2025-12-11'),(10,1496000,'available','35a7a8a0-b3b8-4e86-a36a-95edf12bba67','2025-12-12'),(10,2210000,'available','35a7a8a0-b3b8-4e86-a36a-95edf12bba67','2025-12-13'),(10,2210000,'available','35a7a8a0-b3b8-4e86-a36a-95edf12bba67','2025-12-14'),(10,1700000,'available','35a7a8a0-b3b8-4e86-a36a-95edf12bba67','2025-12-15'),(10,1700000,'available','35a7a8a0-b3b8-4e86-a36a-95edf12bba67','2025-12-16'),(10,1700000,'available','35a7a8a0-b3b8-4e86-a36a-95edf12bba67','2025-12-17'),(10,1700000,'available','35a7a8a0-b3b8-4e86-a36a-95edf12bba67','2025-12-18'),(10,1700000,'available','35a7a8a0-b3b8-4e86-a36a-95edf12bba67','2025-12-19'),(10,2210000,'available','35a7a8a0-b3b8-4e86-a36a-95edf12bba67','2025-12-20'),(10,2210000,'available','35a7a8a0-b3b8-4e86-a36a-95edf12bba67','2025-12-21'),(10,1700000,'available','35a7a8a0-b3b8-4e86-a36a-95edf12bba67','2025-12-22'),(10,1700000,'available','35a7a8a0-b3b8-4e86-a36a-95edf12bba67','2025-12-23'),(10,1700000,'available','35a7a8a0-b3b8-4e86-a36a-95edf12bba67','2025-12-24'),(10,1275000,'available','35a7a8a0-b3b8-4e86-a36a-95edf12bba67','2025-12-25'),(10,1700000,'available','35a7a8a0-b3b8-4e86-a36a-95edf12bba67','2025-12-26'),(10,2210000,'available','35a7a8a0-b3b8-4e86-a36a-95edf12bba67','2025-12-27'),(10,2210000,'available','35a7a8a0-b3b8-4e86-a36a-95edf12bba67','2025-12-28'),(10,1700000,'available','35a7a8a0-b3b8-4e86-a36a-95edf12bba67','2025-12-29'),(10,1700000,'available','35a7a8a0-b3b8-4e86-a36a-95edf12bba67','2025-12-30'),(10,1700000,'available','35a7a8a0-b3b8-4e86-a36a-95edf12bba67','2025-12-31'),(10,1700000,'available','35a7a8a0-b3b8-4e86-a36a-95edf12bba67','2026-01-01'),(10,1700000,'available','35a7a8a0-b3b8-4e86-a36a-95edf12bba67','2026-01-02'),(10,2210000,'available','35a7a8a0-b3b8-4e86-a36a-95edf12bba67','2026-01-03'),(10,2210000,'available','35a7a8a0-b3b8-4e86-a36a-95edf12bba67','2026-01-04'),(10,1700000,'available','35a7a8a0-b3b8-4e86-a36a-95edf12bba67','2026-01-05'),(10,3500000,'available','3e85473e-5bd4-41a6-b60f-dff1bfd2d5d0','2025-10-08'),(10,3500000,'available','3e85473e-5bd4-41a6-b60f-dff1bfd2d5d0','2025-10-09'),(10,3500000,'available','3e85473e-5bd4-41a6-b60f-dff1bfd2d5d0','2025-10-10'),(10,3500000,'available','3e85473e-5bd4-41a6-b60f-dff1bfd2d5d0','2025-10-11'),(10,3500000,'available','3e85473e-5bd4-41a6-b60f-dff1bfd2d5d0','2025-10-12'),(10,3500000,'available','3e85473e-5bd4-41a6-b60f-dff1bfd2d5d0','2025-10-13'),(10,3500000,'available','3e85473e-5bd4-41a6-b60f-dff1bfd2d5d0','2025-10-14'),(10,3500000,'available','3e85473e-5bd4-41a6-b60f-dff1bfd2d5d0','2025-10-15'),(10,3500000,'available','3e85473e-5bd4-41a6-b60f-dff1bfd2d5d0','2025-10-16'),(10,3500000,'available','3e85473e-5bd4-41a6-b60f-dff1bfd2d5d0','2025-10-17'),(10,3500000,'available','3e85473e-5bd4-41a6-b60f-dff1bfd2d5d0','2025-10-18'),(10,3500000,'available','3e85473e-5bd4-41a6-b60f-dff1bfd2d5d0','2025-10-19'),(10,3500000,'available','3e85473e-5bd4-41a6-b60f-dff1bfd2d5d0','2025-10-20'),(10,3500000,'available','3e85473e-5bd4-41a6-b60f-dff1bfd2d5d0','2025-10-21'),(10,3500000,'available','3e85473e-5bd4-41a6-b60f-dff1bfd2d5d0','2025-10-22'),(10,3500000,'available','3e85473e-5bd4-41a6-b60f-dff1bfd2d5d0','2025-10-23'),(10,3500000,'available','3e85473e-5bd4-41a6-b60f-dff1bfd2d5d0','2025-10-24'),(10,4550000,'available','3e85473e-5bd4-41a6-b60f-dff1bfd2d5d0','2025-10-25'),(10,4550000,'available','3e85473e-5bd4-41a6-b60f-dff1bfd2d5d0','2025-10-26'),(10,3500000,'available','3e85473e-5bd4-41a6-b60f-dff1bfd2d5d0','2025-10-27'),(10,3500000,'available','3e85473e-5bd4-41a6-b60f-dff1bfd2d5d0','2025-10-28'),(10,3500000,'available','3e85473e-5bd4-41a6-b60f-dff1bfd2d5d0','2025-10-29'),(10,3500000,'available','3e85473e-5bd4-41a6-b60f-dff1bfd2d5d0','2025-10-30'),(10,3500000,'available','3e85473e-5bd4-41a6-b60f-dff1bfd2d5d0','2025-10-31'),(10,4550000,'available','3e85473e-5bd4-41a6-b60f-dff1bfd2d5d0','2025-11-01'),(10,4550000,'available','3e85473e-5bd4-41a6-b60f-dff1bfd2d5d0','2025-11-02'),(10,3500000,'available','3e85473e-5bd4-41a6-b60f-dff1bfd2d5d0','2025-11-03'),(10,3500000,'available','3e85473e-5bd4-41a6-b60f-dff1bfd2d5d0','2025-11-04'),(10,3500000,'available','3e85473e-5bd4-41a6-b60f-dff1bfd2d5d0','2025-11-05'),(10,3500000,'available','3e85473e-5bd4-41a6-b60f-dff1bfd2d5d0','2025-11-06'),(10,3500000,'available','3e85473e-5bd4-41a6-b60f-dff1bfd2d5d0','2025-11-07'),(10,4550000,'available','3e85473e-5bd4-41a6-b60f-dff1bfd2d5d0','2025-11-08'),(10,4550000,'available','3e85473e-5bd4-41a6-b60f-dff1bfd2d5d0','2025-11-09'),(10,3500000,'available','3e85473e-5bd4-41a6-b60f-dff1bfd2d5d0','2025-11-10'),(10,3115000,'available','3e85473e-5bd4-41a6-b60f-dff1bfd2d5d0','2025-11-11'),(10,3500000,'available','3e85473e-5bd4-41a6-b60f-dff1bfd2d5d0','2025-11-12'),(10,3500000,'available','3e85473e-5bd4-41a6-b60f-dff1bfd2d5d0','2025-11-13'),(10,3500000,'available','3e85473e-5bd4-41a6-b60f-dff1bfd2d5d0','2025-11-14'),(10,4550000,'available','3e85473e-5bd4-41a6-b60f-dff1bfd2d5d0','2025-11-15'),(10,4550000,'available','3e85473e-5bd4-41a6-b60f-dff1bfd2d5d0','2025-11-16'),(10,3500000,'available','3e85473e-5bd4-41a6-b60f-dff1bfd2d5d0','2025-11-17'),(10,3500000,'available','3e85473e-5bd4-41a6-b60f-dff1bfd2d5d0','2025-11-18'),(10,3500000,'available','3e85473e-5bd4-41a6-b60f-dff1bfd2d5d0','2025-11-19'),(10,2975000,'available','3e85473e-5bd4-41a6-b60f-dff1bfd2d5d0','2025-11-20'),(10,3500000,'available','3e85473e-5bd4-41a6-b60f-dff1bfd2d5d0','2025-11-21'),(10,4550000,'available','3e85473e-5bd4-41a6-b60f-dff1bfd2d5d0','2025-11-22'),(10,4550000,'available','3e85473e-5bd4-41a6-b60f-dff1bfd2d5d0','2025-11-23'),(10,3500000,'available','3e85473e-5bd4-41a6-b60f-dff1bfd2d5d0','2025-11-24'),(10,3500000,'available','3e85473e-5bd4-41a6-b60f-dff1bfd2d5d0','2025-11-25'),(10,3500000,'available','3e85473e-5bd4-41a6-b60f-dff1bfd2d5d0','2025-11-26'),(10,3500000,'available','3e85473e-5bd4-41a6-b60f-dff1bfd2d5d0','2025-11-27'),(10,3500000,'available','3e85473e-5bd4-41a6-b60f-dff1bfd2d5d0','2025-11-28'),(10,4550000,'available','3e85473e-5bd4-41a6-b60f-dff1bfd2d5d0','2025-11-29'),(10,4550000,'available','3e85473e-5bd4-41a6-b60f-dff1bfd2d5d0','2025-11-30'),(10,3500000,'available','3e85473e-5bd4-41a6-b60f-dff1bfd2d5d0','2025-12-01'),(10,3500000,'available','3e85473e-5bd4-41a6-b60f-dff1bfd2d5d0','2025-12-02'),(10,3500000,'available','3e85473e-5bd4-41a6-b60f-dff1bfd2d5d0','2025-12-03'),(10,3500000,'available','3e85473e-5bd4-41a6-b60f-dff1bfd2d5d0','2025-12-04'),(10,3500000,'available','3e85473e-5bd4-41a6-b60f-dff1bfd2d5d0','2025-12-05'),(10,4550000,'available','3e85473e-5bd4-41a6-b60f-dff1bfd2d5d0','2025-12-06'),(10,4550000,'available','3e85473e-5bd4-41a6-b60f-dff1bfd2d5d0','2025-12-07'),(10,3500000,'available','3e85473e-5bd4-41a6-b60f-dff1bfd2d5d0','2025-12-08'),(10,3500000,'available','3e85473e-5bd4-41a6-b60f-dff1bfd2d5d0','2025-12-09'),(10,3500000,'available','3e85473e-5bd4-41a6-b60f-dff1bfd2d5d0','2025-12-10'),(10,3500000,'available','3e85473e-5bd4-41a6-b60f-dff1bfd2d5d0','2025-12-11'),(10,3080000,'available','3e85473e-5bd4-41a6-b60f-dff1bfd2d5d0','2025-12-12'),(10,4550000,'available','3e85473e-5bd4-41a6-b60f-dff1bfd2d5d0','2025-12-13'),(10,4550000,'available','3e85473e-5bd4-41a6-b60f-dff1bfd2d5d0','2025-12-14'),(10,3500000,'available','3e85473e-5bd4-41a6-b60f-dff1bfd2d5d0','2025-12-15'),(10,3500000,'available','3e85473e-5bd4-41a6-b60f-dff1bfd2d5d0','2025-12-16'),(10,3500000,'available','3e85473e-5bd4-41a6-b60f-dff1bfd2d5d0','2025-12-17'),(10,3500000,'available','3e85473e-5bd4-41a6-b60f-dff1bfd2d5d0','2025-12-18'),(10,3500000,'available','3e85473e-5bd4-41a6-b60f-dff1bfd2d5d0','2025-12-19'),(10,4550000,'available','3e85473e-5bd4-41a6-b60f-dff1bfd2d5d0','2025-12-20'),(10,4550000,'available','3e85473e-5bd4-41a6-b60f-dff1bfd2d5d0','2025-12-21'),(10,3500000,'available','3e85473e-5bd4-41a6-b60f-dff1bfd2d5d0','2025-12-22'),(10,3500000,'available','3e85473e-5bd4-41a6-b60f-dff1bfd2d5d0','2025-12-23'),(10,3500000,'available','3e85473e-5bd4-41a6-b60f-dff1bfd2d5d0','2025-12-24'),(10,2625000,'available','3e85473e-5bd4-41a6-b60f-dff1bfd2d5d0','2025-12-25'),(10,3500000,'available','3e85473e-5bd4-41a6-b60f-dff1bfd2d5d0','2025-12-26'),(10,4550000,'available','3e85473e-5bd4-41a6-b60f-dff1bfd2d5d0','2025-12-27'),(10,4550000,'available','3e85473e-5bd4-41a6-b60f-dff1bfd2d5d0','2025-12-28'),(10,3500000,'available','3e85473e-5bd4-41a6-b60f-dff1bfd2d5d0','2025-12-29'),(10,3500000,'available','3e85473e-5bd4-41a6-b60f-dff1bfd2d5d0','2025-12-30'),(10,3500000,'available','3e85473e-5bd4-41a6-b60f-dff1bfd2d5d0','2025-12-31'),(10,3500000,'available','3e85473e-5bd4-41a6-b60f-dff1bfd2d5d0','2026-01-01'),(10,3500000,'available','3e85473e-5bd4-41a6-b60f-dff1bfd2d5d0','2026-01-02'),(10,4550000,'available','3e85473e-5bd4-41a6-b60f-dff1bfd2d5d0','2026-01-03'),(10,4550000,'available','3e85473e-5bd4-41a6-b60f-dff1bfd2d5d0','2026-01-04'),(10,3500000,'available','3e85473e-5bd4-41a6-b60f-dff1bfd2d5d0','2026-01-05'),(10,500000,'available','3f8063c4-9a5b-45aa-91a8-158ead419269','2025-10-10'),(10,500000,'available','3f8063c4-9a5b-45aa-91a8-158ead419269','2025-10-11'),(10,500000,'available','3f8063c4-9a5b-45aa-91a8-158ead419269','2025-10-12'),(10,500000,'available','3f8063c4-9a5b-45aa-91a8-158ead419269','2025-10-13'),(10,500000,'available','3f8063c4-9a5b-45aa-91a8-158ead419269','2025-10-14'),(10,500000,'available','3f8063c4-9a5b-45aa-91a8-158ead419269','2025-10-15'),(10,500000,'available','3f8063c4-9a5b-45aa-91a8-158ead419269','2025-10-16'),(10,500000,'available','3f8063c4-9a5b-45aa-91a8-158ead419269','2025-10-17'),(10,500000,'available','3f8063c4-9a5b-45aa-91a8-158ead419269','2025-10-18'),(10,500000,'available','3f8063c4-9a5b-45aa-91a8-158ead419269','2025-10-19'),(10,500000,'available','3f8063c4-9a5b-45aa-91a8-158ead419269','2025-10-20'),(10,500000,'available','3f8063c4-9a5b-45aa-91a8-158ead419269','2025-10-21'),(10,500000,'available','3f8063c4-9a5b-45aa-91a8-158ead419269','2025-10-22'),(10,500000,'available','3f8063c4-9a5b-45aa-91a8-158ead419269','2025-10-23'),(10,500000,'available','3f8063c4-9a5b-45aa-91a8-158ead419269','2025-10-24'),(10,650000,'available','3f8063c4-9a5b-45aa-91a8-158ead419269','2025-10-25'),(10,650000,'available','3f8063c4-9a5b-45aa-91a8-158ead419269','2025-10-26'),(10,500000,'available','3f8063c4-9a5b-45aa-91a8-158ead419269','2025-10-27'),(10,500000,'available','3f8063c4-9a5b-45aa-91a8-158ead419269','2025-10-28'),(10,500000,'available','3f8063c4-9a5b-45aa-91a8-158ead419269','2025-10-29'),(10,500000,'available','3f8063c4-9a5b-45aa-91a8-158ead419269','2025-10-30'),(10,500000,'available','3f8063c4-9a5b-45aa-91a8-158ead419269','2025-10-31'),(10,650000,'available','3f8063c4-9a5b-45aa-91a8-158ead419269','2025-11-01'),(10,650000,'available','3f8063c4-9a5b-45aa-91a8-158ead419269','2025-11-02'),(10,500000,'available','3f8063c4-9a5b-45aa-91a8-158ead419269','2025-11-03'),(10,500000,'available','3f8063c4-9a5b-45aa-91a8-158ead419269','2025-11-04'),(10,500000,'available','3f8063c4-9a5b-45aa-91a8-158ead419269','2025-11-05'),(10,500000,'available','3f8063c4-9a5b-45aa-91a8-158ead419269','2025-11-06'),(10,500000,'available','3f8063c4-9a5b-45aa-91a8-158ead419269','2025-11-07'),(10,650000,'available','3f8063c4-9a5b-45aa-91a8-158ead419269','2025-11-08'),(10,650000,'available','3f8063c4-9a5b-45aa-91a8-158ead419269','2025-11-09'),(10,500000,'available','3f8063c4-9a5b-45aa-91a8-158ead419269','2025-11-10'),(10,445000,'available','3f8063c4-9a5b-45aa-91a8-158ead419269','2025-11-11'),(10,500000,'available','3f8063c4-9a5b-45aa-91a8-158ead419269','2025-11-12'),(10,500000,'available','3f8063c4-9a5b-45aa-91a8-158ead419269','2025-11-13'),(10,500000,'available','3f8063c4-9a5b-45aa-91a8-158ead419269','2025-11-14'),(10,650000,'available','3f8063c4-9a5b-45aa-91a8-158ead419269','2025-11-15'),(10,650000,'available','3f8063c4-9a5b-45aa-91a8-158ead419269','2025-11-16'),(10,500000,'available','3f8063c4-9a5b-45aa-91a8-158ead419269','2025-11-17'),(10,500000,'available','3f8063c4-9a5b-45aa-91a8-158ead419269','2025-11-18'),(10,500000,'available','3f8063c4-9a5b-45aa-91a8-158ead419269','2025-11-19'),(10,425000,'available','3f8063c4-9a5b-45aa-91a8-158ead419269','2025-11-20'),(10,500000,'available','3f8063c4-9a5b-45aa-91a8-158ead419269','2025-11-21'),(10,650000,'available','3f8063c4-9a5b-45aa-91a8-158ead419269','2025-11-22'),(10,650000,'available','3f8063c4-9a5b-45aa-91a8-158ead419269','2025-11-23'),(10,500000,'available','3f8063c4-9a5b-45aa-91a8-158ead419269','2025-11-24'),(10,500000,'available','3f8063c4-9a5b-45aa-91a8-158ead419269','2025-11-25'),(10,500000,'available','3f8063c4-9a5b-45aa-91a8-158ead419269','2025-11-26'),(10,500000,'available','3f8063c4-9a5b-45aa-91a8-158ead419269','2025-11-27'),(10,500000,'available','3f8063c4-9a5b-45aa-91a8-158ead419269','2025-11-28'),(10,650000,'available','3f8063c4-9a5b-45aa-91a8-158ead419269','2025-11-29'),(10,650000,'available','3f8063c4-9a5b-45aa-91a8-158ead419269','2025-11-30'),(10,500000,'available','3f8063c4-9a5b-45aa-91a8-158ead419269','2025-12-01'),(10,500000,'available','3f8063c4-9a5b-45aa-91a8-158ead419269','2025-12-02'),(10,500000,'available','3f8063c4-9a5b-45aa-91a8-158ead419269','2025-12-03'),(10,500000,'available','3f8063c4-9a5b-45aa-91a8-158ead419269','2025-12-04'),(10,500000,'available','3f8063c4-9a5b-45aa-91a8-158ead419269','2025-12-05'),(10,650000,'available','3f8063c4-9a5b-45aa-91a8-158ead419269','2025-12-06'),(10,650000,'available','3f8063c4-9a5b-45aa-91a8-158ead419269','2025-12-07'),(10,500000,'available','3f8063c4-9a5b-45aa-91a8-158ead419269','2025-12-08'),(10,500000,'available','3f8063c4-9a5b-45aa-91a8-158ead419269','2025-12-09'),(10,500000,'available','3f8063c4-9a5b-45aa-91a8-158ead419269','2025-12-10'),(10,500000,'available','3f8063c4-9a5b-45aa-91a8-158ead419269','2025-12-11'),(10,440000,'available','3f8063c4-9a5b-45aa-91a8-158ead419269','2025-12-12'),(10,650000,'available','3f8063c4-9a5b-45aa-91a8-158ead419269','2025-12-13'),(10,650000,'available','3f8063c4-9a5b-45aa-91a8-158ead419269','2025-12-14'),(10,500000,'available','3f8063c4-9a5b-45aa-91a8-158ead419269','2025-12-15'),(10,500000,'available','3f8063c4-9a5b-45aa-91a8-158ead419269','2025-12-16'),(10,500000,'available','3f8063c4-9a5b-45aa-91a8-158ead419269','2025-12-17'),(10,500000,'available','3f8063c4-9a5b-45aa-91a8-158ead419269','2025-12-18'),(10,500000,'available','3f8063c4-9a5b-45aa-91a8-158ead419269','2025-12-19'),(10,650000,'available','3f8063c4-9a5b-45aa-91a8-158ead419269','2025-12-20'),(10,650000,'available','3f8063c4-9a5b-45aa-91a8-158ead419269','2025-12-21'),(10,500000,'available','3f8063c4-9a5b-45aa-91a8-158ead419269','2025-12-22'),(10,500000,'available','3f8063c4-9a5b-45aa-91a8-158ead419269','2025-12-23'),(10,500000,'available','3f8063c4-9a5b-45aa-91a8-158ead419269','2025-12-24'),(10,375000,'available','3f8063c4-9a5b-45aa-91a8-158ead419269','2025-12-25'),(10,500000,'available','3f8063c4-9a5b-45aa-91a8-158ead419269','2025-12-26'),(10,650000,'available','3f8063c4-9a5b-45aa-91a8-158ead419269','2025-12-27'),(10,650000,'available','3f8063c4-9a5b-45aa-91a8-158ead419269','2025-12-28'),(10,500000,'available','3f8063c4-9a5b-45aa-91a8-158ead419269','2025-12-29'),(10,500000,'available','3f8063c4-9a5b-45aa-91a8-158ead419269','2025-12-30'),(10,500000,'available','3f8063c4-9a5b-45aa-91a8-158ead419269','2025-12-31'),(10,500000,'available','3f8063c4-9a5b-45aa-91a8-158ead419269','2026-01-01'),(10,500000,'available','3f8063c4-9a5b-45aa-91a8-158ead419269','2026-01-02'),(10,650000,'available','3f8063c4-9a5b-45aa-91a8-158ead419269','2026-01-03'),(10,650000,'available','3f8063c4-9a5b-45aa-91a8-158ead419269','2026-01-04'),(10,500000,'available','3f8063c4-9a5b-45aa-91a8-158ead419269','2026-01-05'),(10,500000,'available','3f8063c4-9a5b-45aa-91a8-158ead419269','2026-01-06'),(10,500000,'available','3f8063c4-9a5b-45aa-91a8-158ead419269','2026-01-07'),(10,350000,'available','418668e2-147f-4df0-b874-89cbba9f3e71','2025-10-10'),(10,350000,'available','418668e2-147f-4df0-b874-89cbba9f3e71','2025-10-11'),(10,350000,'available','418668e2-147f-4df0-b874-89cbba9f3e71','2025-10-12'),(10,350000,'available','418668e2-147f-4df0-b874-89cbba9f3e71','2025-10-13'),(10,350000,'available','418668e2-147f-4df0-b874-89cbba9f3e71','2025-10-14'),(10,350000,'available','418668e2-147f-4df0-b874-89cbba9f3e71','2025-10-15'),(10,350000,'available','418668e2-147f-4df0-b874-89cbba9f3e71','2025-10-16'),(10,350000,'available','418668e2-147f-4df0-b874-89cbba9f3e71','2025-10-17'),(10,350000,'available','418668e2-147f-4df0-b874-89cbba9f3e71','2025-10-18'),(10,350000,'available','418668e2-147f-4df0-b874-89cbba9f3e71','2025-10-19'),(10,350000,'available','418668e2-147f-4df0-b874-89cbba9f3e71','2025-10-20'),(10,350000,'available','418668e2-147f-4df0-b874-89cbba9f3e71','2025-10-21'),(10,350000,'available','418668e2-147f-4df0-b874-89cbba9f3e71','2025-10-22'),(10,350000,'available','418668e2-147f-4df0-b874-89cbba9f3e71','2025-10-23'),(10,350000,'available','418668e2-147f-4df0-b874-89cbba9f3e71','2025-10-24'),(10,455000,'available','418668e2-147f-4df0-b874-89cbba9f3e71','2025-10-25'),(10,455000,'available','418668e2-147f-4df0-b874-89cbba9f3e71','2025-10-26'),(10,350000,'available','418668e2-147f-4df0-b874-89cbba9f3e71','2025-10-27'),(10,350000,'available','418668e2-147f-4df0-b874-89cbba9f3e71','2025-10-28'),(10,350000,'available','418668e2-147f-4df0-b874-89cbba9f3e71','2025-10-29'),(10,350000,'available','418668e2-147f-4df0-b874-89cbba9f3e71','2025-10-30'),(10,350000,'available','418668e2-147f-4df0-b874-89cbba9f3e71','2025-10-31'),(10,455000,'available','418668e2-147f-4df0-b874-89cbba9f3e71','2025-11-01'),(10,455000,'available','418668e2-147f-4df0-b874-89cbba9f3e71','2025-11-02'),(10,350000,'available','418668e2-147f-4df0-b874-89cbba9f3e71','2025-11-03'),(10,350000,'available','418668e2-147f-4df0-b874-89cbba9f3e71','2025-11-04'),(10,350000,'available','418668e2-147f-4df0-b874-89cbba9f3e71','2025-11-05'),(10,350000,'available','418668e2-147f-4df0-b874-89cbba9f3e71','2025-11-06'),(10,350000,'available','418668e2-147f-4df0-b874-89cbba9f3e71','2025-11-07'),(10,455000,'available','418668e2-147f-4df0-b874-89cbba9f3e71','2025-11-08'),(10,455000,'available','418668e2-147f-4df0-b874-89cbba9f3e71','2025-11-09'),(10,350000,'available','418668e2-147f-4df0-b874-89cbba9f3e71','2025-11-10'),(10,311500,'available','418668e2-147f-4df0-b874-89cbba9f3e71','2025-11-11'),(10,350000,'available','418668e2-147f-4df0-b874-89cbba9f3e71','2025-11-12'),(10,350000,'available','418668e2-147f-4df0-b874-89cbba9f3e71','2025-11-13'),(10,350000,'available','418668e2-147f-4df0-b874-89cbba9f3e71','2025-11-14'),(10,455000,'available','418668e2-147f-4df0-b874-89cbba9f3e71','2025-11-15'),(10,455000,'available','418668e2-147f-4df0-b874-89cbba9f3e71','2025-11-16'),(10,350000,'available','418668e2-147f-4df0-b874-89cbba9f3e71','2025-11-17'),(10,350000,'available','418668e2-147f-4df0-b874-89cbba9f3e71','2025-11-18'),(10,350000,'available','418668e2-147f-4df0-b874-89cbba9f3e71','2025-11-19'),(10,297500,'available','418668e2-147f-4df0-b874-89cbba9f3e71','2025-11-20'),(10,350000,'available','418668e2-147f-4df0-b874-89cbba9f3e71','2025-11-21'),(10,455000,'available','418668e2-147f-4df0-b874-89cbba9f3e71','2025-11-22'),(10,455000,'available','418668e2-147f-4df0-b874-89cbba9f3e71','2025-11-23'),(10,350000,'available','418668e2-147f-4df0-b874-89cbba9f3e71','2025-11-24'),(10,350000,'available','418668e2-147f-4df0-b874-89cbba9f3e71','2025-11-25'),(10,350000,'available','418668e2-147f-4df0-b874-89cbba9f3e71','2025-11-26'),(10,350000,'available','418668e2-147f-4df0-b874-89cbba9f3e71','2025-11-27'),(10,350000,'available','418668e2-147f-4df0-b874-89cbba9f3e71','2025-11-28'),(10,455000,'available','418668e2-147f-4df0-b874-89cbba9f3e71','2025-11-29'),(10,455000,'available','418668e2-147f-4df0-b874-89cbba9f3e71','2025-11-30'),(10,350000,'available','418668e2-147f-4df0-b874-89cbba9f3e71','2025-12-01'),(10,350000,'available','418668e2-147f-4df0-b874-89cbba9f3e71','2025-12-02'),(10,350000,'available','418668e2-147f-4df0-b874-89cbba9f3e71','2025-12-03'),(10,350000,'available','418668e2-147f-4df0-b874-89cbba9f3e71','2025-12-04'),(10,350000,'available','418668e2-147f-4df0-b874-89cbba9f3e71','2025-12-05'),(10,455000,'available','418668e2-147f-4df0-b874-89cbba9f3e71','2025-12-06'),(10,455000,'available','418668e2-147f-4df0-b874-89cbba9f3e71','2025-12-07'),(10,350000,'available','418668e2-147f-4df0-b874-89cbba9f3e71','2025-12-08'),(10,350000,'available','418668e2-147f-4df0-b874-89cbba9f3e71','2025-12-09'),(10,350000,'available','418668e2-147f-4df0-b874-89cbba9f3e71','2025-12-10'),(10,350000,'available','418668e2-147f-4df0-b874-89cbba9f3e71','2025-12-11'),(10,308000,'available','418668e2-147f-4df0-b874-89cbba9f3e71','2025-12-12'),(10,455000,'available','418668e2-147f-4df0-b874-89cbba9f3e71','2025-12-13'),(10,455000,'available','418668e2-147f-4df0-b874-89cbba9f3e71','2025-12-14'),(10,350000,'available','418668e2-147f-4df0-b874-89cbba9f3e71','2025-12-15'),(10,350000,'available','418668e2-147f-4df0-b874-89cbba9f3e71','2025-12-16'),(10,350000,'available','418668e2-147f-4df0-b874-89cbba9f3e71','2025-12-17'),(10,350000,'available','418668e2-147f-4df0-b874-89cbba9f3e71','2025-12-18'),(10,350000,'available','418668e2-147f-4df0-b874-89cbba9f3e71','2025-12-19'),(10,455000,'available','418668e2-147f-4df0-b874-89cbba9f3e71','2025-12-20'),(10,455000,'available','418668e2-147f-4df0-b874-89cbba9f3e71','2025-12-21'),(10,350000,'available','418668e2-147f-4df0-b874-89cbba9f3e71','2025-12-22'),(10,350000,'available','418668e2-147f-4df0-b874-89cbba9f3e71','2025-12-23'),(10,350000,'available','418668e2-147f-4df0-b874-89cbba9f3e71','2025-12-24'),(10,262500,'available','418668e2-147f-4df0-b874-89cbba9f3e71','2025-12-25'),(10,350000,'available','418668e2-147f-4df0-b874-89cbba9f3e71','2025-12-26'),(10,455000,'available','418668e2-147f-4df0-b874-89cbba9f3e71','2025-12-27'),(10,455000,'available','418668e2-147f-4df0-b874-89cbba9f3e71','2025-12-28'),(10,350000,'available','418668e2-147f-4df0-b874-89cbba9f3e71','2025-12-29'),(10,350000,'available','418668e2-147f-4df0-b874-89cbba9f3e71','2025-12-30'),(10,350000,'available','418668e2-147f-4df0-b874-89cbba9f3e71','2025-12-31'),(10,350000,'available','418668e2-147f-4df0-b874-89cbba9f3e71','2026-01-01'),(10,350000,'available','418668e2-147f-4df0-b874-89cbba9f3e71','2026-01-02'),(10,455000,'available','418668e2-147f-4df0-b874-89cbba9f3e71','2026-01-03'),(10,455000,'available','418668e2-147f-4df0-b874-89cbba9f3e71','2026-01-04'),(10,350000,'available','418668e2-147f-4df0-b874-89cbba9f3e71','2026-01-05'),(10,350000,'available','418668e2-147f-4df0-b874-89cbba9f3e71','2026-01-06'),(10,350000,'available','418668e2-147f-4df0-b874-89cbba9f3e71','2026-01-07'),(10,500000,'available','42663b53-2c12-4aef-8af4-53ec43955bdd','2025-10-10'),(10,500000,'available','42663b53-2c12-4aef-8af4-53ec43955bdd','2025-10-11'),(10,500000,'available','42663b53-2c12-4aef-8af4-53ec43955bdd','2025-10-12'),(10,500000,'available','42663b53-2c12-4aef-8af4-53ec43955bdd','2025-10-13'),(10,500000,'available','42663b53-2c12-4aef-8af4-53ec43955bdd','2025-10-14'),(10,500000,'available','42663b53-2c12-4aef-8af4-53ec43955bdd','2025-10-15'),(10,500000,'available','42663b53-2c12-4aef-8af4-53ec43955bdd','2025-10-16'),(10,500000,'available','42663b53-2c12-4aef-8af4-53ec43955bdd','2025-10-17'),(10,500000,'available','42663b53-2c12-4aef-8af4-53ec43955bdd','2025-10-18'),(10,500000,'available','42663b53-2c12-4aef-8af4-53ec43955bdd','2025-10-19'),(10,500000,'available','42663b53-2c12-4aef-8af4-53ec43955bdd','2025-10-20'),(10,500000,'available','42663b53-2c12-4aef-8af4-53ec43955bdd','2025-10-21'),(10,500000,'available','42663b53-2c12-4aef-8af4-53ec43955bdd','2025-10-22'),(10,500000,'available','42663b53-2c12-4aef-8af4-53ec43955bdd','2025-10-23'),(10,500000,'available','42663b53-2c12-4aef-8af4-53ec43955bdd','2025-10-24'),(10,650000,'available','42663b53-2c12-4aef-8af4-53ec43955bdd','2025-10-25'),(10,650000,'available','42663b53-2c12-4aef-8af4-53ec43955bdd','2025-10-26'),(10,500000,'available','42663b53-2c12-4aef-8af4-53ec43955bdd','2025-10-27'),(10,500000,'available','42663b53-2c12-4aef-8af4-53ec43955bdd','2025-10-28'),(10,500000,'available','42663b53-2c12-4aef-8af4-53ec43955bdd','2025-10-29'),(10,500000,'available','42663b53-2c12-4aef-8af4-53ec43955bdd','2025-10-30'),(10,500000,'available','42663b53-2c12-4aef-8af4-53ec43955bdd','2025-10-31'),(10,650000,'available','42663b53-2c12-4aef-8af4-53ec43955bdd','2025-11-01'),(10,650000,'available','42663b53-2c12-4aef-8af4-53ec43955bdd','2025-11-02'),(10,500000,'available','42663b53-2c12-4aef-8af4-53ec43955bdd','2025-11-03'),(10,500000,'available','42663b53-2c12-4aef-8af4-53ec43955bdd','2025-11-04'),(10,500000,'available','42663b53-2c12-4aef-8af4-53ec43955bdd','2025-11-05'),(10,500000,'available','42663b53-2c12-4aef-8af4-53ec43955bdd','2025-11-06'),(10,500000,'available','42663b53-2c12-4aef-8af4-53ec43955bdd','2025-11-07'),(10,650000,'available','42663b53-2c12-4aef-8af4-53ec43955bdd','2025-11-08'),(10,650000,'available','42663b53-2c12-4aef-8af4-53ec43955bdd','2025-11-09'),(10,500000,'available','42663b53-2c12-4aef-8af4-53ec43955bdd','2025-11-10'),(10,445000,'available','42663b53-2c12-4aef-8af4-53ec43955bdd','2025-11-11'),(10,500000,'available','42663b53-2c12-4aef-8af4-53ec43955bdd','2025-11-12'),(10,500000,'available','42663b53-2c12-4aef-8af4-53ec43955bdd','2025-11-13'),(10,500000,'available','42663b53-2c12-4aef-8af4-53ec43955bdd','2025-11-14'),(10,650000,'available','42663b53-2c12-4aef-8af4-53ec43955bdd','2025-11-15'),(10,650000,'available','42663b53-2c12-4aef-8af4-53ec43955bdd','2025-11-16'),(10,500000,'available','42663b53-2c12-4aef-8af4-53ec43955bdd','2025-11-17'),(10,500000,'available','42663b53-2c12-4aef-8af4-53ec43955bdd','2025-11-18'),(10,500000,'available','42663b53-2c12-4aef-8af4-53ec43955bdd','2025-11-19'),(10,425000,'available','42663b53-2c12-4aef-8af4-53ec43955bdd','2025-11-20'),(10,500000,'available','42663b53-2c12-4aef-8af4-53ec43955bdd','2025-11-21'),(10,650000,'available','42663b53-2c12-4aef-8af4-53ec43955bdd','2025-11-22'),(10,650000,'available','42663b53-2c12-4aef-8af4-53ec43955bdd','2025-11-23'),(10,500000,'available','42663b53-2c12-4aef-8af4-53ec43955bdd','2025-11-24'),(10,500000,'available','42663b53-2c12-4aef-8af4-53ec43955bdd','2025-11-25'),(10,500000,'available','42663b53-2c12-4aef-8af4-53ec43955bdd','2025-11-26'),(10,500000,'available','42663b53-2c12-4aef-8af4-53ec43955bdd','2025-11-27'),(10,500000,'available','42663b53-2c12-4aef-8af4-53ec43955bdd','2025-11-28'),(10,650000,'available','42663b53-2c12-4aef-8af4-53ec43955bdd','2025-11-29'),(10,650000,'available','42663b53-2c12-4aef-8af4-53ec43955bdd','2025-11-30'),(10,500000,'available','42663b53-2c12-4aef-8af4-53ec43955bdd','2025-12-01'),(10,500000,'available','42663b53-2c12-4aef-8af4-53ec43955bdd','2025-12-02'),(10,500000,'available','42663b53-2c12-4aef-8af4-53ec43955bdd','2025-12-03'),(10,500000,'available','42663b53-2c12-4aef-8af4-53ec43955bdd','2025-12-04'),(10,500000,'available','42663b53-2c12-4aef-8af4-53ec43955bdd','2025-12-05'),(10,650000,'available','42663b53-2c12-4aef-8af4-53ec43955bdd','2025-12-06'),(10,650000,'available','42663b53-2c12-4aef-8af4-53ec43955bdd','2025-12-07'),(10,500000,'available','42663b53-2c12-4aef-8af4-53ec43955bdd','2025-12-08'),(10,500000,'available','42663b53-2c12-4aef-8af4-53ec43955bdd','2025-12-09'),(10,500000,'available','42663b53-2c12-4aef-8af4-53ec43955bdd','2025-12-10'),(10,500000,'available','42663b53-2c12-4aef-8af4-53ec43955bdd','2025-12-11'),(10,440000,'available','42663b53-2c12-4aef-8af4-53ec43955bdd','2025-12-12'),(10,650000,'available','42663b53-2c12-4aef-8af4-53ec43955bdd','2025-12-13'),(10,650000,'available','42663b53-2c12-4aef-8af4-53ec43955bdd','2025-12-14'),(10,500000,'available','42663b53-2c12-4aef-8af4-53ec43955bdd','2025-12-15'),(10,500000,'available','42663b53-2c12-4aef-8af4-53ec43955bdd','2025-12-16'),(10,500000,'available','42663b53-2c12-4aef-8af4-53ec43955bdd','2025-12-17'),(10,500000,'available','42663b53-2c12-4aef-8af4-53ec43955bdd','2025-12-18'),(10,500000,'available','42663b53-2c12-4aef-8af4-53ec43955bdd','2025-12-19'),(10,650000,'available','42663b53-2c12-4aef-8af4-53ec43955bdd','2025-12-20'),(10,650000,'available','42663b53-2c12-4aef-8af4-53ec43955bdd','2025-12-21'),(10,500000,'available','42663b53-2c12-4aef-8af4-53ec43955bdd','2025-12-22'),(10,500000,'available','42663b53-2c12-4aef-8af4-53ec43955bdd','2025-12-23'),(10,500000,'available','42663b53-2c12-4aef-8af4-53ec43955bdd','2025-12-24'),(10,375000,'available','42663b53-2c12-4aef-8af4-53ec43955bdd','2025-12-25'),(10,500000,'available','42663b53-2c12-4aef-8af4-53ec43955bdd','2025-12-26'),(10,650000,'available','42663b53-2c12-4aef-8af4-53ec43955bdd','2025-12-27'),(10,650000,'available','42663b53-2c12-4aef-8af4-53ec43955bdd','2025-12-28'),(10,500000,'available','42663b53-2c12-4aef-8af4-53ec43955bdd','2025-12-29'),(10,500000,'available','42663b53-2c12-4aef-8af4-53ec43955bdd','2025-12-30'),(10,500000,'available','42663b53-2c12-4aef-8af4-53ec43955bdd','2025-12-31'),(10,500000,'available','42663b53-2c12-4aef-8af4-53ec43955bdd','2026-01-01'),(10,500000,'available','42663b53-2c12-4aef-8af4-53ec43955bdd','2026-01-02'),(10,650000,'available','42663b53-2c12-4aef-8af4-53ec43955bdd','2026-01-03'),(10,650000,'available','42663b53-2c12-4aef-8af4-53ec43955bdd','2026-01-04'),(10,500000,'available','42663b53-2c12-4aef-8af4-53ec43955bdd','2026-01-05'),(10,500000,'available','42663b53-2c12-4aef-8af4-53ec43955bdd','2026-01-06'),(10,500000,'available','42663b53-2c12-4aef-8af4-53ec43955bdd','2026-01-07'),(10,2000000,'available','534049e4-8070-4fd8-9657-75c22d8b170b','2025-10-08'),(10,2000000,'available','534049e4-8070-4fd8-9657-75c22d8b170b','2025-10-09'),(10,2000000,'available','534049e4-8070-4fd8-9657-75c22d8b170b','2025-10-10'),(10,2000000,'available','534049e4-8070-4fd8-9657-75c22d8b170b','2025-10-11'),(10,2000000,'available','534049e4-8070-4fd8-9657-75c22d8b170b','2025-10-12'),(10,2000000,'available','534049e4-8070-4fd8-9657-75c22d8b170b','2025-10-13'),(10,2000000,'available','534049e4-8070-4fd8-9657-75c22d8b170b','2025-10-14'),(10,2000000,'available','534049e4-8070-4fd8-9657-75c22d8b170b','2025-10-15'),(10,2000000,'available','534049e4-8070-4fd8-9657-75c22d8b170b','2025-10-16'),(10,2000000,'available','534049e4-8070-4fd8-9657-75c22d8b170b','2025-10-17'),(10,2000000,'available','534049e4-8070-4fd8-9657-75c22d8b170b','2025-10-18'),(10,2000000,'available','534049e4-8070-4fd8-9657-75c22d8b170b','2025-10-19'),(10,2000000,'available','534049e4-8070-4fd8-9657-75c22d8b170b','2025-10-20'),(10,2000000,'available','534049e4-8070-4fd8-9657-75c22d8b170b','2025-10-21'),(10,2000000,'available','534049e4-8070-4fd8-9657-75c22d8b170b','2025-10-22'),(10,2000000,'available','534049e4-8070-4fd8-9657-75c22d8b170b','2025-10-23'),(10,2000000,'available','534049e4-8070-4fd8-9657-75c22d8b170b','2025-10-24'),(10,2600000,'available','534049e4-8070-4fd8-9657-75c22d8b170b','2025-10-25'),(10,2600000,'available','534049e4-8070-4fd8-9657-75c22d8b170b','2025-10-26'),(10,2000000,'available','534049e4-8070-4fd8-9657-75c22d8b170b','2025-10-27'),(10,2000000,'available','534049e4-8070-4fd8-9657-75c22d8b170b','2025-10-28'),(10,2000000,'available','534049e4-8070-4fd8-9657-75c22d8b170b','2025-10-29'),(10,2000000,'available','534049e4-8070-4fd8-9657-75c22d8b170b','2025-10-30'),(10,2000000,'available','534049e4-8070-4fd8-9657-75c22d8b170b','2025-10-31'),(10,2600000,'available','534049e4-8070-4fd8-9657-75c22d8b170b','2025-11-01'),(10,2600000,'available','534049e4-8070-4fd8-9657-75c22d8b170b','2025-11-02'),(10,2000000,'available','534049e4-8070-4fd8-9657-75c22d8b170b','2025-11-03'),(10,2000000,'available','534049e4-8070-4fd8-9657-75c22d8b170b','2025-11-04'),(10,2000000,'available','534049e4-8070-4fd8-9657-75c22d8b170b','2025-11-05'),(10,2000000,'available','534049e4-8070-4fd8-9657-75c22d8b170b','2025-11-06'),(10,2000000,'available','534049e4-8070-4fd8-9657-75c22d8b170b','2025-11-07'),(10,2600000,'available','534049e4-8070-4fd8-9657-75c22d8b170b','2025-11-08'),(10,2600000,'available','534049e4-8070-4fd8-9657-75c22d8b170b','2025-11-09'),(10,2000000,'available','534049e4-8070-4fd8-9657-75c22d8b170b','2025-11-10'),(10,1780000,'available','534049e4-8070-4fd8-9657-75c22d8b170b','2025-11-11'),(10,2000000,'available','534049e4-8070-4fd8-9657-75c22d8b170b','2025-11-12'),(10,2000000,'available','534049e4-8070-4fd8-9657-75c22d8b170b','2025-11-13'),(10,2000000,'available','534049e4-8070-4fd8-9657-75c22d8b170b','2025-11-14'),(10,2600000,'available','534049e4-8070-4fd8-9657-75c22d8b170b','2025-11-15'),(10,2600000,'available','534049e4-8070-4fd8-9657-75c22d8b170b','2025-11-16'),(10,2000000,'available','534049e4-8070-4fd8-9657-75c22d8b170b','2025-11-17'),(10,2000000,'available','534049e4-8070-4fd8-9657-75c22d8b170b','2025-11-18'),(10,2000000,'available','534049e4-8070-4fd8-9657-75c22d8b170b','2025-11-19'),(10,1700000,'available','534049e4-8070-4fd8-9657-75c22d8b170b','2025-11-20'),(10,2000000,'available','534049e4-8070-4fd8-9657-75c22d8b170b','2025-11-21'),(10,2600000,'available','534049e4-8070-4fd8-9657-75c22d8b170b','2025-11-22'),(10,2600000,'available','534049e4-8070-4fd8-9657-75c22d8b170b','2025-11-23'),(10,2000000,'available','534049e4-8070-4fd8-9657-75c22d8b170b','2025-11-24'),(10,2000000,'available','534049e4-8070-4fd8-9657-75c22d8b170b','2025-11-25'),(10,2000000,'available','534049e4-8070-4fd8-9657-75c22d8b170b','2025-11-26'),(10,2000000,'available','534049e4-8070-4fd8-9657-75c22d8b170b','2025-11-27'),(10,2000000,'available','534049e4-8070-4fd8-9657-75c22d8b170b','2025-11-28'),(10,2600000,'available','534049e4-8070-4fd8-9657-75c22d8b170b','2025-11-29'),(10,2600000,'available','534049e4-8070-4fd8-9657-75c22d8b170b','2025-11-30'),(10,2000000,'available','534049e4-8070-4fd8-9657-75c22d8b170b','2025-12-01'),(10,2000000,'available','534049e4-8070-4fd8-9657-75c22d8b170b','2025-12-02'),(10,2000000,'available','534049e4-8070-4fd8-9657-75c22d8b170b','2025-12-03'),(10,2000000,'available','534049e4-8070-4fd8-9657-75c22d8b170b','2025-12-04'),(10,2000000,'available','534049e4-8070-4fd8-9657-75c22d8b170b','2025-12-05'),(10,2600000,'available','534049e4-8070-4fd8-9657-75c22d8b170b','2025-12-06'),(10,2600000,'available','534049e4-8070-4fd8-9657-75c22d8b170b','2025-12-07'),(10,2000000,'available','534049e4-8070-4fd8-9657-75c22d8b170b','2025-12-08'),(10,2000000,'available','534049e4-8070-4fd8-9657-75c22d8b170b','2025-12-09'),(10,2000000,'available','534049e4-8070-4fd8-9657-75c22d8b170b','2025-12-10'),(10,2000000,'available','534049e4-8070-4fd8-9657-75c22d8b170b','2025-12-11'),(10,1760000,'available','534049e4-8070-4fd8-9657-75c22d8b170b','2025-12-12'),(10,2600000,'available','534049e4-8070-4fd8-9657-75c22d8b170b','2025-12-13'),(10,2600000,'available','534049e4-8070-4fd8-9657-75c22d8b170b','2025-12-14'),(10,2000000,'available','534049e4-8070-4fd8-9657-75c22d8b170b','2025-12-15'),(10,2000000,'available','534049e4-8070-4fd8-9657-75c22d8b170b','2025-12-16'),(10,2000000,'available','534049e4-8070-4fd8-9657-75c22d8b170b','2025-12-17'),(10,2000000,'available','534049e4-8070-4fd8-9657-75c22d8b170b','2025-12-18'),(10,2000000,'available','534049e4-8070-4fd8-9657-75c22d8b170b','2025-12-19'),(10,2600000,'available','534049e4-8070-4fd8-9657-75c22d8b170b','2025-12-20'),(10,2600000,'available','534049e4-8070-4fd8-9657-75c22d8b170b','2025-12-21'),(10,2000000,'available','534049e4-8070-4fd8-9657-75c22d8b170b','2025-12-22'),(10,2000000,'available','534049e4-8070-4fd8-9657-75c22d8b170b','2025-12-23'),(10,2000000,'available','534049e4-8070-4fd8-9657-75c22d8b170b','2025-12-24'),(10,1500000,'available','534049e4-8070-4fd8-9657-75c22d8b170b','2025-12-25'),(10,2000000,'available','534049e4-8070-4fd8-9657-75c22d8b170b','2025-12-26'),(10,2600000,'available','534049e4-8070-4fd8-9657-75c22d8b170b','2025-12-27'),(10,2600000,'available','534049e4-8070-4fd8-9657-75c22d8b170b','2025-12-28'),(10,2000000,'available','534049e4-8070-4fd8-9657-75c22d8b170b','2025-12-29'),(10,2000000,'available','534049e4-8070-4fd8-9657-75c22d8b170b','2025-12-30'),(10,2000000,'available','534049e4-8070-4fd8-9657-75c22d8b170b','2025-12-31'),(10,2000000,'available','534049e4-8070-4fd8-9657-75c22d8b170b','2026-01-01'),(10,2000000,'available','534049e4-8070-4fd8-9657-75c22d8b170b','2026-01-02'),(10,2600000,'available','534049e4-8070-4fd8-9657-75c22d8b170b','2026-01-03'),(10,2600000,'available','534049e4-8070-4fd8-9657-75c22d8b170b','2026-01-04'),(10,2000000,'available','534049e4-8070-4fd8-9657-75c22d8b170b','2026-01-05'),(10,2500000,'available','5ead7302-7807-4620-882d-7475833a1cf7','2025-10-08'),(10,2500000,'available','5ead7302-7807-4620-882d-7475833a1cf7','2025-10-09'),(10,2500000,'available','5ead7302-7807-4620-882d-7475833a1cf7','2025-10-10'),(10,2500000,'available','5ead7302-7807-4620-882d-7475833a1cf7','2025-10-11'),(10,2500000,'available','5ead7302-7807-4620-882d-7475833a1cf7','2025-10-12'),(10,2500000,'available','5ead7302-7807-4620-882d-7475833a1cf7','2025-10-13'),(10,2500000,'available','5ead7302-7807-4620-882d-7475833a1cf7','2025-10-14'),(10,2500000,'available','5ead7302-7807-4620-882d-7475833a1cf7','2025-10-15'),(10,2500000,'available','5ead7302-7807-4620-882d-7475833a1cf7','2025-10-16'),(10,2500000,'available','5ead7302-7807-4620-882d-7475833a1cf7','2025-10-17'),(10,2500000,'available','5ead7302-7807-4620-882d-7475833a1cf7','2025-10-18'),(10,2500000,'available','5ead7302-7807-4620-882d-7475833a1cf7','2025-10-19'),(10,2500000,'available','5ead7302-7807-4620-882d-7475833a1cf7','2025-10-20'),(10,2500000,'available','5ead7302-7807-4620-882d-7475833a1cf7','2025-10-21'),(10,2500000,'available','5ead7302-7807-4620-882d-7475833a1cf7','2025-10-22'),(10,2500000,'available','5ead7302-7807-4620-882d-7475833a1cf7','2025-10-23'),(10,2500000,'available','5ead7302-7807-4620-882d-7475833a1cf7','2025-10-24'),(10,3250000,'available','5ead7302-7807-4620-882d-7475833a1cf7','2025-10-25'),(10,3250000,'available','5ead7302-7807-4620-882d-7475833a1cf7','2025-10-26'),(10,2500000,'available','5ead7302-7807-4620-882d-7475833a1cf7','2025-10-27'),(10,2500000,'available','5ead7302-7807-4620-882d-7475833a1cf7','2025-10-28'),(10,2500000,'available','5ead7302-7807-4620-882d-7475833a1cf7','2025-10-29'),(10,2500000,'available','5ead7302-7807-4620-882d-7475833a1cf7','2025-10-30'),(10,2500000,'available','5ead7302-7807-4620-882d-7475833a1cf7','2025-10-31'),(10,3250000,'available','5ead7302-7807-4620-882d-7475833a1cf7','2025-11-01'),(10,3250000,'available','5ead7302-7807-4620-882d-7475833a1cf7','2025-11-02'),(10,2500000,'available','5ead7302-7807-4620-882d-7475833a1cf7','2025-11-03'),(10,2500000,'available','5ead7302-7807-4620-882d-7475833a1cf7','2025-11-04'),(10,2500000,'available','5ead7302-7807-4620-882d-7475833a1cf7','2025-11-05'),(10,2500000,'available','5ead7302-7807-4620-882d-7475833a1cf7','2025-11-06'),(10,2500000,'available','5ead7302-7807-4620-882d-7475833a1cf7','2025-11-07'),(10,3250000,'available','5ead7302-7807-4620-882d-7475833a1cf7','2025-11-08'),(10,3250000,'available','5ead7302-7807-4620-882d-7475833a1cf7','2025-11-09'),(10,2500000,'available','5ead7302-7807-4620-882d-7475833a1cf7','2025-11-10'),(10,2225000,'available','5ead7302-7807-4620-882d-7475833a1cf7','2025-11-11'),(10,2500000,'available','5ead7302-7807-4620-882d-7475833a1cf7','2025-11-12'),(10,2500000,'available','5ead7302-7807-4620-882d-7475833a1cf7','2025-11-13'),(10,2500000,'available','5ead7302-7807-4620-882d-7475833a1cf7','2025-11-14'),(10,3250000,'available','5ead7302-7807-4620-882d-7475833a1cf7','2025-11-15'),(10,3250000,'available','5ead7302-7807-4620-882d-7475833a1cf7','2025-11-16'),(10,2500000,'available','5ead7302-7807-4620-882d-7475833a1cf7','2025-11-17'),(10,2500000,'available','5ead7302-7807-4620-882d-7475833a1cf7','2025-11-18'),(10,2500000,'available','5ead7302-7807-4620-882d-7475833a1cf7','2025-11-19'),(10,2125000,'available','5ead7302-7807-4620-882d-7475833a1cf7','2025-11-20'),(10,2500000,'available','5ead7302-7807-4620-882d-7475833a1cf7','2025-11-21'),(10,3250000,'available','5ead7302-7807-4620-882d-7475833a1cf7','2025-11-22'),(10,3250000,'available','5ead7302-7807-4620-882d-7475833a1cf7','2025-11-23'),(10,2500000,'available','5ead7302-7807-4620-882d-7475833a1cf7','2025-11-24'),(10,2500000,'available','5ead7302-7807-4620-882d-7475833a1cf7','2025-11-25'),(10,2500000,'available','5ead7302-7807-4620-882d-7475833a1cf7','2025-11-26'),(10,2500000,'available','5ead7302-7807-4620-882d-7475833a1cf7','2025-11-27'),(10,2500000,'available','5ead7302-7807-4620-882d-7475833a1cf7','2025-11-28'),(10,3250000,'available','5ead7302-7807-4620-882d-7475833a1cf7','2025-11-29'),(10,3250000,'available','5ead7302-7807-4620-882d-7475833a1cf7','2025-11-30'),(10,2500000,'available','5ead7302-7807-4620-882d-7475833a1cf7','2025-12-01'),(10,2500000,'available','5ead7302-7807-4620-882d-7475833a1cf7','2025-12-02'),(10,2500000,'available','5ead7302-7807-4620-882d-7475833a1cf7','2025-12-03'),(10,2500000,'available','5ead7302-7807-4620-882d-7475833a1cf7','2025-12-04'),(10,2500000,'available','5ead7302-7807-4620-882d-7475833a1cf7','2025-12-05'),(10,3250000,'available','5ead7302-7807-4620-882d-7475833a1cf7','2025-12-06'),(10,3250000,'available','5ead7302-7807-4620-882d-7475833a1cf7','2025-12-07'),(10,2500000,'available','5ead7302-7807-4620-882d-7475833a1cf7','2025-12-08'),(10,2500000,'available','5ead7302-7807-4620-882d-7475833a1cf7','2025-12-09'),(10,2500000,'available','5ead7302-7807-4620-882d-7475833a1cf7','2025-12-10'),(10,2500000,'available','5ead7302-7807-4620-882d-7475833a1cf7','2025-12-11'),(10,2200000,'available','5ead7302-7807-4620-882d-7475833a1cf7','2025-12-12'),(10,3250000,'available','5ead7302-7807-4620-882d-7475833a1cf7','2025-12-13'),(10,3250000,'available','5ead7302-7807-4620-882d-7475833a1cf7','2025-12-14'),(10,2500000,'available','5ead7302-7807-4620-882d-7475833a1cf7','2025-12-15'),(10,2500000,'available','5ead7302-7807-4620-882d-7475833a1cf7','2025-12-16'),(10,2500000,'available','5ead7302-7807-4620-882d-7475833a1cf7','2025-12-17'),(10,2500000,'available','5ead7302-7807-4620-882d-7475833a1cf7','2025-12-18'),(10,2500000,'available','5ead7302-7807-4620-882d-7475833a1cf7','2025-12-19'),(10,3250000,'available','5ead7302-7807-4620-882d-7475833a1cf7','2025-12-20'),(10,3250000,'available','5ead7302-7807-4620-882d-7475833a1cf7','2025-12-21'),(10,2500000,'available','5ead7302-7807-4620-882d-7475833a1cf7','2025-12-22'),(10,2500000,'available','5ead7302-7807-4620-882d-7475833a1cf7','2025-12-23'),(10,2500000,'available','5ead7302-7807-4620-882d-7475833a1cf7','2025-12-24'),(10,1875000,'available','5ead7302-7807-4620-882d-7475833a1cf7','2025-12-25'),(10,2500000,'available','5ead7302-7807-4620-882d-7475833a1cf7','2025-12-26'),(10,3250000,'available','5ead7302-7807-4620-882d-7475833a1cf7','2025-12-27'),(10,3250000,'available','5ead7302-7807-4620-882d-7475833a1cf7','2025-12-28'),(10,2500000,'available','5ead7302-7807-4620-882d-7475833a1cf7','2025-12-29'),(10,2500000,'available','5ead7302-7807-4620-882d-7475833a1cf7','2025-12-30'),(10,2500000,'available','5ead7302-7807-4620-882d-7475833a1cf7','2025-12-31'),(10,2500000,'available','5ead7302-7807-4620-882d-7475833a1cf7','2026-01-01'),(10,2500000,'available','5ead7302-7807-4620-882d-7475833a1cf7','2026-01-02'),(10,3250000,'available','5ead7302-7807-4620-882d-7475833a1cf7','2026-01-03'),(10,3250000,'available','5ead7302-7807-4620-882d-7475833a1cf7','2026-01-04'),(10,2500000,'available','5ead7302-7807-4620-882d-7475833a1cf7','2026-01-05'),(10,670000,'available','6380326d-6b6f-4310-b8c5-539e1e69bac6','2025-10-10'),(10,670000,'available','6380326d-6b6f-4310-b8c5-539e1e69bac6','2025-10-11'),(10,670000,'available','6380326d-6b6f-4310-b8c5-539e1e69bac6','2025-10-12'),(10,670000,'available','6380326d-6b6f-4310-b8c5-539e1e69bac6','2025-10-13'),(10,670000,'available','6380326d-6b6f-4310-b8c5-539e1e69bac6','2025-10-14'),(10,670000,'available','6380326d-6b6f-4310-b8c5-539e1e69bac6','2025-10-15'),(10,670000,'available','6380326d-6b6f-4310-b8c5-539e1e69bac6','2025-10-16'),(10,670000,'available','6380326d-6b6f-4310-b8c5-539e1e69bac6','2025-10-17'),(10,670000,'available','6380326d-6b6f-4310-b8c5-539e1e69bac6','2025-10-18'),(10,670000,'available','6380326d-6b6f-4310-b8c5-539e1e69bac6','2025-10-19'),(10,670000,'available','6380326d-6b6f-4310-b8c5-539e1e69bac6','2025-10-20'),(10,670000,'available','6380326d-6b6f-4310-b8c5-539e1e69bac6','2025-10-21'),(10,670000,'available','6380326d-6b6f-4310-b8c5-539e1e69bac6','2025-10-22'),(10,670000,'available','6380326d-6b6f-4310-b8c5-539e1e69bac6','2025-10-23'),(10,670000,'available','6380326d-6b6f-4310-b8c5-539e1e69bac6','2025-10-24'),(10,871000,'available','6380326d-6b6f-4310-b8c5-539e1e69bac6','2025-10-25'),(10,871000,'available','6380326d-6b6f-4310-b8c5-539e1e69bac6','2025-10-26'),(10,670000,'available','6380326d-6b6f-4310-b8c5-539e1e69bac6','2025-10-27'),(10,670000,'available','6380326d-6b6f-4310-b8c5-539e1e69bac6','2025-10-28'),(10,670000,'available','6380326d-6b6f-4310-b8c5-539e1e69bac6','2025-10-29'),(10,670000,'available','6380326d-6b6f-4310-b8c5-539e1e69bac6','2025-10-30'),(10,670000,'available','6380326d-6b6f-4310-b8c5-539e1e69bac6','2025-10-31'),(10,871000,'available','6380326d-6b6f-4310-b8c5-539e1e69bac6','2025-11-01'),(10,871000,'available','6380326d-6b6f-4310-b8c5-539e1e69bac6','2025-11-02'),(10,670000,'available','6380326d-6b6f-4310-b8c5-539e1e69bac6','2025-11-03'),(10,670000,'available','6380326d-6b6f-4310-b8c5-539e1e69bac6','2025-11-04'),(10,670000,'available','6380326d-6b6f-4310-b8c5-539e1e69bac6','2025-11-05'),(10,670000,'available','6380326d-6b6f-4310-b8c5-539e1e69bac6','2025-11-06'),(10,670000,'available','6380326d-6b6f-4310-b8c5-539e1e69bac6','2025-11-07'),(10,871000,'available','6380326d-6b6f-4310-b8c5-539e1e69bac6','2025-11-08'),(10,871000,'available','6380326d-6b6f-4310-b8c5-539e1e69bac6','2025-11-09'),(10,670000,'available','6380326d-6b6f-4310-b8c5-539e1e69bac6','2025-11-10'),(10,596300,'available','6380326d-6b6f-4310-b8c5-539e1e69bac6','2025-11-11'),(10,670000,'available','6380326d-6b6f-4310-b8c5-539e1e69bac6','2025-11-12'),(10,670000,'available','6380326d-6b6f-4310-b8c5-539e1e69bac6','2025-11-13'),(10,670000,'available','6380326d-6b6f-4310-b8c5-539e1e69bac6','2025-11-14'),(10,871000,'available','6380326d-6b6f-4310-b8c5-539e1e69bac6','2025-11-15'),(10,871000,'available','6380326d-6b6f-4310-b8c5-539e1e69bac6','2025-11-16'),(10,670000,'available','6380326d-6b6f-4310-b8c5-539e1e69bac6','2025-11-17'),(10,670000,'available','6380326d-6b6f-4310-b8c5-539e1e69bac6','2025-11-18'),(10,670000,'available','6380326d-6b6f-4310-b8c5-539e1e69bac6','2025-11-19'),(10,569500,'available','6380326d-6b6f-4310-b8c5-539e1e69bac6','2025-11-20'),(10,670000,'available','6380326d-6b6f-4310-b8c5-539e1e69bac6','2025-11-21'),(10,871000,'available','6380326d-6b6f-4310-b8c5-539e1e69bac6','2025-11-22'),(10,871000,'available','6380326d-6b6f-4310-b8c5-539e1e69bac6','2025-11-23'),(10,670000,'available','6380326d-6b6f-4310-b8c5-539e1e69bac6','2025-11-24'),(10,670000,'available','6380326d-6b6f-4310-b8c5-539e1e69bac6','2025-11-25'),(10,670000,'available','6380326d-6b6f-4310-b8c5-539e1e69bac6','2025-11-26'),(10,670000,'available','6380326d-6b6f-4310-b8c5-539e1e69bac6','2025-11-27'),(10,670000,'available','6380326d-6b6f-4310-b8c5-539e1e69bac6','2025-11-28'),(10,871000,'available','6380326d-6b6f-4310-b8c5-539e1e69bac6','2025-11-29'),(10,871000,'available','6380326d-6b6f-4310-b8c5-539e1e69bac6','2025-11-30'),(10,670000,'available','6380326d-6b6f-4310-b8c5-539e1e69bac6','2025-12-01'),(10,670000,'available','6380326d-6b6f-4310-b8c5-539e1e69bac6','2025-12-02'),(10,670000,'available','6380326d-6b6f-4310-b8c5-539e1e69bac6','2025-12-03'),(10,670000,'available','6380326d-6b6f-4310-b8c5-539e1e69bac6','2025-12-04'),(10,670000,'available','6380326d-6b6f-4310-b8c5-539e1e69bac6','2025-12-05'),(10,871000,'available','6380326d-6b6f-4310-b8c5-539e1e69bac6','2025-12-06'),(10,871000,'available','6380326d-6b6f-4310-b8c5-539e1e69bac6','2025-12-07'),(10,670000,'available','6380326d-6b6f-4310-b8c5-539e1e69bac6','2025-12-08'),(10,670000,'available','6380326d-6b6f-4310-b8c5-539e1e69bac6','2025-12-09'),(10,670000,'available','6380326d-6b6f-4310-b8c5-539e1e69bac6','2025-12-10'),(10,670000,'available','6380326d-6b6f-4310-b8c5-539e1e69bac6','2025-12-11'),(10,589600,'available','6380326d-6b6f-4310-b8c5-539e1e69bac6','2025-12-12'),(10,871000,'available','6380326d-6b6f-4310-b8c5-539e1e69bac6','2025-12-13'),(10,871000,'available','6380326d-6b6f-4310-b8c5-539e1e69bac6','2025-12-14'),(10,670000,'available','6380326d-6b6f-4310-b8c5-539e1e69bac6','2025-12-15'),(10,670000,'available','6380326d-6b6f-4310-b8c5-539e1e69bac6','2025-12-16'),(10,670000,'available','6380326d-6b6f-4310-b8c5-539e1e69bac6','2025-12-17'),(10,670000,'available','6380326d-6b6f-4310-b8c5-539e1e69bac6','2025-12-18'),(10,670000,'available','6380326d-6b6f-4310-b8c5-539e1e69bac6','2025-12-19'),(10,871000,'available','6380326d-6b6f-4310-b8c5-539e1e69bac6','2025-12-20'),(10,871000,'available','6380326d-6b6f-4310-b8c5-539e1e69bac6','2025-12-21'),(10,670000,'available','6380326d-6b6f-4310-b8c5-539e1e69bac6','2025-12-22'),(10,670000,'available','6380326d-6b6f-4310-b8c5-539e1e69bac6','2025-12-23'),(10,670000,'available','6380326d-6b6f-4310-b8c5-539e1e69bac6','2025-12-24'),(10,502500,'available','6380326d-6b6f-4310-b8c5-539e1e69bac6','2025-12-25'),(10,670000,'available','6380326d-6b6f-4310-b8c5-539e1e69bac6','2025-12-26'),(10,871000,'available','6380326d-6b6f-4310-b8c5-539e1e69bac6','2025-12-27'),(10,871000,'available','6380326d-6b6f-4310-b8c5-539e1e69bac6','2025-12-28'),(10,670000,'available','6380326d-6b6f-4310-b8c5-539e1e69bac6','2025-12-29'),(10,670000,'available','6380326d-6b6f-4310-b8c5-539e1e69bac6','2025-12-30'),(10,670000,'available','6380326d-6b6f-4310-b8c5-539e1e69bac6','2025-12-31'),(10,670000,'available','6380326d-6b6f-4310-b8c5-539e1e69bac6','2026-01-01'),(10,670000,'available','6380326d-6b6f-4310-b8c5-539e1e69bac6','2026-01-02'),(10,871000,'available','6380326d-6b6f-4310-b8c5-539e1e69bac6','2026-01-03'),(10,871000,'available','6380326d-6b6f-4310-b8c5-539e1e69bac6','2026-01-04'),(10,670000,'available','6380326d-6b6f-4310-b8c5-539e1e69bac6','2026-01-05'),(10,670000,'available','6380326d-6b6f-4310-b8c5-539e1e69bac6','2026-01-06'),(10,670000,'available','6380326d-6b6f-4310-b8c5-539e1e69bac6','2026-01-07'),(10,400000,'available','63c6891a-fd41-4342-99bb-6c7d561581af','2025-10-10'),(10,400000,'available','63c6891a-fd41-4342-99bb-6c7d561581af','2025-10-11'),(10,400000,'available','63c6891a-fd41-4342-99bb-6c7d561581af','2025-10-12'),(10,400000,'available','63c6891a-fd41-4342-99bb-6c7d561581af','2025-10-13'),(10,400000,'available','63c6891a-fd41-4342-99bb-6c7d561581af','2025-10-14'),(10,400000,'available','63c6891a-fd41-4342-99bb-6c7d561581af','2025-10-15'),(10,400000,'available','63c6891a-fd41-4342-99bb-6c7d561581af','2025-10-16'),(10,400000,'available','63c6891a-fd41-4342-99bb-6c7d561581af','2025-10-17'),(10,400000,'available','63c6891a-fd41-4342-99bb-6c7d561581af','2025-10-18'),(10,400000,'available','63c6891a-fd41-4342-99bb-6c7d561581af','2025-10-19'),(10,400000,'available','63c6891a-fd41-4342-99bb-6c7d561581af','2025-10-20'),(10,400000,'available','63c6891a-fd41-4342-99bb-6c7d561581af','2025-10-21'),(10,400000,'available','63c6891a-fd41-4342-99bb-6c7d561581af','2025-10-22'),(10,400000,'available','63c6891a-fd41-4342-99bb-6c7d561581af','2025-10-23'),(10,400000,'available','63c6891a-fd41-4342-99bb-6c7d561581af','2025-10-24'),(10,520000,'available','63c6891a-fd41-4342-99bb-6c7d561581af','2025-10-25'),(10,520000,'available','63c6891a-fd41-4342-99bb-6c7d561581af','2025-10-26'),(10,400000,'available','63c6891a-fd41-4342-99bb-6c7d561581af','2025-10-27'),(10,400000,'available','63c6891a-fd41-4342-99bb-6c7d561581af','2025-10-28'),(10,400000,'available','63c6891a-fd41-4342-99bb-6c7d561581af','2025-10-29'),(10,400000,'available','63c6891a-fd41-4342-99bb-6c7d561581af','2025-10-30'),(10,400000,'available','63c6891a-fd41-4342-99bb-6c7d561581af','2025-10-31'),(10,520000,'available','63c6891a-fd41-4342-99bb-6c7d561581af','2025-11-01'),(10,520000,'available','63c6891a-fd41-4342-99bb-6c7d561581af','2025-11-02'),(10,400000,'available','63c6891a-fd41-4342-99bb-6c7d561581af','2025-11-03'),(10,400000,'available','63c6891a-fd41-4342-99bb-6c7d561581af','2025-11-04'),(10,400000,'available','63c6891a-fd41-4342-99bb-6c7d561581af','2025-11-05'),(10,400000,'available','63c6891a-fd41-4342-99bb-6c7d561581af','2025-11-06'),(10,400000,'available','63c6891a-fd41-4342-99bb-6c7d561581af','2025-11-07'),(10,520000,'available','63c6891a-fd41-4342-99bb-6c7d561581af','2025-11-08'),(10,520000,'available','63c6891a-fd41-4342-99bb-6c7d561581af','2025-11-09'),(10,400000,'available','63c6891a-fd41-4342-99bb-6c7d561581af','2025-11-10'),(10,356000,'available','63c6891a-fd41-4342-99bb-6c7d561581af','2025-11-11'),(10,400000,'available','63c6891a-fd41-4342-99bb-6c7d561581af','2025-11-12'),(10,400000,'available','63c6891a-fd41-4342-99bb-6c7d561581af','2025-11-13'),(10,400000,'available','63c6891a-fd41-4342-99bb-6c7d561581af','2025-11-14'),(10,520000,'available','63c6891a-fd41-4342-99bb-6c7d561581af','2025-11-15'),(10,520000,'available','63c6891a-fd41-4342-99bb-6c7d561581af','2025-11-16'),(10,400000,'available','63c6891a-fd41-4342-99bb-6c7d561581af','2025-11-17'),(10,400000,'available','63c6891a-fd41-4342-99bb-6c7d561581af','2025-11-18'),(10,400000,'available','63c6891a-fd41-4342-99bb-6c7d561581af','2025-11-19'),(10,340000,'available','63c6891a-fd41-4342-99bb-6c7d561581af','2025-11-20'),(10,400000,'available','63c6891a-fd41-4342-99bb-6c7d561581af','2025-11-21'),(10,520000,'available','63c6891a-fd41-4342-99bb-6c7d561581af','2025-11-22'),(10,520000,'available','63c6891a-fd41-4342-99bb-6c7d561581af','2025-11-23'),(10,400000,'available','63c6891a-fd41-4342-99bb-6c7d561581af','2025-11-24'),(10,400000,'available','63c6891a-fd41-4342-99bb-6c7d561581af','2025-11-25'),(10,400000,'available','63c6891a-fd41-4342-99bb-6c7d561581af','2025-11-26'),(10,400000,'available','63c6891a-fd41-4342-99bb-6c7d561581af','2025-11-27'),(10,400000,'available','63c6891a-fd41-4342-99bb-6c7d561581af','2025-11-28'),(10,520000,'available','63c6891a-fd41-4342-99bb-6c7d561581af','2025-11-29'),(10,520000,'available','63c6891a-fd41-4342-99bb-6c7d561581af','2025-11-30'),(10,400000,'available','63c6891a-fd41-4342-99bb-6c7d561581af','2025-12-01'),(10,400000,'available','63c6891a-fd41-4342-99bb-6c7d561581af','2025-12-02'),(10,400000,'available','63c6891a-fd41-4342-99bb-6c7d561581af','2025-12-03'),(10,400000,'available','63c6891a-fd41-4342-99bb-6c7d561581af','2025-12-04'),(10,400000,'available','63c6891a-fd41-4342-99bb-6c7d561581af','2025-12-05'),(10,520000,'available','63c6891a-fd41-4342-99bb-6c7d561581af','2025-12-06'),(10,520000,'available','63c6891a-fd41-4342-99bb-6c7d561581af','2025-12-07'),(10,400000,'available','63c6891a-fd41-4342-99bb-6c7d561581af','2025-12-08'),(10,400000,'available','63c6891a-fd41-4342-99bb-6c7d561581af','2025-12-09'),(10,400000,'available','63c6891a-fd41-4342-99bb-6c7d561581af','2025-12-10'),(10,400000,'available','63c6891a-fd41-4342-99bb-6c7d561581af','2025-12-11'),(10,352000,'available','63c6891a-fd41-4342-99bb-6c7d561581af','2025-12-12'),(10,520000,'available','63c6891a-fd41-4342-99bb-6c7d561581af','2025-12-13'),(10,520000,'available','63c6891a-fd41-4342-99bb-6c7d561581af','2025-12-14'),(10,400000,'available','63c6891a-fd41-4342-99bb-6c7d561581af','2025-12-15'),(10,400000,'available','63c6891a-fd41-4342-99bb-6c7d561581af','2025-12-16'),(10,400000,'available','63c6891a-fd41-4342-99bb-6c7d561581af','2025-12-17'),(10,400000,'available','63c6891a-fd41-4342-99bb-6c7d561581af','2025-12-18'),(10,400000,'available','63c6891a-fd41-4342-99bb-6c7d561581af','2025-12-19'),(10,520000,'available','63c6891a-fd41-4342-99bb-6c7d561581af','2025-12-20'),(10,520000,'available','63c6891a-fd41-4342-99bb-6c7d561581af','2025-12-21'),(10,400000,'available','63c6891a-fd41-4342-99bb-6c7d561581af','2025-12-22'),(10,400000,'available','63c6891a-fd41-4342-99bb-6c7d561581af','2025-12-23'),(10,400000,'available','63c6891a-fd41-4342-99bb-6c7d561581af','2025-12-24'),(10,300000,'available','63c6891a-fd41-4342-99bb-6c7d561581af','2025-12-25'),(10,400000,'available','63c6891a-fd41-4342-99bb-6c7d561581af','2025-12-26'),(10,520000,'available','63c6891a-fd41-4342-99bb-6c7d561581af','2025-12-27'),(10,520000,'available','63c6891a-fd41-4342-99bb-6c7d561581af','2025-12-28'),(10,400000,'available','63c6891a-fd41-4342-99bb-6c7d561581af','2025-12-29'),(10,400000,'available','63c6891a-fd41-4342-99bb-6c7d561581af','2025-12-30'),(10,400000,'available','63c6891a-fd41-4342-99bb-6c7d561581af','2025-12-31'),(10,400000,'available','63c6891a-fd41-4342-99bb-6c7d561581af','2026-01-01'),(10,400000,'available','63c6891a-fd41-4342-99bb-6c7d561581af','2026-01-02'),(10,520000,'available','63c6891a-fd41-4342-99bb-6c7d561581af','2026-01-03'),(10,520000,'available','63c6891a-fd41-4342-99bb-6c7d561581af','2026-01-04'),(10,400000,'available','63c6891a-fd41-4342-99bb-6c7d561581af','2026-01-05'),(10,400000,'available','63c6891a-fd41-4342-99bb-6c7d561581af','2026-01-06'),(10,400000,'available','63c6891a-fd41-4342-99bb-6c7d561581af','2026-01-07'),(10,600000,'available','6820eebb-2b14-4c13-9229-82571325be85','2025-10-10'),(10,600000,'available','6820eebb-2b14-4c13-9229-82571325be85','2025-10-11'),(10,600000,'available','6820eebb-2b14-4c13-9229-82571325be85','2025-10-12'),(10,600000,'available','6820eebb-2b14-4c13-9229-82571325be85','2025-10-13'),(10,600000,'available','6820eebb-2b14-4c13-9229-82571325be85','2025-10-14'),(10,600000,'available','6820eebb-2b14-4c13-9229-82571325be85','2025-10-15'),(10,600000,'available','6820eebb-2b14-4c13-9229-82571325be85','2025-10-16'),(10,600000,'available','6820eebb-2b14-4c13-9229-82571325be85','2025-10-17'),(10,600000,'available','6820eebb-2b14-4c13-9229-82571325be85','2025-10-18'),(10,600000,'available','6820eebb-2b14-4c13-9229-82571325be85','2025-10-19'),(10,600000,'available','6820eebb-2b14-4c13-9229-82571325be85','2025-10-20'),(10,600000,'available','6820eebb-2b14-4c13-9229-82571325be85','2025-10-21'),(10,600000,'available','6820eebb-2b14-4c13-9229-82571325be85','2025-10-22'),(10,600000,'available','6820eebb-2b14-4c13-9229-82571325be85','2025-10-23'),(10,600000,'available','6820eebb-2b14-4c13-9229-82571325be85','2025-10-24'),(10,780000,'available','6820eebb-2b14-4c13-9229-82571325be85','2025-10-25'),(10,780000,'available','6820eebb-2b14-4c13-9229-82571325be85','2025-10-26'),(10,600000,'available','6820eebb-2b14-4c13-9229-82571325be85','2025-10-27'),(10,600000,'available','6820eebb-2b14-4c13-9229-82571325be85','2025-10-28'),(10,600000,'available','6820eebb-2b14-4c13-9229-82571325be85','2025-10-29'),(10,600000,'available','6820eebb-2b14-4c13-9229-82571325be85','2025-10-30'),(10,600000,'available','6820eebb-2b14-4c13-9229-82571325be85','2025-10-31'),(10,780000,'available','6820eebb-2b14-4c13-9229-82571325be85','2025-11-01'),(10,780000,'available','6820eebb-2b14-4c13-9229-82571325be85','2025-11-02'),(10,600000,'available','6820eebb-2b14-4c13-9229-82571325be85','2025-11-03'),(10,600000,'available','6820eebb-2b14-4c13-9229-82571325be85','2025-11-04'),(10,600000,'available','6820eebb-2b14-4c13-9229-82571325be85','2025-11-05'),(10,600000,'available','6820eebb-2b14-4c13-9229-82571325be85','2025-11-06'),(10,600000,'available','6820eebb-2b14-4c13-9229-82571325be85','2025-11-07'),(10,780000,'available','6820eebb-2b14-4c13-9229-82571325be85','2025-11-08'),(10,780000,'available','6820eebb-2b14-4c13-9229-82571325be85','2025-11-09'),(10,600000,'available','6820eebb-2b14-4c13-9229-82571325be85','2025-11-10'),(10,534000,'available','6820eebb-2b14-4c13-9229-82571325be85','2025-11-11'),(10,600000,'available','6820eebb-2b14-4c13-9229-82571325be85','2025-11-12'),(10,600000,'available','6820eebb-2b14-4c13-9229-82571325be85','2025-11-13'),(10,600000,'available','6820eebb-2b14-4c13-9229-82571325be85','2025-11-14'),(10,780000,'available','6820eebb-2b14-4c13-9229-82571325be85','2025-11-15'),(10,780000,'available','6820eebb-2b14-4c13-9229-82571325be85','2025-11-16'),(10,600000,'available','6820eebb-2b14-4c13-9229-82571325be85','2025-11-17'),(10,600000,'available','6820eebb-2b14-4c13-9229-82571325be85','2025-11-18'),(10,600000,'available','6820eebb-2b14-4c13-9229-82571325be85','2025-11-19'),(10,510000,'available','6820eebb-2b14-4c13-9229-82571325be85','2025-11-20'),(10,600000,'available','6820eebb-2b14-4c13-9229-82571325be85','2025-11-21'),(10,780000,'available','6820eebb-2b14-4c13-9229-82571325be85','2025-11-22'),(10,780000,'available','6820eebb-2b14-4c13-9229-82571325be85','2025-11-23'),(10,600000,'available','6820eebb-2b14-4c13-9229-82571325be85','2025-11-24'),(10,600000,'available','6820eebb-2b14-4c13-9229-82571325be85','2025-11-25'),(10,600000,'available','6820eebb-2b14-4c13-9229-82571325be85','2025-11-26'),(10,600000,'available','6820eebb-2b14-4c13-9229-82571325be85','2025-11-27'),(10,600000,'available','6820eebb-2b14-4c13-9229-82571325be85','2025-11-28'),(10,780000,'available','6820eebb-2b14-4c13-9229-82571325be85','2025-11-29'),(10,780000,'available','6820eebb-2b14-4c13-9229-82571325be85','2025-11-30'),(10,600000,'available','6820eebb-2b14-4c13-9229-82571325be85','2025-12-01'),(10,600000,'available','6820eebb-2b14-4c13-9229-82571325be85','2025-12-02'),(10,600000,'available','6820eebb-2b14-4c13-9229-82571325be85','2025-12-03'),(10,600000,'available','6820eebb-2b14-4c13-9229-82571325be85','2025-12-04'),(10,600000,'available','6820eebb-2b14-4c13-9229-82571325be85','2025-12-05'),(10,780000,'available','6820eebb-2b14-4c13-9229-82571325be85','2025-12-06'),(10,780000,'available','6820eebb-2b14-4c13-9229-82571325be85','2025-12-07'),(10,600000,'available','6820eebb-2b14-4c13-9229-82571325be85','2025-12-08'),(10,600000,'available','6820eebb-2b14-4c13-9229-82571325be85','2025-12-09'),(10,600000,'available','6820eebb-2b14-4c13-9229-82571325be85','2025-12-10'),(10,600000,'available','6820eebb-2b14-4c13-9229-82571325be85','2025-12-11'),(10,528000,'available','6820eebb-2b14-4c13-9229-82571325be85','2025-12-12'),(10,780000,'available','6820eebb-2b14-4c13-9229-82571325be85','2025-12-13'),(10,780000,'available','6820eebb-2b14-4c13-9229-82571325be85','2025-12-14'),(10,600000,'available','6820eebb-2b14-4c13-9229-82571325be85','2025-12-15'),(10,600000,'available','6820eebb-2b14-4c13-9229-82571325be85','2025-12-16'),(10,600000,'available','6820eebb-2b14-4c13-9229-82571325be85','2025-12-17'),(10,600000,'available','6820eebb-2b14-4c13-9229-82571325be85','2025-12-18'),(10,600000,'available','6820eebb-2b14-4c13-9229-82571325be85','2025-12-19'),(10,780000,'available','6820eebb-2b14-4c13-9229-82571325be85','2025-12-20'),(10,780000,'available','6820eebb-2b14-4c13-9229-82571325be85','2025-12-21'),(10,600000,'available','6820eebb-2b14-4c13-9229-82571325be85','2025-12-22'),(10,600000,'available','6820eebb-2b14-4c13-9229-82571325be85','2025-12-23'),(10,600000,'available','6820eebb-2b14-4c13-9229-82571325be85','2025-12-24'),(10,450000,'available','6820eebb-2b14-4c13-9229-82571325be85','2025-12-25'),(10,600000,'available','6820eebb-2b14-4c13-9229-82571325be85','2025-12-26'),(10,780000,'available','6820eebb-2b14-4c13-9229-82571325be85','2025-12-27'),(10,780000,'available','6820eebb-2b14-4c13-9229-82571325be85','2025-12-28'),(10,600000,'available','6820eebb-2b14-4c13-9229-82571325be85','2025-12-29'),(10,600000,'available','6820eebb-2b14-4c13-9229-82571325be85','2025-12-30'),(10,600000,'available','6820eebb-2b14-4c13-9229-82571325be85','2025-12-31'),(10,600000,'available','6820eebb-2b14-4c13-9229-82571325be85','2026-01-01'),(10,600000,'available','6820eebb-2b14-4c13-9229-82571325be85','2026-01-02'),(10,780000,'available','6820eebb-2b14-4c13-9229-82571325be85','2026-01-03'),(10,780000,'available','6820eebb-2b14-4c13-9229-82571325be85','2026-01-04'),(10,600000,'available','6820eebb-2b14-4c13-9229-82571325be85','2026-01-05'),(10,600000,'available','6820eebb-2b14-4c13-9229-82571325be85','2026-01-06'),(10,600000,'available','6820eebb-2b14-4c13-9229-82571325be85','2026-01-07'),(3,865000,'available','8be5b61b-0780-4660-8a46-0a76fd15cd2a','2025-11-20'),(3,865000,'available','8be5b61b-0780-4660-8a46-0a76fd15cd2a','2025-11-21'),(3,865000,'available','8be5b61b-0780-4660-8a46-0a76fd15cd2a','2025-11-22'),(4,865000,'available','8be5b61b-0780-4660-8a46-0a76fd15cd2a','2025-11-23'),(4,865000,'available','8be5b61b-0780-4660-8a46-0a76fd15cd2a','2025-11-24'),(4,865000,'available','8be5b61b-0780-4660-8a46-0a76fd15cd2a','2025-11-25'),(4,865000,'available','8be5b61b-0780-4660-8a46-0a76fd15cd2a','2025-11-26'),(4,865000,'available','8be5b61b-0780-4660-8a46-0a76fd15cd2a','2025-11-27'),(4,865000,'available','8be5b61b-0780-4660-8a46-0a76fd15cd2a','2025-11-28'),(4,865000,'available','8be5b61b-0780-4660-8a46-0a76fd15cd2a','2025-11-29'),(4,865000,'available','8be5b61b-0780-4660-8a46-0a76fd15cd2a','2025-11-30'),(4,865000,'available','8be5b61b-0780-4660-8a46-0a76fd15cd2a','2025-12-01'),(4,865000,'available','8be5b61b-0780-4660-8a46-0a76fd15cd2a','2025-12-02'),(4,865000,'available','8be5b61b-0780-4660-8a46-0a76fd15cd2a','2025-12-03'),(4,865000,'available','8be5b61b-0780-4660-8a46-0a76fd15cd2a','2025-12-04'),(4,865000,'available','8be5b61b-0780-4660-8a46-0a76fd15cd2a','2025-12-05'),(4,865000,'available','8be5b61b-0780-4660-8a46-0a76fd15cd2a','2025-12-06'),(4,865000,'available','8be5b61b-0780-4660-8a46-0a76fd15cd2a','2025-12-07'),(4,865000,'available','8be5b61b-0780-4660-8a46-0a76fd15cd2a','2025-12-08'),(4,865000,'available','8be5b61b-0780-4660-8a46-0a76fd15cd2a','2025-12-09'),(4,865000,'available','8be5b61b-0780-4660-8a46-0a76fd15cd2a','2025-12-10'),(4,865000,'available','8be5b61b-0780-4660-8a46-0a76fd15cd2a','2025-12-11'),(4,865000,'available','8be5b61b-0780-4660-8a46-0a76fd15cd2a','2025-12-12'),(4,865000,'available','8be5b61b-0780-4660-8a46-0a76fd15cd2a','2025-12-13'),(4,865000,'available','8be5b61b-0780-4660-8a46-0a76fd15cd2a','2025-12-14'),(4,865000,'available','8be5b61b-0780-4660-8a46-0a76fd15cd2a','2025-12-15'),(4,865000,'available','8be5b61b-0780-4660-8a46-0a76fd15cd2a','2025-12-16'),(4,865000,'available','8be5b61b-0780-4660-8a46-0a76fd15cd2a','2025-12-17'),(4,865000,'available','8be5b61b-0780-4660-8a46-0a76fd15cd2a','2025-12-18'),(4,865000,'available','8be5b61b-0780-4660-8a46-0a76fd15cd2a','2025-12-19'),(4,865000,'available','8be5b61b-0780-4660-8a46-0a76fd15cd2a','2025-12-20'),(4,865000,'available','8be5b61b-0780-4660-8a46-0a76fd15cd2a','2025-12-21'),(4,865000,'available','8be5b61b-0780-4660-8a46-0a76fd15cd2a','2025-12-22'),(4,865000,'available','8be5b61b-0780-4660-8a46-0a76fd15cd2a','2025-12-23'),(4,865000,'available','8be5b61b-0780-4660-8a46-0a76fd15cd2a','2025-12-24'),(4,865000,'available','8be5b61b-0780-4660-8a46-0a76fd15cd2a','2025-12-25'),(4,865000,'available','8be5b61b-0780-4660-8a46-0a76fd15cd2a','2025-12-26'),(4,865000,'available','8be5b61b-0780-4660-8a46-0a76fd15cd2a','2025-12-27'),(4,865000,'available','8be5b61b-0780-4660-8a46-0a76fd15cd2a','2025-12-28'),(4,865000,'available','8be5b61b-0780-4660-8a46-0a76fd15cd2a','2025-12-29'),(4,865000,'available','8be5b61b-0780-4660-8a46-0a76fd15cd2a','2025-12-30'),(4,865000,'available','8be5b61b-0780-4660-8a46-0a76fd15cd2a','2025-12-31'),(4,865000,'available','8be5b61b-0780-4660-8a46-0a76fd15cd2a','2026-01-01'),(4,865000,'available','8be5b61b-0780-4660-8a46-0a76fd15cd2a','2026-01-02'),(4,865000,'available','8be5b61b-0780-4660-8a46-0a76fd15cd2a','2026-01-03'),(4,865000,'available','8be5b61b-0780-4660-8a46-0a76fd15cd2a','2026-01-04'),(4,865000,'available','8be5b61b-0780-4660-8a46-0a76fd15cd2a','2026-01-05'),(4,865000,'available','8be5b61b-0780-4660-8a46-0a76fd15cd2a','2026-01-06'),(4,865000,'available','8be5b61b-0780-4660-8a46-0a76fd15cd2a','2026-01-07'),(4,865000,'available','8be5b61b-0780-4660-8a46-0a76fd15cd2a','2026-01-08'),(4,865000,'available','8be5b61b-0780-4660-8a46-0a76fd15cd2a','2026-01-09'),(4,865000,'available','8be5b61b-0780-4660-8a46-0a76fd15cd2a','2026-01-10'),(4,865000,'available','8be5b61b-0780-4660-8a46-0a76fd15cd2a','2026-01-11'),(4,865000,'available','8be5b61b-0780-4660-8a46-0a76fd15cd2a','2026-01-12'),(4,865000,'available','8be5b61b-0780-4660-8a46-0a76fd15cd2a','2026-01-13'),(4,865000,'available','8be5b61b-0780-4660-8a46-0a76fd15cd2a','2026-01-14'),(4,865000,'available','8be5b61b-0780-4660-8a46-0a76fd15cd2a','2026-01-15'),(4,865000,'available','8be5b61b-0780-4660-8a46-0a76fd15cd2a','2026-01-16'),(4,865000,'available','8be5b61b-0780-4660-8a46-0a76fd15cd2a','2026-01-17'),(4,865000,'available','8be5b61b-0780-4660-8a46-0a76fd15cd2a','2026-01-18'),(4,865000,'available','8be5b61b-0780-4660-8a46-0a76fd15cd2a','2026-01-19'),(4,865000,'available','8be5b61b-0780-4660-8a46-0a76fd15cd2a','2026-01-20'),(4,865000,'available','8be5b61b-0780-4660-8a46-0a76fd15cd2a','2026-01-21'),(4,865000,'available','8be5b61b-0780-4660-8a46-0a76fd15cd2a','2026-01-22'),(4,865000,'available','8be5b61b-0780-4660-8a46-0a76fd15cd2a','2026-01-23'),(4,865000,'available','8be5b61b-0780-4660-8a46-0a76fd15cd2a','2026-01-24'),(4,865000,'available','8be5b61b-0780-4660-8a46-0a76fd15cd2a','2026-01-25'),(4,865000,'available','8be5b61b-0780-4660-8a46-0a76fd15cd2a','2026-01-26'),(4,865000,'available','8be5b61b-0780-4660-8a46-0a76fd15cd2a','2026-01-27'),(4,865000,'available','8be5b61b-0780-4660-8a46-0a76fd15cd2a','2026-01-28'),(4,865000,'available','8be5b61b-0780-4660-8a46-0a76fd15cd2a','2026-01-29'),(4,865000,'available','8be5b61b-0780-4660-8a46-0a76fd15cd2a','2026-01-30'),(4,865000,'available','8be5b61b-0780-4660-8a46-0a76fd15cd2a','2026-01-31'),(4,865000,'available','8be5b61b-0780-4660-8a46-0a76fd15cd2a','2026-02-01'),(4,865000,'available','8be5b61b-0780-4660-8a46-0a76fd15cd2a','2026-02-02'),(4,865000,'available','8be5b61b-0780-4660-8a46-0a76fd15cd2a','2026-02-03'),(4,865000,'available','8be5b61b-0780-4660-8a46-0a76fd15cd2a','2026-02-04'),(4,865000,'available','8be5b61b-0780-4660-8a46-0a76fd15cd2a','2026-02-05'),(4,865000,'available','8be5b61b-0780-4660-8a46-0a76fd15cd2a','2026-02-06'),(4,865000,'available','8be5b61b-0780-4660-8a46-0a76fd15cd2a','2026-02-07'),(4,865000,'available','8be5b61b-0780-4660-8a46-0a76fd15cd2a','2026-02-08'),(4,865000,'available','8be5b61b-0780-4660-8a46-0a76fd15cd2a','2026-02-09'),(4,865000,'available','8be5b61b-0780-4660-8a46-0a76fd15cd2a','2026-02-10'),(4,865000,'available','8be5b61b-0780-4660-8a46-0a76fd15cd2a','2026-02-11'),(4,865000,'available','8be5b61b-0780-4660-8a46-0a76fd15cd2a','2026-02-12'),(4,865000,'available','8be5b61b-0780-4660-8a46-0a76fd15cd2a','2026-02-13'),(4,865000,'available','8be5b61b-0780-4660-8a46-0a76fd15cd2a','2026-02-14'),(4,865000,'available','8be5b61b-0780-4660-8a46-0a76fd15cd2a','2026-02-15'),(4,865000,'available','8be5b61b-0780-4660-8a46-0a76fd15cd2a','2026-02-16'),(4,865000,'available','8be5b61b-0780-4660-8a46-0a76fd15cd2a','2026-02-17'),(10,3500000,'available','a865a311-53ee-4944-99d0-9e01e2043028','2025-10-08'),(10,3500000,'available','a865a311-53ee-4944-99d0-9e01e2043028','2025-10-09'),(10,3500000,'available','a865a311-53ee-4944-99d0-9e01e2043028','2025-10-10'),(10,3500000,'available','a865a311-53ee-4944-99d0-9e01e2043028','2025-10-11'),(10,3500000,'available','a865a311-53ee-4944-99d0-9e01e2043028','2025-10-12'),(10,3500000,'available','a865a311-53ee-4944-99d0-9e01e2043028','2025-10-13'),(10,3500000,'available','a865a311-53ee-4944-99d0-9e01e2043028','2025-10-14'),(10,3500000,'available','a865a311-53ee-4944-99d0-9e01e2043028','2025-10-15'),(10,3500000,'available','a865a311-53ee-4944-99d0-9e01e2043028','2025-10-16'),(10,3500000,'available','a865a311-53ee-4944-99d0-9e01e2043028','2025-10-17'),(10,3500000,'available','a865a311-53ee-4944-99d0-9e01e2043028','2025-10-18'),(10,3500000,'available','a865a311-53ee-4944-99d0-9e01e2043028','2025-10-19'),(10,3500000,'available','a865a311-53ee-4944-99d0-9e01e2043028','2025-10-20'),(10,3500000,'available','a865a311-53ee-4944-99d0-9e01e2043028','2025-10-21'),(10,3500000,'available','a865a311-53ee-4944-99d0-9e01e2043028','2025-10-22'),(10,3500000,'available','a865a311-53ee-4944-99d0-9e01e2043028','2025-10-23'),(10,3500000,'available','a865a311-53ee-4944-99d0-9e01e2043028','2025-10-24'),(10,4550000,'available','a865a311-53ee-4944-99d0-9e01e2043028','2025-10-25'),(10,4550000,'available','a865a311-53ee-4944-99d0-9e01e2043028','2025-10-26'),(10,3500000,'available','a865a311-53ee-4944-99d0-9e01e2043028','2025-10-27'),(10,3500000,'available','a865a311-53ee-4944-99d0-9e01e2043028','2025-10-28'),(10,3500000,'available','a865a311-53ee-4944-99d0-9e01e2043028','2025-10-29'),(10,3500000,'available','a865a311-53ee-4944-99d0-9e01e2043028','2025-10-30'),(10,3500000,'available','a865a311-53ee-4944-99d0-9e01e2043028','2025-10-31'),(9,4550000,'available','a865a311-53ee-4944-99d0-9e01e2043028','2025-11-01'),(10,4550000,'available','a865a311-53ee-4944-99d0-9e01e2043028','2025-11-02'),(10,3500000,'available','a865a311-53ee-4944-99d0-9e01e2043028','2025-11-03'),(10,3500000,'available','a865a311-53ee-4944-99d0-9e01e2043028','2025-11-04'),(10,3500000,'available','a865a311-53ee-4944-99d0-9e01e2043028','2025-11-05'),(10,3500000,'available','a865a311-53ee-4944-99d0-9e01e2043028','2025-11-06'),(10,3500000,'available','a865a311-53ee-4944-99d0-9e01e2043028','2025-11-07'),(10,4550000,'available','a865a311-53ee-4944-99d0-9e01e2043028','2025-11-08'),(10,4550000,'available','a865a311-53ee-4944-99d0-9e01e2043028','2025-11-09'),(10,3500000,'available','a865a311-53ee-4944-99d0-9e01e2043028','2025-11-10'),(10,3115000,'available','a865a311-53ee-4944-99d0-9e01e2043028','2025-11-11'),(10,3500000,'available','a865a311-53ee-4944-99d0-9e01e2043028','2025-11-12'),(10,3500000,'available','a865a311-53ee-4944-99d0-9e01e2043028','2025-11-13'),(10,3500000,'available','a865a311-53ee-4944-99d0-9e01e2043028','2025-11-14'),(10,4550000,'available','a865a311-53ee-4944-99d0-9e01e2043028','2025-11-15'),(10,4550000,'available','a865a311-53ee-4944-99d0-9e01e2043028','2025-11-16'),(10,3500000,'available','a865a311-53ee-4944-99d0-9e01e2043028','2025-11-17'),(10,3500000,'available','a865a311-53ee-4944-99d0-9e01e2043028','2025-11-18'),(10,3500000,'available','a865a311-53ee-4944-99d0-9e01e2043028','2025-11-19'),(10,2975000,'available','a865a311-53ee-4944-99d0-9e01e2043028','2025-11-20'),(10,3500000,'available','a865a311-53ee-4944-99d0-9e01e2043028','2025-11-21'),(10,4550000,'available','a865a311-53ee-4944-99d0-9e01e2043028','2025-11-22'),(10,4550000,'available','a865a311-53ee-4944-99d0-9e01e2043028','2025-11-23'),(10,3500000,'available','a865a311-53ee-4944-99d0-9e01e2043028','2025-11-24'),(10,3500000,'available','a865a311-53ee-4944-99d0-9e01e2043028','2025-11-25'),(10,3500000,'available','a865a311-53ee-4944-99d0-9e01e2043028','2025-11-26'),(10,3500000,'available','a865a311-53ee-4944-99d0-9e01e2043028','2025-11-27'),(10,3500000,'available','a865a311-53ee-4944-99d0-9e01e2043028','2025-11-28'),(10,4550000,'available','a865a311-53ee-4944-99d0-9e01e2043028','2025-11-29'),(10,4550000,'available','a865a311-53ee-4944-99d0-9e01e2043028','2025-11-30'),(10,3500000,'available','a865a311-53ee-4944-99d0-9e01e2043028','2025-12-01'),(10,3500000,'available','a865a311-53ee-4944-99d0-9e01e2043028','2025-12-02'),(10,3500000,'available','a865a311-53ee-4944-99d0-9e01e2043028','2025-12-03'),(10,3500000,'available','a865a311-53ee-4944-99d0-9e01e2043028','2025-12-04'),(10,3500000,'available','a865a311-53ee-4944-99d0-9e01e2043028','2025-12-05'),(10,4550000,'available','a865a311-53ee-4944-99d0-9e01e2043028','2025-12-06'),(10,4550000,'available','a865a311-53ee-4944-99d0-9e01e2043028','2025-12-07'),(10,3500000,'available','a865a311-53ee-4944-99d0-9e01e2043028','2025-12-08'),(9,3500000,'available','a865a311-53ee-4944-99d0-9e01e2043028','2025-12-09'),(9,3500000,'available','a865a311-53ee-4944-99d0-9e01e2043028','2025-12-10'),(9,3500000,'available','a865a311-53ee-4944-99d0-9e01e2043028','2025-12-11'),(10,3080000,'available','a865a311-53ee-4944-99d0-9e01e2043028','2025-12-12'),(10,4550000,'available','a865a311-53ee-4944-99d0-9e01e2043028','2025-12-13'),(10,4550000,'available','a865a311-53ee-4944-99d0-9e01e2043028','2025-12-14'),(10,3500000,'available','a865a311-53ee-4944-99d0-9e01e2043028','2025-12-15'),(10,3500000,'available','a865a311-53ee-4944-99d0-9e01e2043028','2025-12-16'),(10,3500000,'available','a865a311-53ee-4944-99d0-9e01e2043028','2025-12-17'),(10,3500000,'available','a865a311-53ee-4944-99d0-9e01e2043028','2025-12-18'),(10,3500000,'available','a865a311-53ee-4944-99d0-9e01e2043028','2025-12-19'),(10,4550000,'available','a865a311-53ee-4944-99d0-9e01e2043028','2025-12-20'),(10,4550000,'available','a865a311-53ee-4944-99d0-9e01e2043028','2025-12-21'),(10,3500000,'available','a865a311-53ee-4944-99d0-9e01e2043028','2025-12-22'),(10,3500000,'available','a865a311-53ee-4944-99d0-9e01e2043028','2025-12-23'),(10,3500000,'available','a865a311-53ee-4944-99d0-9e01e2043028','2025-12-24'),(10,2625000,'available','a865a311-53ee-4944-99d0-9e01e2043028','2025-12-25'),(10,3500000,'available','a865a311-53ee-4944-99d0-9e01e2043028','2025-12-26'),(10,4550000,'available','a865a311-53ee-4944-99d0-9e01e2043028','2025-12-27'),(10,4550000,'available','a865a311-53ee-4944-99d0-9e01e2043028','2025-12-28'),(10,3500000,'available','a865a311-53ee-4944-99d0-9e01e2043028','2025-12-29'),(10,3500000,'available','a865a311-53ee-4944-99d0-9e01e2043028','2025-12-30'),(10,3500000,'available','a865a311-53ee-4944-99d0-9e01e2043028','2025-12-31'),(10,3500000,'available','a865a311-53ee-4944-99d0-9e01e2043028','2026-01-01'),(10,3500000,'available','a865a311-53ee-4944-99d0-9e01e2043028','2026-01-02'),(10,4550000,'available','a865a311-53ee-4944-99d0-9e01e2043028','2026-01-03'),(10,4550000,'available','a865a311-53ee-4944-99d0-9e01e2043028','2026-01-04'),(10,3500000,'available','a865a311-53ee-4944-99d0-9e01e2043028','2026-01-05'),(10,700000,'available','bdacab34-0014-4c8d-acd3-ffb8ab98bf71','2025-10-10'),(10,700000,'available','bdacab34-0014-4c8d-acd3-ffb8ab98bf71','2025-10-11'),(10,700000,'available','bdacab34-0014-4c8d-acd3-ffb8ab98bf71','2025-10-12'),(10,700000,'available','bdacab34-0014-4c8d-acd3-ffb8ab98bf71','2025-10-13'),(10,700000,'available','bdacab34-0014-4c8d-acd3-ffb8ab98bf71','2025-10-14'),(10,700000,'available','bdacab34-0014-4c8d-acd3-ffb8ab98bf71','2025-10-15'),(10,700000,'available','bdacab34-0014-4c8d-acd3-ffb8ab98bf71','2025-10-16'),(10,700000,'available','bdacab34-0014-4c8d-acd3-ffb8ab98bf71','2025-10-17'),(10,700000,'available','bdacab34-0014-4c8d-acd3-ffb8ab98bf71','2025-10-18'),(10,700000,'available','bdacab34-0014-4c8d-acd3-ffb8ab98bf71','2025-10-19'),(10,700000,'available','bdacab34-0014-4c8d-acd3-ffb8ab98bf71','2025-10-20'),(10,700000,'available','bdacab34-0014-4c8d-acd3-ffb8ab98bf71','2025-10-21'),(10,700000,'available','bdacab34-0014-4c8d-acd3-ffb8ab98bf71','2025-10-22'),(10,700000,'available','bdacab34-0014-4c8d-acd3-ffb8ab98bf71','2025-10-23'),(10,700000,'available','bdacab34-0014-4c8d-acd3-ffb8ab98bf71','2025-10-24'),(10,910000,'available','bdacab34-0014-4c8d-acd3-ffb8ab98bf71','2025-10-25'),(10,910000,'available','bdacab34-0014-4c8d-acd3-ffb8ab98bf71','2025-10-26'),(10,700000,'available','bdacab34-0014-4c8d-acd3-ffb8ab98bf71','2025-10-27'),(10,700000,'available','bdacab34-0014-4c8d-acd3-ffb8ab98bf71','2025-10-28'),(10,700000,'available','bdacab34-0014-4c8d-acd3-ffb8ab98bf71','2025-10-29'),(10,700000,'available','bdacab34-0014-4c8d-acd3-ffb8ab98bf71','2025-10-30'),(10,700000,'available','bdacab34-0014-4c8d-acd3-ffb8ab98bf71','2025-10-31'),(10,910000,'available','bdacab34-0014-4c8d-acd3-ffb8ab98bf71','2025-11-01'),(10,910000,'available','bdacab34-0014-4c8d-acd3-ffb8ab98bf71','2025-11-02'),(10,700000,'available','bdacab34-0014-4c8d-acd3-ffb8ab98bf71','2025-11-03'),(10,700000,'available','bdacab34-0014-4c8d-acd3-ffb8ab98bf71','2025-11-04'),(10,700000,'available','bdacab34-0014-4c8d-acd3-ffb8ab98bf71','2025-11-05'),(10,700000,'available','bdacab34-0014-4c8d-acd3-ffb8ab98bf71','2025-11-06'),(10,700000,'available','bdacab34-0014-4c8d-acd3-ffb8ab98bf71','2025-11-07'),(10,910000,'available','bdacab34-0014-4c8d-acd3-ffb8ab98bf71','2025-11-08'),(10,910000,'available','bdacab34-0014-4c8d-acd3-ffb8ab98bf71','2025-11-09'),(10,700000,'available','bdacab34-0014-4c8d-acd3-ffb8ab98bf71','2025-11-10'),(10,623000,'available','bdacab34-0014-4c8d-acd3-ffb8ab98bf71','2025-11-11'),(10,700000,'available','bdacab34-0014-4c8d-acd3-ffb8ab98bf71','2025-11-12'),(10,700000,'available','bdacab34-0014-4c8d-acd3-ffb8ab98bf71','2025-11-13'),(10,700000,'available','bdacab34-0014-4c8d-acd3-ffb8ab98bf71','2025-11-14'),(10,910000,'available','bdacab34-0014-4c8d-acd3-ffb8ab98bf71','2025-11-15'),(10,910000,'available','bdacab34-0014-4c8d-acd3-ffb8ab98bf71','2025-11-16'),(10,700000,'available','bdacab34-0014-4c8d-acd3-ffb8ab98bf71','2025-11-17'),(10,700000,'available','bdacab34-0014-4c8d-acd3-ffb8ab98bf71','2025-11-18'),(10,700000,'available','bdacab34-0014-4c8d-acd3-ffb8ab98bf71','2025-11-19'),(10,595000,'available','bdacab34-0014-4c8d-acd3-ffb8ab98bf71','2025-11-20'),(10,700000,'available','bdacab34-0014-4c8d-acd3-ffb8ab98bf71','2025-11-21'),(10,910000,'available','bdacab34-0014-4c8d-acd3-ffb8ab98bf71','2025-11-22'),(10,910000,'available','bdacab34-0014-4c8d-acd3-ffb8ab98bf71','2025-11-23'),(10,700000,'available','bdacab34-0014-4c8d-acd3-ffb8ab98bf71','2025-11-24'),(10,700000,'available','bdacab34-0014-4c8d-acd3-ffb8ab98bf71','2025-11-25'),(10,700000,'available','bdacab34-0014-4c8d-acd3-ffb8ab98bf71','2025-11-26'),(10,700000,'available','bdacab34-0014-4c8d-acd3-ffb8ab98bf71','2025-11-27'),(10,700000,'available','bdacab34-0014-4c8d-acd3-ffb8ab98bf71','2025-11-28'),(10,910000,'available','bdacab34-0014-4c8d-acd3-ffb8ab98bf71','2025-11-29'),(10,910000,'available','bdacab34-0014-4c8d-acd3-ffb8ab98bf71','2025-11-30'),(10,700000,'available','bdacab34-0014-4c8d-acd3-ffb8ab98bf71','2025-12-01'),(10,700000,'available','bdacab34-0014-4c8d-acd3-ffb8ab98bf71','2025-12-02'),(10,700000,'available','bdacab34-0014-4c8d-acd3-ffb8ab98bf71','2025-12-03'),(10,700000,'available','bdacab34-0014-4c8d-acd3-ffb8ab98bf71','2025-12-04'),(10,700000,'available','bdacab34-0014-4c8d-acd3-ffb8ab98bf71','2025-12-05'),(10,910000,'available','bdacab34-0014-4c8d-acd3-ffb8ab98bf71','2025-12-06'),(10,910000,'available','bdacab34-0014-4c8d-acd3-ffb8ab98bf71','2025-12-07'),(10,700000,'available','bdacab34-0014-4c8d-acd3-ffb8ab98bf71','2025-12-08'),(10,700000,'available','bdacab34-0014-4c8d-acd3-ffb8ab98bf71','2025-12-09'),(10,700000,'available','bdacab34-0014-4c8d-acd3-ffb8ab98bf71','2025-12-10'),(10,700000,'available','bdacab34-0014-4c8d-acd3-ffb8ab98bf71','2025-12-11'),(10,616000,'available','bdacab34-0014-4c8d-acd3-ffb8ab98bf71','2025-12-12'),(10,910000,'available','bdacab34-0014-4c8d-acd3-ffb8ab98bf71','2025-12-13'),(10,910000,'available','bdacab34-0014-4c8d-acd3-ffb8ab98bf71','2025-12-14'),(10,700000,'available','bdacab34-0014-4c8d-acd3-ffb8ab98bf71','2025-12-15'),(10,700000,'available','bdacab34-0014-4c8d-acd3-ffb8ab98bf71','2025-12-16'),(10,700000,'available','bdacab34-0014-4c8d-acd3-ffb8ab98bf71','2025-12-17'),(10,700000,'available','bdacab34-0014-4c8d-acd3-ffb8ab98bf71','2025-12-18'),(10,700000,'available','bdacab34-0014-4c8d-acd3-ffb8ab98bf71','2025-12-19'),(10,910000,'available','bdacab34-0014-4c8d-acd3-ffb8ab98bf71','2025-12-20'),(10,910000,'available','bdacab34-0014-4c8d-acd3-ffb8ab98bf71','2025-12-21'),(10,700000,'available','bdacab34-0014-4c8d-acd3-ffb8ab98bf71','2025-12-22'),(10,700000,'available','bdacab34-0014-4c8d-acd3-ffb8ab98bf71','2025-12-23'),(10,700000,'available','bdacab34-0014-4c8d-acd3-ffb8ab98bf71','2025-12-24'),(10,525000,'available','bdacab34-0014-4c8d-acd3-ffb8ab98bf71','2025-12-25'),(10,700000,'available','bdacab34-0014-4c8d-acd3-ffb8ab98bf71','2025-12-26'),(10,910000,'available','bdacab34-0014-4c8d-acd3-ffb8ab98bf71','2025-12-27'),(10,910000,'available','bdacab34-0014-4c8d-acd3-ffb8ab98bf71','2025-12-28'),(10,700000,'available','bdacab34-0014-4c8d-acd3-ffb8ab98bf71','2025-12-29'),(10,700000,'available','bdacab34-0014-4c8d-acd3-ffb8ab98bf71','2025-12-30'),(10,700000,'available','bdacab34-0014-4c8d-acd3-ffb8ab98bf71','2025-12-31'),(10,700000,'available','bdacab34-0014-4c8d-acd3-ffb8ab98bf71','2026-01-01'),(10,700000,'available','bdacab34-0014-4c8d-acd3-ffb8ab98bf71','2026-01-02'),(10,910000,'available','bdacab34-0014-4c8d-acd3-ffb8ab98bf71','2026-01-03'),(10,910000,'available','bdacab34-0014-4c8d-acd3-ffb8ab98bf71','2026-01-04'),(10,700000,'available','bdacab34-0014-4c8d-acd3-ffb8ab98bf71','2026-01-05'),(10,700000,'available','bdacab34-0014-4c8d-acd3-ffb8ab98bf71','2026-01-06'),(10,700000,'available','bdacab34-0014-4c8d-acd3-ffb8ab98bf71','2026-01-07'),(10,1700000,'available','dcf4ecfc-1faf-4087-8487-84e451cdb6ef','2025-10-08'),(10,1700000,'available','dcf4ecfc-1faf-4087-8487-84e451cdb6ef','2025-10-09'),(10,1700000,'available','dcf4ecfc-1faf-4087-8487-84e451cdb6ef','2025-10-10'),(10,1700000,'available','dcf4ecfc-1faf-4087-8487-84e451cdb6ef','2025-10-11'),(10,1700000,'available','dcf4ecfc-1faf-4087-8487-84e451cdb6ef','2025-10-12'),(10,1700000,'available','dcf4ecfc-1faf-4087-8487-84e451cdb6ef','2025-10-13'),(10,1700000,'available','dcf4ecfc-1faf-4087-8487-84e451cdb6ef','2025-10-14'),(10,1700000,'available','dcf4ecfc-1faf-4087-8487-84e451cdb6ef','2025-10-15'),(10,1700000,'available','dcf4ecfc-1faf-4087-8487-84e451cdb6ef','2025-10-16'),(10,1700000,'available','dcf4ecfc-1faf-4087-8487-84e451cdb6ef','2025-10-17'),(10,1700000,'available','dcf4ecfc-1faf-4087-8487-84e451cdb6ef','2025-10-18'),(10,1700000,'available','dcf4ecfc-1faf-4087-8487-84e451cdb6ef','2025-10-19'),(10,1700000,'available','dcf4ecfc-1faf-4087-8487-84e451cdb6ef','2025-10-20'),(10,1700000,'available','dcf4ecfc-1faf-4087-8487-84e451cdb6ef','2025-10-21'),(10,1700000,'available','dcf4ecfc-1faf-4087-8487-84e451cdb6ef','2025-10-22'),(10,1700000,'available','dcf4ecfc-1faf-4087-8487-84e451cdb6ef','2025-10-23'),(10,1700000,'available','dcf4ecfc-1faf-4087-8487-84e451cdb6ef','2025-10-24'),(10,2210000,'available','dcf4ecfc-1faf-4087-8487-84e451cdb6ef','2025-10-25'),(10,2210000,'available','dcf4ecfc-1faf-4087-8487-84e451cdb6ef','2025-10-26'),(10,1700000,'available','dcf4ecfc-1faf-4087-8487-84e451cdb6ef','2025-10-27'),(10,1700000,'available','dcf4ecfc-1faf-4087-8487-84e451cdb6ef','2025-10-28'),(10,1700000,'available','dcf4ecfc-1faf-4087-8487-84e451cdb6ef','2025-10-29'),(9,1700000,'available','dcf4ecfc-1faf-4087-8487-84e451cdb6ef','2025-10-30'),(9,1700000,'available','dcf4ecfc-1faf-4087-8487-84e451cdb6ef','2025-10-31'),(10,2210000,'available','dcf4ecfc-1faf-4087-8487-84e451cdb6ef','2025-11-01'),(10,2210000,'available','dcf4ecfc-1faf-4087-8487-84e451cdb6ef','2025-11-02'),(10,1700000,'available','dcf4ecfc-1faf-4087-8487-84e451cdb6ef','2025-11-03'),(10,1700000,'available','dcf4ecfc-1faf-4087-8487-84e451cdb6ef','2025-11-04'),(10,1700000,'available','dcf4ecfc-1faf-4087-8487-84e451cdb6ef','2025-11-05'),(10,1700000,'available','dcf4ecfc-1faf-4087-8487-84e451cdb6ef','2025-11-06'),(10,1700000,'available','dcf4ecfc-1faf-4087-8487-84e451cdb6ef','2025-11-07'),(10,2210000,'available','dcf4ecfc-1faf-4087-8487-84e451cdb6ef','2025-11-08'),(10,2210000,'available','dcf4ecfc-1faf-4087-8487-84e451cdb6ef','2025-11-09'),(10,1700000,'available','dcf4ecfc-1faf-4087-8487-84e451cdb6ef','2025-11-10'),(10,1513000,'available','dcf4ecfc-1faf-4087-8487-84e451cdb6ef','2025-11-11'),(10,1700000,'available','dcf4ecfc-1faf-4087-8487-84e451cdb6ef','2025-11-12'),(10,1700000,'available','dcf4ecfc-1faf-4087-8487-84e451cdb6ef','2025-11-13'),(10,1700000,'available','dcf4ecfc-1faf-4087-8487-84e451cdb6ef','2025-11-14'),(10,2210000,'available','dcf4ecfc-1faf-4087-8487-84e451cdb6ef','2025-11-15'),(10,2210000,'available','dcf4ecfc-1faf-4087-8487-84e451cdb6ef','2025-11-16'),(10,1700000,'available','dcf4ecfc-1faf-4087-8487-84e451cdb6ef','2025-11-17'),(10,1700000,'available','dcf4ecfc-1faf-4087-8487-84e451cdb6ef','2025-11-18'),(10,1700000,'available','dcf4ecfc-1faf-4087-8487-84e451cdb6ef','2025-11-19'),(10,1445000,'available','dcf4ecfc-1faf-4087-8487-84e451cdb6ef','2025-11-20'),(10,1700000,'available','dcf4ecfc-1faf-4087-8487-84e451cdb6ef','2025-11-21'),(10,2210000,'available','dcf4ecfc-1faf-4087-8487-84e451cdb6ef','2025-11-22'),(10,2210000,'available','dcf4ecfc-1faf-4087-8487-84e451cdb6ef','2025-11-23'),(10,1700000,'available','dcf4ecfc-1faf-4087-8487-84e451cdb6ef','2025-11-24'),(10,1700000,'available','dcf4ecfc-1faf-4087-8487-84e451cdb6ef','2025-11-25'),(10,1700000,'available','dcf4ecfc-1faf-4087-8487-84e451cdb6ef','2025-11-26'),(10,1700000,'available','dcf4ecfc-1faf-4087-8487-84e451cdb6ef','2025-11-27'),(10,1700000,'available','dcf4ecfc-1faf-4087-8487-84e451cdb6ef','2025-11-28'),(10,2210000,'available','dcf4ecfc-1faf-4087-8487-84e451cdb6ef','2025-11-29'),(10,2210000,'available','dcf4ecfc-1faf-4087-8487-84e451cdb6ef','2025-11-30'),(10,1700000,'available','dcf4ecfc-1faf-4087-8487-84e451cdb6ef','2025-12-01'),(10,1700000,'available','dcf4ecfc-1faf-4087-8487-84e451cdb6ef','2025-12-02'),(10,1700000,'available','dcf4ecfc-1faf-4087-8487-84e451cdb6ef','2025-12-03'),(10,1700000,'available','dcf4ecfc-1faf-4087-8487-84e451cdb6ef','2025-12-04'),(10,1700000,'available','dcf4ecfc-1faf-4087-8487-84e451cdb6ef','2025-12-05'),(10,2210000,'available','dcf4ecfc-1faf-4087-8487-84e451cdb6ef','2025-12-06'),(10,2210000,'available','dcf4ecfc-1faf-4087-8487-84e451cdb6ef','2025-12-07'),(10,1700000,'available','dcf4ecfc-1faf-4087-8487-84e451cdb6ef','2025-12-08'),(10,1700000,'available','dcf4ecfc-1faf-4087-8487-84e451cdb6ef','2025-12-09'),(10,1700000,'available','dcf4ecfc-1faf-4087-8487-84e451cdb6ef','2025-12-10'),(10,1700000,'available','dcf4ecfc-1faf-4087-8487-84e451cdb6ef','2025-12-11'),(10,1496000,'available','dcf4ecfc-1faf-4087-8487-84e451cdb6ef','2025-12-12'),(10,2210000,'available','dcf4ecfc-1faf-4087-8487-84e451cdb6ef','2025-12-13'),(10,2210000,'available','dcf4ecfc-1faf-4087-8487-84e451cdb6ef','2025-12-14'),(10,1700000,'available','dcf4ecfc-1faf-4087-8487-84e451cdb6ef','2025-12-15'),(10,1700000,'available','dcf4ecfc-1faf-4087-8487-84e451cdb6ef','2025-12-16'),(10,1700000,'available','dcf4ecfc-1faf-4087-8487-84e451cdb6ef','2025-12-17'),(10,1700000,'available','dcf4ecfc-1faf-4087-8487-84e451cdb6ef','2025-12-18'),(10,1700000,'available','dcf4ecfc-1faf-4087-8487-84e451cdb6ef','2025-12-19'),(10,2210000,'available','dcf4ecfc-1faf-4087-8487-84e451cdb6ef','2025-12-20'),(10,2210000,'available','dcf4ecfc-1faf-4087-8487-84e451cdb6ef','2025-12-21'),(10,1700000,'available','dcf4ecfc-1faf-4087-8487-84e451cdb6ef','2025-12-22'),(10,1700000,'available','dcf4ecfc-1faf-4087-8487-84e451cdb6ef','2025-12-23'),(10,1700000,'available','dcf4ecfc-1faf-4087-8487-84e451cdb6ef','2025-12-24'),(10,1275000,'available','dcf4ecfc-1faf-4087-8487-84e451cdb6ef','2025-12-25'),(10,1700000,'available','dcf4ecfc-1faf-4087-8487-84e451cdb6ef','2025-12-26'),(10,2210000,'available','dcf4ecfc-1faf-4087-8487-84e451cdb6ef','2025-12-27'),(10,2210000,'available','dcf4ecfc-1faf-4087-8487-84e451cdb6ef','2025-12-28'),(10,1700000,'available','dcf4ecfc-1faf-4087-8487-84e451cdb6ef','2025-12-29'),(10,1700000,'available','dcf4ecfc-1faf-4087-8487-84e451cdb6ef','2025-12-30'),(10,1700000,'available','dcf4ecfc-1faf-4087-8487-84e451cdb6ef','2025-12-31'),(10,1700000,'available','dcf4ecfc-1faf-4087-8487-84e451cdb6ef','2026-01-01'),(10,1700000,'available','dcf4ecfc-1faf-4087-8487-84e451cdb6ef','2026-01-02'),(10,2210000,'available','dcf4ecfc-1faf-4087-8487-84e451cdb6ef','2026-01-03'),(10,2210000,'available','dcf4ecfc-1faf-4087-8487-84e451cdb6ef','2026-01-04'),(10,1700000,'available','dcf4ecfc-1faf-4087-8487-84e451cdb6ef','2026-01-05'),(10,500000,'available','e62cfd7e-9fa5-4759-9af7-6df520aa2ddc','2025-10-10'),(10,500000,'available','e62cfd7e-9fa5-4759-9af7-6df520aa2ddc','2025-10-11'),(10,500000,'available','e62cfd7e-9fa5-4759-9af7-6df520aa2ddc','2025-10-12'),(10,500000,'available','e62cfd7e-9fa5-4759-9af7-6df520aa2ddc','2025-10-13'),(10,500000,'available','e62cfd7e-9fa5-4759-9af7-6df520aa2ddc','2025-10-14'),(10,500000,'available','e62cfd7e-9fa5-4759-9af7-6df520aa2ddc','2025-10-15'),(10,500000,'available','e62cfd7e-9fa5-4759-9af7-6df520aa2ddc','2025-10-16'),(10,500000,'available','e62cfd7e-9fa5-4759-9af7-6df520aa2ddc','2025-10-17'),(10,500000,'available','e62cfd7e-9fa5-4759-9af7-6df520aa2ddc','2025-10-18'),(10,500000,'available','e62cfd7e-9fa5-4759-9af7-6df520aa2ddc','2025-10-19'),(10,500000,'available','e62cfd7e-9fa5-4759-9af7-6df520aa2ddc','2025-10-20'),(10,500000,'available','e62cfd7e-9fa5-4759-9af7-6df520aa2ddc','2025-10-21'),(10,500000,'available','e62cfd7e-9fa5-4759-9af7-6df520aa2ddc','2025-10-22'),(10,500000,'available','e62cfd7e-9fa5-4759-9af7-6df520aa2ddc','2025-10-23'),(10,500000,'available','e62cfd7e-9fa5-4759-9af7-6df520aa2ddc','2025-10-24'),(10,650000,'available','e62cfd7e-9fa5-4759-9af7-6df520aa2ddc','2025-10-25'),(10,650000,'available','e62cfd7e-9fa5-4759-9af7-6df520aa2ddc','2025-10-26'),(10,500000,'available','e62cfd7e-9fa5-4759-9af7-6df520aa2ddc','2025-10-27'),(10,500000,'available','e62cfd7e-9fa5-4759-9af7-6df520aa2ddc','2025-10-28'),(10,500000,'available','e62cfd7e-9fa5-4759-9af7-6df520aa2ddc','2025-10-29'),(10,500000,'available','e62cfd7e-9fa5-4759-9af7-6df520aa2ddc','2025-10-30'),(10,500000,'available','e62cfd7e-9fa5-4759-9af7-6df520aa2ddc','2025-10-31'),(10,650000,'available','e62cfd7e-9fa5-4759-9af7-6df520aa2ddc','2025-11-01'),(10,650000,'available','e62cfd7e-9fa5-4759-9af7-6df520aa2ddc','2025-11-02'),(10,500000,'available','e62cfd7e-9fa5-4759-9af7-6df520aa2ddc','2025-11-03'),(10,500000,'available','e62cfd7e-9fa5-4759-9af7-6df520aa2ddc','2025-11-04'),(10,500000,'available','e62cfd7e-9fa5-4759-9af7-6df520aa2ddc','2025-11-05'),(10,500000,'available','e62cfd7e-9fa5-4759-9af7-6df520aa2ddc','2025-11-06'),(10,500000,'available','e62cfd7e-9fa5-4759-9af7-6df520aa2ddc','2025-11-07'),(10,650000,'available','e62cfd7e-9fa5-4759-9af7-6df520aa2ddc','2025-11-08'),(10,650000,'available','e62cfd7e-9fa5-4759-9af7-6df520aa2ddc','2025-11-09'),(10,500000,'available','e62cfd7e-9fa5-4759-9af7-6df520aa2ddc','2025-11-10'),(10,445000,'available','e62cfd7e-9fa5-4759-9af7-6df520aa2ddc','2025-11-11'),(10,500000,'available','e62cfd7e-9fa5-4759-9af7-6df520aa2ddc','2025-11-12'),(10,500000,'available','e62cfd7e-9fa5-4759-9af7-6df520aa2ddc','2025-11-13'),(10,500000,'available','e62cfd7e-9fa5-4759-9af7-6df520aa2ddc','2025-11-14'),(10,650000,'available','e62cfd7e-9fa5-4759-9af7-6df520aa2ddc','2025-11-15'),(10,650000,'available','e62cfd7e-9fa5-4759-9af7-6df520aa2ddc','2025-11-16'),(10,500000,'available','e62cfd7e-9fa5-4759-9af7-6df520aa2ddc','2025-11-17'),(10,500000,'available','e62cfd7e-9fa5-4759-9af7-6df520aa2ddc','2025-11-18'),(10,500000,'available','e62cfd7e-9fa5-4759-9af7-6df520aa2ddc','2025-11-19'),(10,425000,'available','e62cfd7e-9fa5-4759-9af7-6df520aa2ddc','2025-11-20'),(10,500000,'available','e62cfd7e-9fa5-4759-9af7-6df520aa2ddc','2025-11-21'),(10,650000,'available','e62cfd7e-9fa5-4759-9af7-6df520aa2ddc','2025-11-22'),(10,650000,'available','e62cfd7e-9fa5-4759-9af7-6df520aa2ddc','2025-11-23'),(10,500000,'available','e62cfd7e-9fa5-4759-9af7-6df520aa2ddc','2025-11-24'),(10,500000,'available','e62cfd7e-9fa5-4759-9af7-6df520aa2ddc','2025-11-25'),(10,500000,'available','e62cfd7e-9fa5-4759-9af7-6df520aa2ddc','2025-11-26'),(10,500000,'available','e62cfd7e-9fa5-4759-9af7-6df520aa2ddc','2025-11-27'),(10,500000,'available','e62cfd7e-9fa5-4759-9af7-6df520aa2ddc','2025-11-28'),(10,650000,'available','e62cfd7e-9fa5-4759-9af7-6df520aa2ddc','2025-11-29'),(10,650000,'available','e62cfd7e-9fa5-4759-9af7-6df520aa2ddc','2025-11-30'),(10,500000,'available','e62cfd7e-9fa5-4759-9af7-6df520aa2ddc','2025-12-01'),(10,500000,'available','e62cfd7e-9fa5-4759-9af7-6df520aa2ddc','2025-12-02'),(10,500000,'available','e62cfd7e-9fa5-4759-9af7-6df520aa2ddc','2025-12-03'),(10,500000,'available','e62cfd7e-9fa5-4759-9af7-6df520aa2ddc','2025-12-04'),(10,500000,'available','e62cfd7e-9fa5-4759-9af7-6df520aa2ddc','2025-12-05'),(10,650000,'available','e62cfd7e-9fa5-4759-9af7-6df520aa2ddc','2025-12-06'),(10,650000,'available','e62cfd7e-9fa5-4759-9af7-6df520aa2ddc','2025-12-07'),(10,500000,'available','e62cfd7e-9fa5-4759-9af7-6df520aa2ddc','2025-12-08'),(10,500000,'available','e62cfd7e-9fa5-4759-9af7-6df520aa2ddc','2025-12-09'),(10,500000,'available','e62cfd7e-9fa5-4759-9af7-6df520aa2ddc','2025-12-10'),(10,500000,'available','e62cfd7e-9fa5-4759-9af7-6df520aa2ddc','2025-12-11'),(10,440000,'available','e62cfd7e-9fa5-4759-9af7-6df520aa2ddc','2025-12-12'),(10,650000,'available','e62cfd7e-9fa5-4759-9af7-6df520aa2ddc','2025-12-13'),(10,650000,'available','e62cfd7e-9fa5-4759-9af7-6df520aa2ddc','2025-12-14'),(10,500000,'available','e62cfd7e-9fa5-4759-9af7-6df520aa2ddc','2025-12-15'),(10,500000,'available','e62cfd7e-9fa5-4759-9af7-6df520aa2ddc','2025-12-16'),(10,500000,'available','e62cfd7e-9fa5-4759-9af7-6df520aa2ddc','2025-12-17'),(10,500000,'available','e62cfd7e-9fa5-4759-9af7-6df520aa2ddc','2025-12-18'),(10,500000,'available','e62cfd7e-9fa5-4759-9af7-6df520aa2ddc','2025-12-19'),(10,650000,'available','e62cfd7e-9fa5-4759-9af7-6df520aa2ddc','2025-12-20'),(10,650000,'available','e62cfd7e-9fa5-4759-9af7-6df520aa2ddc','2025-12-21'),(10,500000,'available','e62cfd7e-9fa5-4759-9af7-6df520aa2ddc','2025-12-22'),(10,500000,'available','e62cfd7e-9fa5-4759-9af7-6df520aa2ddc','2025-12-23'),(10,500000,'available','e62cfd7e-9fa5-4759-9af7-6df520aa2ddc','2025-12-24'),(10,375000,'available','e62cfd7e-9fa5-4759-9af7-6df520aa2ddc','2025-12-25'),(10,500000,'available','e62cfd7e-9fa5-4759-9af7-6df520aa2ddc','2025-12-26'),(10,650000,'available','e62cfd7e-9fa5-4759-9af7-6df520aa2ddc','2025-12-27'),(10,650000,'available','e62cfd7e-9fa5-4759-9af7-6df520aa2ddc','2025-12-28'),(10,500000,'available','e62cfd7e-9fa5-4759-9af7-6df520aa2ddc','2025-12-29'),(10,500000,'available','e62cfd7e-9fa5-4759-9af7-6df520aa2ddc','2025-12-30'),(10,500000,'available','e62cfd7e-9fa5-4759-9af7-6df520aa2ddc','2025-12-31'),(10,500000,'available','e62cfd7e-9fa5-4759-9af7-6df520aa2ddc','2026-01-01'),(10,500000,'available','e62cfd7e-9fa5-4759-9af7-6df520aa2ddc','2026-01-02'),(10,650000,'available','e62cfd7e-9fa5-4759-9af7-6df520aa2ddc','2026-01-03'),(10,650000,'available','e62cfd7e-9fa5-4759-9af7-6df520aa2ddc','2026-01-04'),(10,500000,'available','e62cfd7e-9fa5-4759-9af7-6df520aa2ddc','2026-01-05'),(10,500000,'available','e62cfd7e-9fa5-4759-9af7-6df520aa2ddc','2026-01-06'),(10,500000,'available','e62cfd7e-9fa5-4759-9af7-6df520aa2ddc','2026-01-07'),(10,1600000,'available','ee8e9c08-5a31-4835-842b-a51324361866','2025-10-08'),(10,1600000,'available','ee8e9c08-5a31-4835-842b-a51324361866','2025-10-09'),(10,1600000,'available','ee8e9c08-5a31-4835-842b-a51324361866','2025-10-10'),(10,1600000,'available','ee8e9c08-5a31-4835-842b-a51324361866','2025-10-11'),(10,1600000,'available','ee8e9c08-5a31-4835-842b-a51324361866','2025-10-12'),(10,1600000,'available','ee8e9c08-5a31-4835-842b-a51324361866','2025-10-13'),(10,1600000,'available','ee8e9c08-5a31-4835-842b-a51324361866','2025-10-14'),(10,1600000,'available','ee8e9c08-5a31-4835-842b-a51324361866','2025-10-15'),(10,1600000,'available','ee8e9c08-5a31-4835-842b-a51324361866','2025-10-16'),(10,1600000,'available','ee8e9c08-5a31-4835-842b-a51324361866','2025-10-17'),(10,1600000,'available','ee8e9c08-5a31-4835-842b-a51324361866','2025-10-18'),(10,1600000,'available','ee8e9c08-5a31-4835-842b-a51324361866','2025-10-19'),(10,1600000,'available','ee8e9c08-5a31-4835-842b-a51324361866','2025-10-20'),(10,1600000,'available','ee8e9c08-5a31-4835-842b-a51324361866','2025-10-21'),(10,1600000,'available','ee8e9c08-5a31-4835-842b-a51324361866','2025-10-22'),(10,1600000,'available','ee8e9c08-5a31-4835-842b-a51324361866','2025-10-23'),(10,1600000,'available','ee8e9c08-5a31-4835-842b-a51324361866','2025-10-24'),(10,2080000,'available','ee8e9c08-5a31-4835-842b-a51324361866','2025-10-25'),(10,2080000,'available','ee8e9c08-5a31-4835-842b-a51324361866','2025-10-26'),(10,1600000,'available','ee8e9c08-5a31-4835-842b-a51324361866','2025-10-27'),(10,1600000,'available','ee8e9c08-5a31-4835-842b-a51324361866','2025-10-28'),(10,1600000,'available','ee8e9c08-5a31-4835-842b-a51324361866','2025-10-29'),(10,1600000,'available','ee8e9c08-5a31-4835-842b-a51324361866','2025-10-30'),(10,1600000,'available','ee8e9c08-5a31-4835-842b-a51324361866','2025-10-31'),(10,2080000,'available','ee8e9c08-5a31-4835-842b-a51324361866','2025-11-01'),(10,2080000,'available','ee8e9c08-5a31-4835-842b-a51324361866','2025-11-02'),(10,1600000,'available','ee8e9c08-5a31-4835-842b-a51324361866','2025-11-03'),(10,1600000,'available','ee8e9c08-5a31-4835-842b-a51324361866','2025-11-04'),(10,1600000,'available','ee8e9c08-5a31-4835-842b-a51324361866','2025-11-05'),(10,1600000,'available','ee8e9c08-5a31-4835-842b-a51324361866','2025-11-06'),(10,1600000,'available','ee8e9c08-5a31-4835-842b-a51324361866','2025-11-07'),(10,2080000,'available','ee8e9c08-5a31-4835-842b-a51324361866','2025-11-08'),(10,2080000,'available','ee8e9c08-5a31-4835-842b-a51324361866','2025-11-09'),(10,1600000,'available','ee8e9c08-5a31-4835-842b-a51324361866','2025-11-10'),(10,1424000,'available','ee8e9c08-5a31-4835-842b-a51324361866','2025-11-11'),(10,1600000,'available','ee8e9c08-5a31-4835-842b-a51324361866','2025-11-12'),(10,1600000,'available','ee8e9c08-5a31-4835-842b-a51324361866','2025-11-13'),(10,1600000,'available','ee8e9c08-5a31-4835-842b-a51324361866','2025-11-14'),(10,2080000,'available','ee8e9c08-5a31-4835-842b-a51324361866','2025-11-15'),(10,2080000,'available','ee8e9c08-5a31-4835-842b-a51324361866','2025-11-16'),(10,1600000,'available','ee8e9c08-5a31-4835-842b-a51324361866','2025-11-17'),(10,1600000,'available','ee8e9c08-5a31-4835-842b-a51324361866','2025-11-18'),(10,1600000,'available','ee8e9c08-5a31-4835-842b-a51324361866','2025-11-19'),(10,1360000,'available','ee8e9c08-5a31-4835-842b-a51324361866','2025-11-20'),(10,1600000,'available','ee8e9c08-5a31-4835-842b-a51324361866','2025-11-21'),(10,2080000,'available','ee8e9c08-5a31-4835-842b-a51324361866','2025-11-22'),(10,2080000,'available','ee8e9c08-5a31-4835-842b-a51324361866','2025-11-23'),(10,1600000,'available','ee8e9c08-5a31-4835-842b-a51324361866','2025-11-24'),(10,1600000,'available','ee8e9c08-5a31-4835-842b-a51324361866','2025-11-25'),(10,1600000,'available','ee8e9c08-5a31-4835-842b-a51324361866','2025-11-26'),(10,1600000,'available','ee8e9c08-5a31-4835-842b-a51324361866','2025-11-27'),(10,1600000,'available','ee8e9c08-5a31-4835-842b-a51324361866','2025-11-28'),(10,2080000,'available','ee8e9c08-5a31-4835-842b-a51324361866','2025-11-29'),(10,2080000,'available','ee8e9c08-5a31-4835-842b-a51324361866','2025-11-30'),(10,1600000,'available','ee8e9c08-5a31-4835-842b-a51324361866','2025-12-01'),(10,1600000,'available','ee8e9c08-5a31-4835-842b-a51324361866','2025-12-02'),(10,1600000,'available','ee8e9c08-5a31-4835-842b-a51324361866','2025-12-03'),(10,1600000,'available','ee8e9c08-5a31-4835-842b-a51324361866','2025-12-04'),(10,1600000,'available','ee8e9c08-5a31-4835-842b-a51324361866','2025-12-05'),(10,2080000,'available','ee8e9c08-5a31-4835-842b-a51324361866','2025-12-06'),(10,2080000,'available','ee8e9c08-5a31-4835-842b-a51324361866','2025-12-07'),(10,1600000,'available','ee8e9c08-5a31-4835-842b-a51324361866','2025-12-08'),(10,1600000,'available','ee8e9c08-5a31-4835-842b-a51324361866','2025-12-09'),(10,1600000,'available','ee8e9c08-5a31-4835-842b-a51324361866','2025-12-10'),(10,1600000,'available','ee8e9c08-5a31-4835-842b-a51324361866','2025-12-11'),(10,1408000,'available','ee8e9c08-5a31-4835-842b-a51324361866','2025-12-12'),(10,2080000,'available','ee8e9c08-5a31-4835-842b-a51324361866','2025-12-13'),(10,2080000,'available','ee8e9c08-5a31-4835-842b-a51324361866','2025-12-14'),(10,1600000,'available','ee8e9c08-5a31-4835-842b-a51324361866','2025-12-15'),(10,1600000,'available','ee8e9c08-5a31-4835-842b-a51324361866','2025-12-16'),(10,1600000,'available','ee8e9c08-5a31-4835-842b-a51324361866','2025-12-17'),(10,1600000,'available','ee8e9c08-5a31-4835-842b-a51324361866','2025-12-18'),(10,1600000,'available','ee8e9c08-5a31-4835-842b-a51324361866','2025-12-19'),(10,2080000,'available','ee8e9c08-5a31-4835-842b-a51324361866','2025-12-20'),(10,2080000,'available','ee8e9c08-5a31-4835-842b-a51324361866','2025-12-21'),(10,1600000,'available','ee8e9c08-5a31-4835-842b-a51324361866','2025-12-22'),(10,1600000,'available','ee8e9c08-5a31-4835-842b-a51324361866','2025-12-23'),(10,1600000,'available','ee8e9c08-5a31-4835-842b-a51324361866','2025-12-24'),(10,1200000,'available','ee8e9c08-5a31-4835-842b-a51324361866','2025-12-25'),(10,1600000,'available','ee8e9c08-5a31-4835-842b-a51324361866','2025-12-26'),(10,2080000,'available','ee8e9c08-5a31-4835-842b-a51324361866','2025-12-27'),(10,2080000,'available','ee8e9c08-5a31-4835-842b-a51324361866','2025-12-28'),(10,1600000,'available','ee8e9c08-5a31-4835-842b-a51324361866','2025-12-29'),(10,1600000,'available','ee8e9c08-5a31-4835-842b-a51324361866','2025-12-30'),(10,1600000,'available','ee8e9c08-5a31-4835-842b-a51324361866','2025-12-31'),(10,1600000,'available','ee8e9c08-5a31-4835-842b-a51324361866','2026-01-01'),(10,1600000,'available','ee8e9c08-5a31-4835-842b-a51324361866','2026-01-02'),(10,2080000,'available','ee8e9c08-5a31-4835-842b-a51324361866','2026-01-03'),(10,2080000,'available','ee8e9c08-5a31-4835-842b-a51324361866','2026-01-04'),(10,1600000,'available','ee8e9c08-5a31-4835-842b-a51324361866','2026-01-05');
/*!40000 ALTER TABLE `room_inventories` ENABLE KEYS */;
UNLOCK TABLES;

--
-- Table structure for table `room_photos`
--

DROP TABLE IF EXISTS `room_photos`;
/*!40101 SET @saved_cs_client     = @@character_set_client */;
/*!50503 SET character_set_client = utf8mb4 */;
CREATE TABLE `room_photos` (
  `id` varchar(255) NOT NULL,
  `photo_id` varchar(255) NOT NULL,
  `room_id` varchar(255) NOT NULL,
  PRIMARY KEY (`id`),
  KEY `idx_room_photos_room_id` (`room_id`),
  KEY `idx_room_photos_photo_id` (`photo_id`),
  CONSTRAINT `FK6rk9ybj3hquwmhfgq6ay0ihus` FOREIGN KEY (`photo_id`) REFERENCES `photos` (`id`),
  CONSTRAINT `FKisb559l4g3jn4j39jwha0fu1f` FOREIGN KEY (`room_id`) REFERENCES `rooms` (`id`)
) ENGINE=InnoDB DEFAULT CHARSET=utf8mb4 COLLATE=utf8mb4_0900_ai_ci;
/*!40101 SET character_set_client = @saved_cs_client */;

--
-- Dumping data for table `room_photos`
--

LOCK TABLES `room_photos` WRITE;
/*!40000 ALTER TABLE `room_photos` DISABLE KEYS */;
INSERT INTO `room_photos` VALUES ('036c1457-8eab-4fb2-8d8b-07e2d69e444a','b5082e88-5b03-4af4-91b3-4fa94e4a244b','e62cfd7e-9fa5-4759-9af7-6df520aa2ddc'),('05791d85-f56d-4c2b-9b87-3ab44e5786f0','d44e4af1-2fc1-492c-9408-0e9214be94fa','35a7a8a0-b3b8-4e86-a36a-95edf12bba67'),('0a071d79-1f99-4dcf-bb5b-d32efabac5f8','d5c9d755-62d8-4fd0-af44-b058c38f98c9','dcf4ecfc-1faf-4087-8487-84e451cdb6ef'),('0a63e843-5090-4d10-a18b-5bf1b5f52faa','2c399ddf-bdff-4a6c-a591-1c2bbe2ea2cf','26d394c2-d502-4bc5-8578-4953e2cb410a'),('0e647221-acd5-4482-bd9a-d112c87a8631','b512ac82-14f1-4f1f-afcb-0c230335f2d3','e62cfd7e-9fa5-4759-9af7-6df520aa2ddc'),('0e6655c8-13ed-4494-8da2-0cf1a692a865','ee795f2b-b9e7-45f9-8c05-389374d1eaea','ee8e9c08-5a31-4835-842b-a51324361866'),('0e831750-6fd4-48d6-9e6d-90f433407e20','472605b8-6e70-4acd-80a3-ea481550ae0d','82e3a817-c0c2-4ae2-aae4-1ee784419fde'),('0fd320a9-1702-4a27-aa87-c9728f59c890','db06b712-31b8-4d62-beb8-33646d082cdc','176181ec-faa4-4022-b3a0-061bd142091b'),('153b2890-57fc-4358-9111-5009f32b8254','db07a437-1796-4b56-8af2-6730051a438d','2d708a42-898b-4866-8c78-f203db0949ca'),('165cd90b-9792-4ee4-95c9-89d55bd15200','032f1e9a-a369-4cdb-a51c-f5d11ffffe9b','2f8719f3-1e27-4266-b267-66e88083bcb0'),('1695c975-3510-4f97-82b1-2596dbd1c67e','258f5f46-a17d-44c8-8b4c-a2e29407f195','af58c8d9-b534-4108-9707-f82875ae76b8'),('18919210-e7e1-4234-8471-68029538a0f6','8f3d8483-3a10-4d1d-920b-fc913c7a0855','a865a311-53ee-4944-99d0-9e01e2043028'),('19280873-a86e-4b24-a038-282ffd387dc5','11d027c3-8f35-4f4e-9c84-70c07703e7ad','e55e8dbb-4cd9-4c02-929b-5000f88d8035'),('1980dd16-57ae-4374-8f3e-f7d890fe688c','65e77a71-dc39-4bb9-98c6-2fc9f312c840','c26d3cdb-e9bd-4587-a6fb-ad95aa9f5039'),('1a50633f-2f77-4914-9b63-ffe43cea3ea1','2610819f-6b3f-4e0a-baca-88dfc740f8ad','3f8063c4-9a5b-45aa-91a8-158ead419269'),('1ba81b2e-c60d-4189-9f1d-3c6d96d9e937','1bdb9e7c-9322-4b31-9043-7e468053f74a','e55e8dbb-4cd9-4c02-929b-5000f88d8035'),('1eab4599-cde1-4256-a48a-a6eebad3d1a8','0ba9d2e2-1c40-49aa-a176-081e88330921','63c6891a-fd41-4342-99bb-6c7d561581af'),('21b9ee65-9816-439f-948c-902ed682352f','6e5f6853-11e3-426d-9023-bc268c3d290b','534049e4-8070-4fd8-9657-75c22d8b170b'),('22e10ebe-41fc-40e9-babc-9644552f5387','af4fdb6b-9eb4-48b3-8c55-4621263ebf14','c26d3cdb-e9bd-4587-a6fb-ad95aa9f5039'),('249e5519-4e80-4700-be02-3fc75cbba1ee','150db415-7930-4847-ae61-37d646b8a10c','2d708a42-898b-4866-8c78-f203db0949ca'),('256095d4-c541-465a-8a7f-d377449c7626','6269f9e5-220d-4be1-ac16-4764067ad021','8130d307-29bd-4ba2-a832-b53a5d9f3b1a'),('25dff0b3-3ab7-4d9a-8f3d-8049c65e3989','b076fa6d-e750-42e4-97ff-3afda3e9c24b','21aeeedf-99d1-4018-afa5-c8428271483f'),('26e6f0f6-dd5e-440a-9794-d90326dc0db9','5bb3e2e7-09e9-493b-89e2-b3a9bb305cf8','41f0ffe3-6698-4fe0-825b-59a4f3bcefe0'),('2b251072-16f1-4210-9bc1-460e5289b591','d64cfd88-acd8-46e2-9457-3a2e95c432f1','6380326d-6b6f-4310-b8c5-539e1e69bac6'),('2bb1c06b-ef84-4fb7-85a1-70a3b744dd4b','f1f53bf1-2314-4122-9625-1ee45a72dcfa','1323d737-1893-4062-8b51-7d98fe6d52fc'),('2ca892d1-69e7-4950-ab79-daa2e8df8b42','d8cb0af6-f984-4f6b-acb9-f6ea2e29e569','42663b53-2c12-4aef-8af4-53ec43955bdd'),('3070350e-69fd-4a87-8dc1-d8f850c7a05a','337ed1f9-cd91-4ed0-b3df-436c403124f3','1ab2ecc6-0bb6-46ff-86f1-0736a9974fff'),('3171a519-139b-487a-9997-bfe2ececf92b','d4f535a5-db54-4304-8c42-8310323d61f1','418668e2-147f-4df0-b874-89cbba9f3e71'),('3541e88d-bd0b-4506-b010-93c7136f705b','ed951d15-aded-4bd1-b6a9-a93b43ef57d6','dcf4ecfc-1faf-4087-8487-84e451cdb6ef'),('372d82c3-2d32-46bd-94cd-19ca99edc502','e4cd8115-9a2e-4628-93e1-cf872a6b558f','3e85473e-5bd4-41a6-b60f-dff1bfd2d5d0'),('3ace4028-d079-4ad0-aa9f-aa1d168b271b','1391c94d-5ae2-4865-99fa-ed95a94e5ffd','2d708a42-898b-4866-8c78-f203db0949ca'),('3cc95070-9ca3-4503-adfa-d033cba2b6ce','bae86f61-48df-4bc6-a5d5-bbe47f74e37d','176181ec-faa4-4022-b3a0-061bd142091b'),('3de0b580-026b-4e30-975a-93c04aededfa','b3ff065f-fdb2-44de-8410-1e7042f7d29b','21aeeedf-99d1-4018-afa5-c8428271483f'),('3f176e9e-e223-4487-b447-7d0260476c49','da1b9d67-cb25-4125-8ed0-aaf14d4b954e','418668e2-147f-4df0-b874-89cbba9f3e71'),('3fb2d027-018a-4e0d-868a-9ef209ad467d','ab24cd0e-9cbf-4fe1-8410-48847c205778','41f0ffe3-6698-4fe0-825b-59a4f3bcefe0'),('3fd4deca-2466-4e13-b417-3539858ea285','8a14c520-2170-4281-8025-756b1c1f9c07','1323d737-1893-4062-8b51-7d98fe6d52fc'),('466e384e-c97f-4406-b630-e1ccb2a5308c','93201548-a8a6-49c7-9c4d-e2a7ec8884eb','bdacab34-0014-4c8d-acd3-ffb8ab98bf71'),('48fd3ffe-5c9a-4fcd-a0b6-bb22fcf4bfe2','8b653fec-1c8b-4c20-8eda-ead8c9f43a72','23ad4e76-8522-422b-b603-525993aec195'),('4a9c1d10-1d13-4413-9db0-9ce9e4a32065','f4f21316-c7ae-4ea3-9dbd-28b3595aa031','1ab2ecc6-0bb6-46ff-86f1-0736a9974fff'),('50845f32-0b9e-4401-8678-8289196e6958','c380cdfa-ab49-492d-817d-db701daaa66c','534049e4-8070-4fd8-9657-75c22d8b170b'),('5a3fd4cb-3c22-4c93-ab63-9eaa93880459','7cc5d32e-215f-4d4c-8d9e-7fe6408e4978','8130d307-29bd-4ba2-a832-b53a5d9f3b1a'),('5cb36732-19af-44da-9244-31ea8cea69b0','4f8d07a7-0586-4302-956f-d3986c928c03','1323d737-1893-4062-8b51-7d98fe6d52fc'),('5cce307c-e827-4b8b-8aaa-52447d38514f','b36bbf3b-a247-4415-8117-5f216b136db3','23ad4e76-8522-422b-b603-525993aec195'),('6060c06d-26c8-4b9b-82e4-618a44fc5c54','bc16af5f-c82b-434f-9c6c-7ec33280f2e6','6deb96c6-985f-4d34-bdbe-c2edb340ce2b'),('60e66469-02f2-4d55-a8f3-5c46bf60519e','67f59ca7-568a-439b-b56f-16fa4f5c3e37','bdacab34-0014-4c8d-acd3-ffb8ab98bf71'),('614190a7-85b0-4325-a3b4-338e5bfb0be0','a93ae9b4-6299-4576-9300-3a6c983be397','8be5b61b-0780-4660-8a46-0a76fd15cd2a'),('65546ca3-8462-417c-b41b-32dd946935ba','4a45ea64-fefb-4c1d-b173-6874f83ee3c0','3f8063c4-9a5b-45aa-91a8-158ead419269'),('6698dfb0-24cd-41f4-bfc5-5a985617f77c','869f5d78-8dba-4352-896a-1eab51761ec5','63c6891a-fd41-4342-99bb-6c7d561581af'),('67d352d6-8543-4482-8e1b-388f21dedc7a','cc4c7609-50b5-4137-a3f2-594378b4fcae','21aeeedf-99d1-4018-afa5-c8428271483f'),('6c8b3bd1-678a-4a3b-889b-8eb1730b22b3','80cd0591-ef3e-4c40-af66-0d6762f88d3e','2f8719f3-1e27-4266-b267-66e88083bcb0'),('7110b7d1-1c80-48d3-be3c-2e8748bc2d41','622bd238-8d96-4972-acd1-a1e4b920a0eb','e55e8dbb-4cd9-4c02-929b-5000f88d8035'),('77d859af-dc56-4eeb-93c7-1d1e99a9a4e7','c1552206-8f28-4ec8-b037-eae44eee71a9','41f0ffe3-6698-4fe0-825b-59a4f3bcefe0'),('77e6fb30-b91e-4386-aa8e-fd7f600562d1','fd769f4c-8786-4bfa-8713-bdced6d65fcc','6380326d-6b6f-4310-b8c5-539e1e69bac6'),('79ab0229-87da-4861-a643-d24571c00856','6a6c2120-148c-412e-9c42-c9fdd1911d1b','ecf750cd-3e7c-4bdb-80ee-160d3144c08a'),('7d8f1911-e3cd-4ec5-9996-7c0b1f990eb0','46b80494-f1b3-4578-ab87-10e8449f15c0','35a7a8a0-b3b8-4e86-a36a-95edf12bba67'),('80f02c05-2d71-480d-bb39-bf5780fd3cf0','df0055be-fbc6-4642-a5f9-4a7e04cd36ee','176181ec-faa4-4022-b3a0-061bd142091b'),('83940347-4e6d-4235-90f2-7885e0adf973','9c89700c-0c8f-4c4c-8d91-7e19d3b7eadf','ecf750cd-3e7c-4bdb-80ee-160d3144c08a'),('8afc111c-c1f8-4cba-959c-639ae6af89ae','88b7cbea-5cd7-454e-89fb-846a5b124828','c26d3cdb-e9bd-4587-a6fb-ad95aa9f5039'),('8b005143-fd33-4c4e-bc9d-9b29ed95f5d0','40db667f-f8a3-4b70-ac21-3401689a3607','8130d307-29bd-4ba2-a832-b53a5d9f3b1a'),('90a0edb7-9761-4cb5-b064-a8ced3c2b687','f784f684-27c8-4eb3-935a-88c598e33d0d','42663b53-2c12-4aef-8af4-53ec43955bdd'),('95ff6983-d03e-4186-ac67-314030a0314d','06a7d462-bf0d-4d17-85a3-a8b70e023f48','6820eebb-2b14-4c13-9229-82571325be85'),('99649e87-2144-4765-8916-81466b006a59','bf3217e1-fcf2-487a-bad6-06e2df02696d','534049e4-8070-4fd8-9657-75c22d8b170b'),('9bedcff4-aba0-4257-8f82-b5cd6a046812','6e14a7c0-e74e-4e65-bb6a-5d080f9178f7','3f8063c4-9a5b-45aa-91a8-158ead419269'),('9edf0ee4-2ecb-47be-a35b-a004c9ef8938','d0995720-3344-479b-90df-8aa1b9dfe96d','e62cfd7e-9fa5-4759-9af7-6df520aa2ddc'),('a1c874bd-16c4-482b-8e02-bad200cc6fc8','65321e33-70e9-4b72-9367-694c5e755eca','af58c8d9-b534-4108-9707-f82875ae76b8'),('a436bd20-3e36-464c-8da3-25e4893749ed','377f39d3-2d91-4e7a-aac0-26cf8ba4e310','ecf750cd-3e7c-4bdb-80ee-160d3144c08a'),('a696ca34-753b-4983-8beb-3ffe00886ff0','b166ce02-ea83-43be-b87d-b0a108a0e928','af58c8d9-b534-4108-9707-f82875ae76b8'),('a6d7286b-cbbe-4e10-b240-412614e45cbb','54febbcb-0aa3-4d5b-8164-2e8a4884f9f5','6deb96c6-985f-4d34-bdbe-c2edb340ce2b'),('a7817454-b9ef-4090-8dc8-ff9834e26766','3094cb0d-5aa9-4c6f-b935-c0087daf087a','e55e8dbb-4cd9-4c02-929b-5000f88d8035'),('a83208a8-3fc8-43a6-b0fc-f334c3b0c769','9070e637-612d-4ea1-8b72-ea3dd7cad850','5ead7302-7807-4620-882d-7475833a1cf7'),('a984f9ad-04ac-457d-b9ac-a8d4b6babf7b','fa11954b-451f-4c69-a23b-386b28d689d9','26d394c2-d502-4bc5-8578-4953e2cb410a'),('aa151067-59d0-4e6c-b648-faff03676675','639bc84a-b3f0-43f9-a913-8104e77865e4','3e85473e-5bd4-41a6-b60f-dff1bfd2d5d0'),('adbab504-a440-4b46-b193-88029e5c635f','cf567585-7b62-47cd-ad7b-62a54a140ef8','ee8e9c08-5a31-4835-842b-a51324361866'),('b9dd0a83-14c0-4c5d-904c-b101d1ff389e','affd92db-777c-4358-8228-e210e750e046','bdacab34-0014-4c8d-acd3-ffb8ab98bf71'),('bab09d8e-1bed-4257-87af-eb7b6830ed61','3f7d00a6-fd8c-4c6c-a1d2-75d6f5a27cb9','1323d737-1893-4062-8b51-7d98fe6d52fc'),('bb1c1ac7-5eea-429b-b2ea-08fc0754c870','ba98733e-4d60-43c8-aa7e-dacf7b76d52e','23ad4e76-8522-422b-b603-525993aec195'),('bb977231-ce26-4c61-a9a7-8ae0d91a9ea6','981736de-92f9-47b9-901d-426cd9b92963','6deb96c6-985f-4d34-bdbe-c2edb340ce2b'),('c061e293-2219-4dc3-9fe9-7c4e8a358ea8','e03ec129-3989-48d9-bd11-4a5aca2617d7','1ab2ecc6-0bb6-46ff-86f1-0736a9974fff'),('c3c904aa-0e68-4d6e-9b8a-b6cdc3787fb3','4cc7d54d-dbd9-4712-80fb-eaed84dc50da','5ead7302-7807-4620-882d-7475833a1cf7'),('c56d16c7-0550-4293-a46a-9c9947b0390e','4bd50642-1732-4a55-867a-56e7288ff212','af58c8d9-b534-4108-9707-f82875ae76b8'),('c7c4e230-e2df-469d-b47e-95384f41fcff','e5b9745c-29bf-468c-8f84-be96de923b1f','c26d3cdb-e9bd-4587-a6fb-ad95aa9f5039'),('c8ec9c6a-f2ce-4521-a177-4f4221fd0712','56b3209c-6724-4d32-ac64-56df861b92b0','a865a311-53ee-4944-99d0-9e01e2043028'),('cc807282-34ce-491c-bc98-54d78cadeaad','02736c23-8862-41e0-9ef1-47f8c673015b','a865a311-53ee-4944-99d0-9e01e2043028'),('cd72ff44-8d9c-4bfa-a994-6df1dc88ee02','cde77cb9-80fa-43fc-8f47-d2a1c57b7c78','6380326d-6b6f-4310-b8c5-539e1e69bac6'),('ceb30f2f-e562-4692-99cc-4e9c67dc6b95','c518b119-8f7c-48b3-981e-35d9691168a7','ee8e9c08-5a31-4835-842b-a51324361866'),('d04b13c3-b2ad-439f-9c1f-b83b1421be0a','833496b3-f4e6-4a52-b7b6-57f785d0e3c0','bdacab34-0014-4c8d-acd3-ffb8ab98bf71'),('d4d47a8f-98cf-40f2-b41e-1f9ddc75d78b','a97eb090-4aa4-4af1-8951-86b0f40d380a','26d394c2-d502-4bc5-8578-4953e2cb410a'),('d521744f-768f-48a2-8d91-a7e63bc16300','32be0801-6bc3-445f-9125-27cae7522139','8be5b61b-0780-4660-8a46-0a76fd15cd2a'),('d539d56b-9137-470f-b110-14dd24003de3','3d189aa1-2564-4cdd-b459-48cf9c87679e','35a7a8a0-b3b8-4e86-a36a-95edf12bba67'),('d715fce9-cb9f-4fd7-b855-48994b432702','e2cf0e00-554d-4878-a4fd-90ff48286090','418668e2-147f-4df0-b874-89cbba9f3e71'),('dc0ecd0f-efb8-4547-8d2b-689f2c38a71d','505d4b35-e09a-4965-9774-fab941ca0559','8130d307-29bd-4ba2-a832-b53a5d9f3b1a'),('dce2810a-304f-432c-9e9f-8b1bafa8dc15','a5ee86a2-c9b8-4a5d-abec-5f26107c5c5c','8be5b61b-0780-4660-8a46-0a76fd15cd2a'),('dd2883a7-1f5f-47df-839a-b2f9a1da81e1','738573e7-40aa-4f3d-a090-6f7a3cf77545','41f0ffe3-6698-4fe0-825b-59a4f3bcefe0'),('e182224f-05a7-45c9-8568-f138a7d33681','d906dadf-9cd6-49b7-860c-3da763852e79','2f8719f3-1e27-4266-b267-66e88083bcb0'),('e8b1e354-fd36-4ffd-ac73-c3c99aa323aa','bb53cf93-9bb2-4823-b6ed-024fc6d72fdb','63c6891a-fd41-4342-99bb-6c7d561581af'),('e9d8b185-2601-4f10-a479-ca89a05e2a40','b91b11e9-93cf-42a7-808e-32a1daa701fc','5ead7302-7807-4620-882d-7475833a1cf7'),('ec2b82f7-6391-45bf-87b7-94c5d7d4c21e','9feff1ae-64aa-442b-ba37-ee0614712690','42663b53-2c12-4aef-8af4-53ec43955bdd'),('f216da0d-5f0b-46e5-a7ef-1849c8e10f3c','7dadaada-d20b-460d-b30b-7797af593f99','8be5b61b-0780-4660-8a46-0a76fd15cd2a'),('f2419b1f-4ab4-4710-8855-c18a590c8ff1','d1b7abb7-cb9d-4629-aeeb-b93d36e170f6','534049e4-8070-4fd8-9657-75c22d8b170b'),('f54ccf37-7b60-4719-85fa-51b13bc77de5','fd60e37d-6b3e-407e-a7a6-0354c1c98bcc','1ab2ecc6-0bb6-46ff-86f1-0736a9974fff'),('f7c0ec64-31d2-434d-ba16-9318dd59f07d','b9e8d018-f47e-4606-a0ba-59d1203dae66','82e3a817-c0c2-4ae2-aae4-1ee784419fde'),('f7f44182-0b1e-4bb3-9041-cb58561d84c2','125030dc-a20b-43a3-89f4-678c7620c036','2d708a42-898b-4866-8c78-f203db0949ca'),('fa6675c4-e8de-4629-a7d5-a3b66a67c4a6','9c499eca-e105-4442-871b-75c843b14d95','6820eebb-2b14-4c13-9229-82571325be85'),('fbbdec08-c324-457a-8809-6451c8bfc746','3c99d0b5-06fd-415f-b486-f3e851276c58','dcf4ecfc-1faf-4087-8487-84e451cdb6ef'),('fc2ee5eb-8b3f-4d4e-8f33-436b20e52cb4','d9ca6f81-8b72-435a-85d4-54fa71fd42b7','82e3a817-c0c2-4ae2-aae4-1ee784419fde'),('fd0d029b-6c94-420c-8530-c4dc020632a7','69aabf65-4af3-4354-8a7c-fe8c9531eb21','6820eebb-2b14-4c13-9229-82571325be85'),('ff2a4c43-87fc-42dc-9b92-a31e33bf0717','d50a632e-8b62-48b2-ae63-08640879d7bb','26d394c2-d502-4bc5-8578-4953e2cb410a'),('ff9968d6-ce22-42ae-ac1d-2a6ad637081d','ca46614a-256a-4991-9d0b-12e519c7808a','3e85473e-5bd4-41a6-b60f-dff1bfd2d5d0');
/*!40000 ALTER TABLE `room_photos` ENABLE KEYS */;
UNLOCK TABLES;

--
-- Table structure for table `rooms`
--

DROP TABLE IF EXISTS `rooms`;
/*!40101 SET @saved_cs_client     = @@character_set_client */;
/*!50503 SET character_set_client = utf8mb4 */;
CREATE TABLE `rooms` (
  `id` varchar(255) NOT NULL,
  `area` double NOT NULL,
  `created_at` datetime(6) NOT NULL,
  `max_adults` int NOT NULL,
  `max_children` int NOT NULL,
  `name` varchar(255) NOT NULL,
  `quantity` int NOT NULL,
  `status` varchar(255) NOT NULL,
  `updated_at` datetime(6) DEFAULT NULL,
  `hotel_id` varchar(255) NOT NULL,
  `base_price_per_night` double NOT NULL,
  `smoking_allowed` bit(1) NOT NULL,
  `view` varchar(255) NOT NULL,
  `wifi_available` bit(1) NOT NULL,
  `bed_type_id` varchar(255) NOT NULL,
  `breakfast_included` bit(1) NOT NULL,
  `cancellation_policy_id` varchar(255) DEFAULT NULL,
  `reschedule_policy_id` varchar(255) DEFAULT NULL,
  PRIMARY KEY (`id`),
  KEY `FKfsqashvubwsn2e9l6ct2yut3y` (`bed_type_id`),
  KEY `idx_rooms_hotel_id` (`hotel_id`),
  KEY `idx_rooms_max_adults_children` (`max_adults`,`max_children`),
  KEY `idx_rooms_base_price` (`base_price_per_night`),
  KEY `idx_rooms_status` (`status`),
  KEY `idx_rooms_wifi_breakfast_smoking` (`wifi_available`,`breakfast_included`,`smoking_allowed`),
  KEY `idx_rooms_hotel_status` (`hotel_id`,`status`),
  KEY `idx_rooms_hotel_price` (`hotel_id`,`base_price_per_night`),
  KEY `idx_rooms_cancellation_policy_id` (`cancellation_policy_id`),
  KEY `idx_rooms_reschedule_policy_id` (`reschedule_policy_id`),
  CONSTRAINT `FK99605brmehhw24ftuniuc7wtv` FOREIGN KEY (`reschedule_policy_id`) REFERENCES `reschedule_policies` (`id`),
  CONSTRAINT `FKfsqashvubwsn2e9l6ct2yut3y` FOREIGN KEY (`bed_type_id`) REFERENCES `bed_types` (`id`),
  CONSTRAINT `FKlk03squhjy62a0follwlm5xya` FOREIGN KEY (`cancellation_policy_id`) REFERENCES `cancellation_policies` (`id`),
  CONSTRAINT `FKp5lufxy0ghq53ugm93hdc941k` FOREIGN KEY (`hotel_id`) REFERENCES `hotels` (`id`)
) ENGINE=InnoDB DEFAULT CHARSET=utf8mb4 COLLATE=utf8mb4_0900_ai_ci;
/*!40101 SET character_set_client = @saved_cs_client */;

--
-- Dumping data for table `rooms`
--

LOCK TABLES `rooms` WRITE;
/*!40000 ALTER TABLE `rooms` DISABLE KEYS */;
INSERT INTO `rooms` VALUES ('1323d737-1893-4062-8b51-7d98fe6d52fc',25,'2025-10-10 14:46:57.374326',2,0,'Senior Balcony Ocean View',10,'active',NULL,'4b2d0a2d-cc1f-4030-8c07-5fa09b8229cf',750000,_binary '','Hướng mặt biển',_binary '','78efbc97-a067-11f0-a7b7-0a6aab4924ab',_binary '',NULL,NULL),('176181ec-faa4-4022-b3a0-061bd142091b',31,'2025-11-19 06:41:21.477004',2,2,'Deluxe',1,'active',NULL,'70ec9338-8afb-4cd9-be50-8726b949bd6e',262000,_binary '\0','Hướng biển,Hướng vườn',_binary '\0','78efbc97-a067-11f0-a7b7-0a6aab4924ab',_binary '\0',NULL,NULL),('1ab2ecc6-0bb6-46ff-86f1-0736a9974fff',30,'2025-11-19 06:38:23.166914',2,2,'Superior Garden View Garden View',2,'active',NULL,'70ec9338-8afb-4cd9-be50-8726b949bd6e',188000,_binary '\0','Hướng Vườn',_binary '\0','78efbec7-a067-11f0-a7b7-0a6aab4924ab',_binary '\0',NULL,NULL),('21aeeedf-99d1-4018-afa5-c8428271483f',30,'2025-10-08 14:23:42.160009',1,1,'Superior Double With Pool View',12,'active',NULL,'00d60e60-d366-4d73-b3c0-614ecb95feb7',2000000,_binary '','Hướng biển',_binary '','78efc094-a067-11f0-a7b7-0a6aab4924ab',_binary '',NULL,NULL),('23ad4e76-8522-422b-b603-525993aec195',30,'2025-10-08 14:16:56.300980',2,0,'Superior Double City View',10,'active',NULL,'00d60e60-d366-4d73-b3c0-614ecb95feb7',1600000,_binary '\0','Hướng phố',_binary '','78efbec7-a067-11f0-a7b7-0a6aab4924ab',_binary '',NULL,NULL),('26d394c2-d502-4bc5-8578-4953e2cb410a',40,'2025-10-08 14:25:36.786681',2,0,'Deluxe Twin Garden View',10,'active',NULL,'00d60e60-d366-4d73-b3c0-614ecb95feb7',2500000,_binary '','Hướng sân vườn',_binary '','78efbc97-a067-11f0-a7b7-0a6aab4924ab',_binary '',NULL,NULL),('2d708a42-898b-4866-8c78-f203db0949ca',32,'2025-10-10 14:44:20.337153',2,0,'Deluxe Without Balcony City View',10,'active',NULL,'4b2d0a2d-cc1f-4030-8c07-5fa09b8229cf',750000,_binary '\0','Hướng thành phố',_binary '','78efbc97-a067-11f0-a7b7-0a6aab4924ab',_binary '',NULL,NULL),('2f8719f3-1e27-4266-b267-66e88083bcb0',33,'2025-11-17 07:04:52.973913',2,2,'Phòng Deluxe 2 Giường Đơn Nhìn Ra Biển',4,'inactive',NULL,'19f5b491-49e0-42d5-909c-74d4193ab327',3233000,_binary '\0','Hướng biển, Nhìn ra thành phố',_binary '','78efbc97-a067-11f0-a7b7-0a6aab4924ab',_binary '',NULL,NULL),('35a7a8a0-b3b8-4e86-a36a-95edf12bba67',30,'2025-10-08 14:19:27.345988',2,0,'Superior Twin Garden View',10,'active',NULL,'00d60e60-d366-4d73-b3c0-614ecb95feb7',1700000,_binary '\0','Hướng sân vườn',_binary '','78efbc97-a067-11f0-a7b7-0a6aab4924ab',_binary '',NULL,NULL),('3e85473e-5bd4-41a6-b60f-dff1bfd2d5d0',60,'2025-10-08 14:26:35.820889',2,0,'Suite Ocean View',10,'active',NULL,'00d60e60-d366-4d73-b3c0-614ecb95feb7',3500000,_binary '','Hướng biển',_binary '','78efbec7-a067-11f0-a7b7-0a6aab4924ab',_binary '',NULL,NULL),('3f8063c4-9a5b-45aa-91a8-158ead419269',25,'2025-10-10 14:38:26.572802',2,0,'Senior Double With City View',10,'active',NULL,'4b2d0a2d-cc1f-4030-8c07-5fa09b8229cf',500000,_binary '\0','Hướng thành phố',_binary '','78efbec7-a067-11f0-a7b7-0a6aab4924ab',_binary '',NULL,NULL),('418668e2-147f-4df0-b874-89cbba9f3e71',18,'2025-10-10 14:33:13.157336',2,0,'Standard Double No View',10,'active',NULL,'4b2d0a2d-cc1f-4030-8c07-5fa09b8229cf',350000,_binary '','Không có view',_binary '','78efbec7-a067-11f0-a7b7-0a6aab4924ab',_binary '',NULL,NULL),('41f0ffe3-6698-4fe0-825b-59a4f3bcefe0',32.8,'2025-11-17 06:58:02.771768',2,1,'Phòng Deluxe Có Giường Cỡ King Nhìn Ra Biển',3,'active',NULL,'19f5b491-49e0-42d5-909c-74d4193ab327',2910000,_binary '\0','Hướng biển, Nhìn ra thành phố',_binary '\0','78efbec7-a067-11f0-a7b7-0a6aab4924ab',_binary '',NULL,NULL),('42663b53-2c12-4aef-8af4-53ec43955bdd',25,'2025-10-10 14:37:21.757185',2,0,'Senior Twin With City View',10,'active',NULL,'4b2d0a2d-cc1f-4030-8c07-5fa09b8229cf',500000,_binary '\0','Hướng thành phố',_binary '','78efbc97-a067-11f0-a7b7-0a6aab4924ab',_binary '',NULL,NULL),('534049e4-8070-4fd8-9657-75c22d8b170b',30,'2025-10-08 14:22:37.099488',2,0,'Superior Twin Ocean View',10,'active',NULL,'00d60e60-d366-4d73-b3c0-614ecb95feb7',2000000,_binary '\0','Hướng biển',_binary '','78efbc97-a067-11f0-a7b7-0a6aab4924ab',_binary '',NULL,NULL),('5ead7302-7807-4620-882d-7475833a1cf7',40,'2025-10-08 14:24:47.499754',2,0,'Deluxe Double Garden View',10,'active',NULL,'00d60e60-d366-4d73-b3c0-614ecb95feb7',2500000,_binary '','Hướng sân vườn',_binary '','78efc094-a067-11f0-a7b7-0a6aab4924ab',_binary '',NULL,NULL),('6380326d-6b6f-4310-b8c5-539e1e69bac6',25,'2025-10-10 14:40:43.347985',2,0,'Deluxe Triple With City View',10,'active',NULL,'4b2d0a2d-cc1f-4030-8c07-5fa09b8229cf',670000,_binary '\0','Hướng thành phố',_binary '','78efc094-a067-11f0-a7b7-0a6aab4924ab',_binary '',NULL,NULL),('63c6891a-fd41-4342-99bb-6c7d561581af',18,'2025-10-10 14:34:12.245527',2,0,'Superior Double City View',10,'active',NULL,'4b2d0a2d-cc1f-4030-8c07-5fa09b8229cf',400000,_binary '','Hướng thành phố',_binary '','78efbec7-a067-11f0-a7b7-0a6aab4924ab',_binary '',NULL,NULL),('6820eebb-2b14-4c13-9229-82571325be85',25,'2025-10-10 14:39:45.249962',2,0,'Senior Double With Ocean View',10,'active',NULL,'4b2d0a2d-cc1f-4030-8c07-5fa09b8229cf',600000,_binary '\0','Hướng mặt biển',_binary '','78efbec7-a067-11f0-a7b7-0a6aab4924ab',_binary '',NULL,NULL),('6deb96c6-985f-4d34-bdbe-c2edb340ce2b',24,'2025-11-17 06:26:04.273107',1,2,'Phòng Superior Có Giường Cỡ Queen',2,'active',NULL,'19f5b491-49e0-42d5-909c-74d4193ab327',1734000,_binary '','Hướng biển',_binary '','78efbec7-a067-11f0-a7b7-0a6aab4924ab',_binary '',NULL,NULL),('8130d307-29bd-4ba2-a832-b53a5d9f3b1a',30,'2025-11-19 02:37:26.176703',2,1,'Deluxe Twin Room',2,'inactive',NULL,'aa934a59-13e0-447d-8b0f-df8f07bcf40b',988000,_binary '\0','Ban công',_binary '\0','78efbc97-a067-11f0-a7b7-0a6aab4924ab',_binary '\0',NULL,NULL),('82e3a817-c0c2-4ae2-aae4-1ee784419fde',6.7,'2025-11-19 02:58:56.559909',2,1,'Deluxe King Ocean View Ocean View',4,'inactive',NULL,'aa934a59-13e0-447d-8b0f-df8f07bcf40b',2097000,_binary '\0','Hướng Vườn',_binary '\0','78efc094-a067-11f0-a7b7-0a6aab4924ab',_binary '\0',NULL,NULL),('8be5b61b-0780-4660-8a46-0a76fd15cd2a',22,'2025-11-19 06:24:30.427255',1,1,'Double Room Park View',4,'active',NULL,'10b1eaf8-f85f-42a3-b17b-26002db986db',865000,_binary '\0','Hướng Vườn',_binary '\0','78efbec7-a067-11f0-a7b7-0a6aab4924ab',_binary '\0',NULL,NULL),('a865a311-53ee-4944-99d0-9e01e2043028',60,'2025-10-08 14:27:47.320323',2,0,'Bungalow Beach Front',10,'active',NULL,'00d60e60-d366-4d73-b3c0-614ecb95feb7',3500000,_binary '','Hướng mặt biển',_binary '','78efbec7-a067-11f0-a7b7-0a6aab4924ab',_binary '',NULL,NULL),('aa294a92-86cf-472f-9382-31e2fac4586a',25,'2025-11-04 10:05:17.241425',2,0,'Senior Balcony Ocean View test',10,'inactive',NULL,'4b2d0a2d-cc1f-4030-8c07-5fa09b8229cf',750000,_binary '','Hướng mặt biển',_binary '','78efbc97-a067-11f0-a7b7-0a6aab4924ab',_binary '',NULL,NULL),('af58c8d9-b534-4108-9707-f82875ae76b8',42,'2025-11-19 06:16:46.289387',2,1,'Phòng Twin Superior Comfort',4,'active',NULL,'65f0ce49-5000-4a68-9f0c-10c485bf7001',236000,_binary '\0','Hướng Vườn',_binary '\0','78efbc97-a067-11f0-a7b7-0a6aab4924ab',_binary '\0',NULL,NULL),('bdacab34-0014-4c8d-acd3-ffb8ab98bf71',25,'2025-10-10 14:45:17.752510',2,0,'Senior Balcony City View',10,'active',NULL,'4b2d0a2d-cc1f-4030-8c07-5fa09b8229cf',700000,_binary '','Hướng thành phố',_binary '','78efbc97-a067-11f0-a7b7-0a6aab4924ab',_binary '',NULL,NULL),('c26d3cdb-e9bd-4587-a6fb-ad95aa9f5039',22,'2025-11-19 06:28:33.454413',2,1,'Double Room With Garden View',2,'active',NULL,'10b1eaf8-f85f-42a3-b17b-26002db986db',898000,_binary '\0','Hướng biển, Nhìn ra thành phố',_binary '\0','78efc094-a067-11f0-a7b7-0a6aab4924ab',_binary '\0',NULL,NULL),('dcf4ecfc-1faf-4087-8487-84e451cdb6ef',30,'2025-10-08 14:20:45.121173',2,0,'Superior Double Garden View',10,'active',NULL,'00d60e60-d366-4d73-b3c0-614ecb95feb7',1700000,_binary '\0','Hướng sân vườn',_binary '','78efbec7-a067-11f0-a7b7-0a6aab4924ab',_binary '',NULL,NULL),('e55e8dbb-4cd9-4c02-929b-5000f88d8035',30,'2025-11-19 06:08:45.788648',2,1,'Phòng đôi Superior Deluxe',5,'active',NULL,'65f0ce49-5000-4a68-9f0c-10c485bf7001',208000,_binary '\0','Ban công , Nhìn ra phố',_binary '\0','78efbec7-a067-11f0-a7b7-0a6aab4924ab',_binary '\0',NULL,NULL),('e62cfd7e-9fa5-4759-9af7-6df520aa2ddc',33,'2025-10-10 14:34:49.082522',2,0,'Deluxe Twin With City View',10,'active',NULL,'4b2d0a2d-cc1f-4030-8c07-5fa09b8229cf',500000,_binary '','Hướng thành phố',_binary '','78efbec7-a067-11f0-a7b7-0a6aab4924ab',_binary '',NULL,NULL),('ecf750cd-3e7c-4bdb-80ee-160d3144c08a',30,'2025-11-19 03:09:27.719073',2,1,'Phòng Twin Tiêu chuẩn Superior',5,'active',NULL,'65f0ce49-5000-4a68-9f0c-10c485bf7001',1813000,_binary '\0','Ban công',_binary '\0','78efbc97-a067-11f0-a7b7-0a6aab4924ab',_binary '\0',NULL,NULL),('ee8e9c08-5a31-4835-842b-a51324361866',30,'2025-10-08 14:18:45.553343',2,0,'Superior Twins City View',10,'active',NULL,'00d60e60-d366-4d73-b3c0-614ecb95feb7',1600000,_binary '\0','Hướng phố',_binary '','78efbc97-a067-11f0-a7b7-0a6aab4924ab',_binary '',NULL,NULL);
/*!40000 ALTER TABLE `rooms` ENABLE KEYS */;
UNLOCK TABLES;

--
-- Table structure for table `special_day_discounts`
--

DROP TABLE IF EXISTS `special_day_discounts`;
/*!40101 SET @saved_cs_client     = @@character_set_client */;
/*!50503 SET character_set_client = utf8mb4 */;
CREATE TABLE `special_day_discounts` (
  `id` varchar(255) NOT NULL,
  `discount_id` varchar(255) NOT NULL,
  `special_day_id` varchar(255) NOT NULL,
  PRIMARY KEY (`id`),
  KEY `FK6adx3r4qcx2psjq2j5qfdqr1b` (`discount_id`),
  KEY `FKnjr84qswg4lye4h4g37f3a4rh` (`special_day_id`),
  CONSTRAINT `FK6adx3r4qcx2psjq2j5qfdqr1b` FOREIGN KEY (`discount_id`) REFERENCES `discounts` (`id`),
  CONSTRAINT `FKnjr84qswg4lye4h4g37f3a4rh` FOREIGN KEY (`special_day_id`) REFERENCES `special_days` (`id`)
) ENGINE=InnoDB DEFAULT CHARSET=utf8mb4 COLLATE=utf8mb4_0900_ai_ci;
/*!40101 SET character_set_client = @saved_cs_client */;

--
-- Dumping data for table `special_day_discounts`
--

LOCK TABLES `special_day_discounts` WRITE;
/*!40000 ALTER TABLE `special_day_discounts` DISABLE KEYS */;
INSERT INTO `special_day_discounts` VALUES ('d0f786f0-a20a-11f0-a7b7-0a6aab4924ab','7236d745-a20a-11f0-a7b7-0a6aab4924ab','4389752b-a20a-11f0-a7b7-0a6aab4924ab'),('d0f7b13d-a20a-11f0-a7b7-0a6aab4924ab','7236db27-a20a-11f0-a7b7-0a6aab4924ab','4389fe80-a20a-11f0-a7b7-0a6aab4924ab'),('d0f7b723-a20a-11f0-a7b7-0a6aab4924ab','7236dc95-a20a-11f0-a7b7-0a6aab4924ab','438a0200-a20a-11f0-a7b7-0a6aab4924ab'),('d0f7ba84-a20a-11f0-a7b7-0a6aab4924ab','7236dd07-a20a-11f0-a7b7-0a6aab4924ab','438a0368-a20a-11f0-a7b7-0a6aab4924ab'),('d0f7d5af-a20a-11f0-a7b7-0a6aab4924ab','7236dd5c-a20a-11f0-a7b7-0a6aab4924ab','438a0433-a20a-11f0-a7b7-0a6aab4924ab'),('d0f7d9c7-a20a-11f0-a7b7-0a6aab4924ab','7236ddb0-a20a-11f0-a7b7-0a6aab4924ab','438a048b-a20a-11f0-a7b7-0a6aab4924ab'),('d0f7dcb3-a20a-11f0-a7b7-0a6aab4924ab','7236de02-a20a-11f0-a7b7-0a6aab4924ab','438a05f7-a20a-11f0-a7b7-0a6aab4924ab'),('d0f7dfd2-a20a-11f0-a7b7-0a6aab4924ab','7236df16-a20a-11f0-a7b7-0a6aab4924ab','438a0a6f-a20a-11f0-a7b7-0a6aab4924ab'),('d0f7e2d7-a20a-11f0-a7b7-0a6aab4924ab','7236df79-a20a-11f0-a7b7-0a6aab4924ab','438a0b18-a20a-11f0-a7b7-0a6aab4924ab'),('d0f7e598-a20a-11f0-a7b7-0a6aab4924ab','7236dfcb-a20a-11f0-a7b7-0a6aab4924ab','438a0c48-a20a-11f0-a7b7-0a6aab4924ab'),('d0f7ec9d-a20a-11f0-a7b7-0a6aab4924ab','7236e01e-a20a-11f0-a7b7-0a6aab4924ab','438a09ff-a20a-11f0-a7b7-0a6aab4924ab'),('d0f7f0c3-a20a-11f0-a7b7-0a6aab4924ab','7236e06f-a20a-11f0-a7b7-0a6aab4924ab','438a0abf-a20a-11f0-a7b7-0a6aab4924ab'),('d0f7f3bb-a20a-11f0-a7b7-0a6aab4924ab','7236e0c1-a20a-11f0-a7b7-0a6aab4924ab','438a0b7d-a20a-11f0-a7b7-0a6aab4924ab');
/*!40000 ALTER TABLE `special_day_discounts` ENABLE KEYS */;
UNLOCK TABLES;

--
-- Table structure for table `special_days`
--

DROP TABLE IF EXISTS `special_days`;
/*!40101 SET @saved_cs_client     = @@character_set_client */;
/*!50503 SET character_set_client = utf8mb4 */;
CREATE TABLE `special_days` (
  `id` varchar(255) NOT NULL,
  `date` date NOT NULL,
  `name` varchar(255) NOT NULL,
  PRIMARY KEY (`id`),
  UNIQUE KEY `UKe8l1f93arv5trbxvfjn4ckvgq` (`date`),
  KEY `idx_special_days_date` (`date`)
) ENGINE=InnoDB DEFAULT CHARSET=utf8mb4 COLLATE=utf8mb4_0900_ai_ci;
/*!40101 SET character_set_client = @saved_cs_client */;

--
-- Dumping data for table `special_days`
--

LOCK TABLES `special_days` WRITE;
/*!40000 ALTER TABLE `special_days` DISABLE KEYS */;
INSERT INTO `special_days` VALUES ('4389752b-a20a-11f0-a7b7-0a6aab4924ab','2025-01-01','Tết Dương lịch'),('4389fe80-a20a-11f0-a7b7-0a6aab4924ab','2025-02-02','Ngày 2/2'),('438a0200-a20a-11f0-a7b7-0a6aab4924ab','2025-03-03','Ngày 3/3'),('438a02f4-a20a-11f0-a7b7-0a6aab4924ab','2025-04-04','Ngày 4/4'),('438a0368-a20a-11f0-a7b7-0a6aab4924ab','2025-04-08','Giỗ Tổ Hùng Vương'),('438a0433-a20a-11f0-a7b7-0a6aab4924ab','2025-04-30','Ngày Giải phóng miền Nam'),('438a048b-a20a-11f0-a7b7-0a6aab4924ab','2025-05-01','Ngày Quốc tế Lao động'),('438a0596-a20a-11f0-a7b7-0a6aab4924ab','2025-05-05','Ngày 5/5'),('438a05f7-a20a-11f0-a7b7-0a6aab4924ab','2025-06-01','Quốc tế Thiếu nhi'),('438a0652-a20a-11f0-a7b7-0a6aab4924ab','2025-06-06','Ngày 6/6'),('438a071b-a20a-11f0-a7b7-0a6aab4924ab','2025-07-07','Ngày 7/7'),('438a07e0-a20a-11f0-a7b7-0a6aab4924ab','2025-08-08','Ngày 8/8'),('438a0890-a20a-11f0-a7b7-0a6aab4924ab','2025-09-02','Quốc khánh Việt Nam'),('438a0960-a20a-11f0-a7b7-0a6aab4924ab','2025-09-09','Ngày 9/9'),('438a09ff-a20a-11f0-a7b7-0a6aab4924ab','2025-10-10','Ngày 10/10'),('438a0a6f-a20a-11f0-a7b7-0a6aab4924ab','2025-10-20','Ngày Phụ nữ Việt Nam'),('438a0abf-a20a-11f0-a7b7-0a6aab4924ab','2025-11-11','Ngày 11/11'),('438a0b18-a20a-11f0-a7b7-0a6aab4924ab','2025-11-20','Ngày Nhà giáo Việt Nam'),('438a0b7d-a20a-11f0-a7b7-0a6aab4924ab','2025-12-12','Ngày 12/12'),('438a0c48-a20a-11f0-a7b7-0a6aab4924ab','2025-12-25','Giáng sinh');
/*!40000 ALTER TABLE `special_days` ENABLE KEYS */;
UNLOCK TABLES;

--
-- Table structure for table `streets`
--

DROP TABLE IF EXISTS `streets`;
/*!40101 SET @saved_cs_client     = @@character_set_client */;
/*!50503 SET character_set_client = utf8mb4 */;
CREATE TABLE `streets` (
  `id` varchar(255) NOT NULL,
  `code` varchar(255) NOT NULL,
  `name` varchar(255) NOT NULL,
  `ward_id` varchar(255) NOT NULL,
  PRIMARY KEY (`id`),
  KEY `idx_streets_ward_id` (`ward_id`),
  CONSTRAINT `FKdp2dgrfvtsyxdi1lxan7hgj5c` FOREIGN KEY (`ward_id`) REFERENCES `wards` (`id`)
) ENGINE=InnoDB DEFAULT CHARSET=utf8mb4 COLLATE=utf8mb4_0900_ai_ci;
/*!40101 SET character_set_client = @saved_cs_client */;

--
-- Dumping data for table `streets`
--

LOCK TABLES `streets` WRITE;
/*!40000 ALTER TABLE `streets` DISABLE KEYS */;
INSERT INTO `streets` VALUES ('032f0393-9c3c-11f0-a7b7-0a6aab4924ab','','Đường Nguyễn Đình Chiểu','d7ab9dcb-9c3b-11f0-a7b7-0a6aab4924ab'),('032f50d9-9c3c-11f0-a7b7-0a6aab4924ab','','Đường Huỳnh Thúc Kháng','d7ab9dcb-9c3b-11f0-a7b7-0a6aab4924ab'),('07c7cf8f-9c3c-11f0-a7b7-0a6aab4924ab','','Đường Huỳnh Thúc Kháng','d94b2498-9c3b-11f0-a7b7-0a6aab4924ab'),('07c7ece9-9c3c-11f0-a7b7-0a6aab4924ab','','Đường Xuân Thủy','d94b2498-9c3b-11f0-a7b7-0a6aab4924ab'),('090746c7-9c3d-11f0-a7b7-0a6aab4924ab','','Đường Đồng Khởi','f47dd575-9c3c-11f0-a7b7-0a6aab4924ab'),('09074b35-9c3d-11f0-a7b7-0a6aab4924ab','','Đường Nguyễn Huệ','f47dd575-9c3c-11f0-a7b7-0a6aab4924ab'),('09074bfa-9c3d-11f0-a7b7-0a6aab4924ab','','Đường Lê Lợi','f47dd575-9c3c-11f0-a7b7-0a6aab4924ab'),('09074cac-9c3d-11f0-a7b7-0a6aab4924ab','','Đường Lê Thánh Tôn','f47dd575-9c3c-11f0-a7b7-0a6aab4924ab'),('094ff487-9c3c-11f0-a7b7-0a6aab4924ab','','Đường Lạc Long Quân','da671c7a-9c3b-11f0-a7b7-0a6aab4924ab'),('0a5db4c8-9c3d-11f0-a7b7-0a6aab4924ab','','Đường Lý Tự Trọng','f5a8a231-9c3c-11f0-a7b7-0a6aab4924ab'),('0a5db8a5-9c3d-11f0-a7b7-0a6aab4924ab','','Đường Lê Thánh Tôn','f5a8a231-9c3c-11f0-a7b7-0a6aab4924ab'),('0a5db95e-9c3d-11f0-a7b7-0a6aab4924ab','','Đường Pasteur','f5a8a231-9c3c-11f0-a7b7-0a6aab4924ab'),('0a5db9ed-9c3d-11f0-a7b7-0a6aab4924ab','','Đường Nam Kỳ Khởi Nghĩa','f5a8a231-9c3c-11f0-a7b7-0a6aab4924ab'),('0b073fbb-9c3c-11f0-a7b7-0a6aab4924ab','','Đường Nguyễn Tất Thành','dc84f2dc-9c3b-11f0-a7b7-0a6aab4924ab'),('0b075b80-9c3c-11f0-a7b7-0a6aab4924ab','','Đường Tuyên Quang','dc84f2dc-9c3b-11f0-a7b7-0a6aab4924ab'),('0b075c57-9c3c-11f0-a7b7-0a6aab4924ab','','Đường Thủ Khoa Huân','dc84f2dc-9c3b-11f0-a7b7-0a6aab4924ab'),('0c08787b-9c3d-11f0-a7b7-0a6aab4924ab','','Đường Bùi Viện','f7209bbe-9c3c-11f0-a7b7-0a6aab4924ab'),('0c087d60-9c3d-11f0-a7b7-0a6aab4924ab','','Đường Phạm Ngũ Lão','f7209bbe-9c3c-11f0-a7b7-0a6aab4924ab'),('0c087e4c-9c3d-11f0-a7b7-0a6aab4924ab','','Đường Đề Thám','f7209bbe-9c3c-11f0-a7b7-0a6aab4924ab'),('0c883b25-9c3c-11f0-a7b7-0a6aab4924ab','','Đường Trần Hưng Đạo','ddb0a2ab-9c3b-11f0-a7b7-0a6aab4924ab'),('0d5eb9dc-9c3d-11f0-a7b7-0a6aab4924ab','','Đường Nguyễn Thị Minh Khai','f86c3121-9c3c-11f0-a7b7-0a6aab4924ab'),('0d5ebda8-9c3d-11f0-a7b7-0a6aab4924ab','','Đường Nam Kỳ Khởi Nghĩa','f86c3121-9c3c-11f0-a7b7-0a6aab4924ab'),('0d5ebe63-9c3d-11f0-a7b7-0a6aab4924ab','','Đường Điện Biên Phủ','f86c3121-9c3c-11f0-a7b7-0a6aab4924ab'),('0d5ebef2-9c3d-11f0-a7b7-0a6aab4924ab','','Đường Pasteur','f86c3121-9c3c-11f0-a7b7-0a6aab4924ab'),('0e9e7f74-9c3c-11f0-a7b7-0a6aab4924ab','','Đường Trưng Trắc','dee3fb08-9c3b-11f0-a7b7-0a6aab4924ab'),('0e9e9e23-9c3c-11f0-a7b7-0a6aab4924ab','','Đường Trưng Nhị','dee3fb08-9c3b-11f0-a7b7-0a6aab4924ab'),('0f213368-9c3d-11f0-a7b7-0a6aab4924ab','','Đường Trần Hưng Đạo','fbb2f621-9c3c-11f0-a7b7-0a6aab4924ab'),('0f21374c-9c3d-11f0-a7b7-0a6aab4924ab','','Đường An Dương Vương','fbb2f621-9c3c-11f0-a7b7-0a6aab4924ab'),('0f21380c-9c3d-11f0-a7b7-0a6aab4924ab','','Đường Nguyễn Trãi','fbb2f621-9c3c-11f0-a7b7-0a6aab4924ab'),('0fcb022e-988f-11f0-a7b7-0a6aab4924ab','','Đường Nguyễn Lương Bằng','448f2f0d-97d4-11f0-a7b7-0a6aab4924ab'),('1109a53b-9c3d-11f0-a7b7-0a6aab4924ab','','Đường Nguyễn Lương Bằng','fcdba4bd-9c3c-11f0-a7b7-0a6aab4924ab'),('1109a91d-9c3d-11f0-a7b7-0a6aab4924ab','','Đường Nguyễn Đức Cảnh','fcdba4bd-9c3c-11f0-a7b7-0a6aab4924ab'),('111a1a5f-988f-11f0-a7b7-0a6aab4924ab','','Đường Tôn Đức Thắng','448f2f93-97d4-11f0-a7b7-0a6aab4924ab'),('1273727a-988f-11f0-a7b7-0a6aab4924ab','','Đường Nguyễn Tất Thành (nối dài)','448f2e55-97d4-11f0-a7b7-0a6aab4924ab'),('1281d650-1789-4931-ae31-ed04d6e06fcd','D13','đường 13','58d01f0e-97ac-4975-8c1b-9c5f635d7497'),('1293ecfa-9c3d-11f0-a7b7-0a6aab4924ab','','Đường Trường Sơn','fe0b995a-9c3c-11f0-a7b7-0a6aab4924ab'),('1293f0b6-9c3d-11f0-a7b7-0a6aab4924ab','','Đường Hồng Hà','fe0b995a-9c3c-11f0-a7b7-0a6aab4924ab'),('1293f229-9c3d-11f0-a7b7-0a6aab4924ab','','Đường Bạch Đằng','fe0b995a-9c3c-11f0-a7b7-0a6aab4924ab'),('15003ae4-9c3d-11f0-a7b7-0a6aab4924ab','','Đường Xuân Thủy','ff555780-9c3c-11f0-a7b7-0a6aab4924ab'),('15003f40-9c3d-11f0-a7b7-0a6aab4924ab','','Đường Thảo Điền','ff555780-9c3c-11f0-a7b7-0a6aab4924ab'),('1500402c-9c3d-11f0-a7b7-0a6aab4924ab','','Đường Nguyễn Văn Hưởng','ff555780-9c3c-11f0-a7b7-0a6aab4924ab'),('16e98cad-1c2b-4de9-9361-b3deaff2dcdc','CL','25/17 Cửu Long','fe0b995a-9c3c-11f0-a7b7-0a6aab4924ab'),('17eb0374-7db0-4317-b410-fad3f78c15fa','TV','179 Thùy Vân','49621cd2-ea24-41c6-a0ca-bcdca9944163'),('18602fe9-609d-48c2-9478-fe802b577612','LA','40 Lenin Avenue','23d4ab73-483b-4bf0-a942-6f3f4a5d5d54'),('18786584-9c3e-11f0-a7b7-0a6aab4924ab','','Đường Thùy Vân','0e9c8d35-9c3e-11f0-a7b7-0a6aab4924ab'),('1878a6ca-9c3e-11f0-a7b7-0a6aab4924ab','','Đường Phó Đức Chính','0e9c8d35-9c3e-11f0-a7b7-0a6aab4924ab'),('1878a8c0-9c3e-11f0-a7b7-0a6aab4924ab','','Đường La Văn Cầu','0e9c8d35-9c3e-11f0-a7b7-0a6aab4924ab'),('1878beaa-9c3e-11f0-a7b7-0a6aab4924ab','','Đường Hoàng Hoa Thám','0e9c8d35-9c3e-11f0-a7b7-0a6aab4924ab'),('1878bf90-9c3e-11f0-a7b7-0a6aab4924ab','','Đường Lê Hồng Phong','0e9c8d35-9c3e-11f0-a7b7-0a6aab4924ab'),('1a737cbf-9c3e-11f0-a7b7-0a6aab4924ab','','Đường Phan Chu Trinh','107f7b44-9c3e-11f0-a7b7-0a6aab4924ab'),('1d33ad86-9c3e-11f0-a7b7-0a6aab4924ab','','Đường Quang Trung','116f0b3d-9c3e-11f0-a7b7-0a6aab4924ab'),('1d33b155-9c3e-11f0-a7b7-0a6aab4924ab','','Đường Hạ Long','116f0b3d-9c3e-11f0-a7b7-0a6aab4924ab'),('1d33b204-9c3e-11f0-a7b7-0a6aab4924ab','','Đường Trần Hưng Đạo','116f0b3d-9c3e-11f0-a7b7-0a6aab4924ab'),('1d33b2a3-9c3e-11f0-a7b7-0a6aab4924ab','','Đường Lý Thường Kiệt','116f0b3d-9c3e-11f0-a7b7-0a6aab4924ab'),('1ee813d2-9c3e-11f0-a7b7-0a6aab4924ab','','Đường Trần Phú','12b5471a-9c3e-11f0-a7b7-0a6aab4924ab'),('2139fd68-9c3e-11f0-a7b7-0a6aab4924ab','','Đường Hạ Long','107f7b44-9c3e-11f0-a7b7-0a6aab4924ab'),('217bf2d3-9c40-11f0-a7b7-0a6aab4924ab','','Đường Phạm Ngũ Lão','15bc3391-9c40-11f0-a7b7-0a6aab4924ab'),('217bf804-9c40-11f0-a7b7-0a6aab4924ab','','Đường Chu Văn An','15bc3391-9c40-11f0-a7b7-0a6aab4924ab'),('217bf8c7-9c40-11f0-a7b7-0a6aab4924ab','','Đường Võ Thị Sáu','15bc3391-9c40-11f0-a7b7-0a6aab4924ab'),('217bf9db-9c40-11f0-a7b7-0a6aab4924ab','','Đường Lê Lợi','15bc3391-9c40-11f0-a7b7-0a6aab4924ab'),('217bfacc-9c40-11f0-a7b7-0a6aab4924ab','','Đường Hùng Vương','15bc3391-9c40-11f0-a7b7-0a6aab4924ab'),('217bfb5e-9c40-11f0-a7b7-0a6aab4924ab','','Đường Nguyễn Tri Phương','15bc3391-9c40-11f0-a7b7-0a6aab4924ab'),('23ecf2dd-9c40-11f0-a7b7-0a6aab4924ab','','Đường Hà Nội','16cf9d77-9c40-11f0-a7b7-0a6aab4924ab'),('2609b2a4-9c40-11f0-a7b7-0a6aab4924ab','','Đường Lê Duẩn','1a374d11-9c40-11f0-a7b7-0a6aab4924ab'),('2609b83f-9c40-11f0-a7b7-0a6aab4924ab','','Đường Đặng Thái Thân','1a374d11-9c40-11f0-a7b7-0a6aab4924ab'),('2609b9c4-9c40-11f0-a7b7-0a6aab4924ab','','Đường Đoàn Thị Điểm','1a374d11-9c40-11f0-a7b7-0a6aab4924ab'),('2609bac9-9c40-11f0-a7b7-0a6aab4924ab','','Đường Tịnh Tâm','1a374d11-9c40-11f0-a7b7-0a6aab4924ab'),('2694ea37-988d-11f0-a7b7-0a6aab4924ab','','Đường Trường Sa','2aa9cc79-97d4-11f0-a7b7-0a6aab4924ab'),('2694eb01-988d-11f0-a7b7-0a6aab4924ab','','Đường Hoàng Kế Viêm','2aa9cc79-97d4-11f0-a7b7-0a6aab4924ab'),('2694eb8b-988d-11f0-a7b7-0a6aab4924ab','','Đường An Thượng 1','2aa9cc79-97d4-11f0-a7b7-0a6aab4924ab'),('2694ece5-988d-11f0-a7b7-0a6aab4924ab','','Đường An Thượng 2','2aa9cc79-97d4-11f0-a7b7-0a6aab4924ab'),('2694ed8d-988d-11f0-a7b7-0a6aab4924ab','','Đường An Thượng 3','2aa9cc79-97d4-11f0-a7b7-0a6aab4924ab'),('2694ee08-988d-11f0-a7b7-0a6aab4924ab','','Đường Ngô Thì Sĩ','2aa9cc79-97d4-11f0-a7b7-0a6aab4924ab'),('2694ee7b-988d-11f0-a7b7-0a6aab4924ab','','Đường Châu Thị Vĩnh Tế','2aa9cc79-97d4-11f0-a7b7-0a6aab4924ab'),('2694ef1f-988d-11f0-a7b7-0a6aab4924ab','','Đường Đỗ Bá','2aa9cc79-97d4-11f0-a7b7-0a6aab4924ab'),('3c7b7ccd-0edc-442b-80a2-b7418ce6d278','3B','3 B9 Dam Trau','91be3f69-658b-4754-ab21-0208278b4082'),('3d0f1c8b-b311-4e36-bf55-15e5cd4ca094','LLQ','số 533 đường Lạc Long Quân','0c9e6ddc-8b86-4fe4-b434-d8cd61377480'),('3ee60ca0-988d-11f0-a7b7-0a6aab4924ab','','Đường Trường Sa','2aa9d01b-97d4-11f0-a7b7-0a6aab4924ab'),('3ee61116-988d-11f0-a7b7-0a6aab4924ab','','Đường Hồ Xuân Hương','2aa9d01b-97d4-11f0-a7b7-0a6aab4924ab'),('3ee611bd-988d-11f0-a7b7-0a6aab4924ab','','Đường Võ Văn Kiệt','2aa9d01b-97d4-11f0-a7b7-0a6aab4924ab'),('40a34df7-988f-11f0-a7b7-0a6aab4924ab','','Đường Ông Ích Đường','6e2c3e97-97d4-11f0-a7b7-0a6aab4924ab'),('45ea355b-988f-11f0-a7b7-0a6aab4924ab','','Đường Cách Mạng Tháng Tám','6e2c36a2-97d4-11f0-a7b7-0a6aab4924ab'),('45ea5075-988f-11f0-a7b7-0a6aab4924ab','','Đường Xô Viết Nghệ Tĩnh','6e2c36a2-97d4-11f0-a7b7-0a6aab4924ab'),('4fa712da-988d-11f0-a7b7-0a6aab4924ab','','Đường Trường Sa','2aa9d16d-97d4-11f0-a7b7-0a6aab4924ab'),('521c75b7-148b-4a86-9a95-e4a5242a40f3','41','41','ed95865f-b7c4-4323-827a-402eec4726f6'),('60aaf95b-7bc4-4c22-b5b4-71a68c489074','S1','Số 1','035af78b-1eda-48c8-ac7b-65fba38edbbc'),('6239fcf1-988d-11f0-a7b7-0a6aab4924ab','','Đường Bạch Đằng','a3b74e7b-97d3-11f0-a7b7-0a6aab4924ab'),('623a0102-988d-11f0-a7b7-0a6aab4924ab','','Đường Nguyễn Văn Linh','a3b74e7b-97d3-11f0-a7b7-0a6aab4924ab'),('623a01ab-988d-11f0-a7b7-0a6aab4924ab','','Đường Trần Phú','a3b74e7b-97d3-11f0-a7b7-0a6aab4924ab'),('66847538-988c-11f0-a7b7-0a6aab4924ab','','Đường Võ Nguyên Giáp','04c72f84-97d4-11f0-a7b7-0a6aab4924ab'),('668517aa-988c-11f0-a7b7-0a6aab4924ab','','Đường Hoàng Sa','04c72f84-97d4-11f0-a7b7-0a6aab4924ab'),('66851c4d-988c-11f0-a7b7-0a6aab4924ab','','Đường Hà Bổng','04c72f84-97d4-11f0-a7b7-0a6aab4924ab'),('66851e79-988c-11f0-a7b7-0a6aab4924ab','','Đường Hồ Nghinh','04c72f84-97d4-11f0-a7b7-0a6aab4924ab'),('66851f55-988c-11f0-a7b7-0a6aab4924ab','','Đường Dương Đình Nghệ','04c72f84-97d4-11f0-a7b7-0a6aab4924ab'),('66852133-988c-11f0-a7b7-0a6aab4924ab','','Đường Phạm Văn Đồng','04c72f84-97d4-11f0-a7b7-0a6aab4924ab'),('668521cb-988c-11f0-a7b7-0a6aab4924ab','','Đường Lâm Hoành','04c72f84-97d4-11f0-a7b7-0a6aab4924ab'),('668522aa-988c-11f0-a7b7-0a6aab4924ab','','Đường Trần Bạch Đằng','04c72f84-97d4-11f0-a7b7-0a6aab4924ab'),('66852406-988c-11f0-a7b7-0a6aab4924ab','','Đường Nguyễn Văn Thoại','04c72f84-97d4-11f0-a7b7-0a6aab4924ab'),('77867a3a-9b4b-11f0-a7b7-0a6aab4924ab','','Đường An Thượng 32','2aa9cc79-97d4-11f0-a7b7-0a6aab4924ab'),('77fddf61-988d-11f0-a7b7-0a6aab4924ab','','Đường Bạch Đằng','a3b74c7e-97d3-11f0-a7b7-0a6aab4924ab'),('77fde321-988d-11f0-a7b7-0a6aab4924ab','','Đường Phan Châu Trinh','a3b74c7e-97d3-11f0-a7b7-0a6aab4924ab'),('77fde3ce-988d-11f0-a7b7-0a6aab4924ab','','Đường Hùng Vương','a3b74c7e-97d3-11f0-a7b7-0a6aab4924ab'),('77fde45b-988d-11f0-a7b7-0a6aab4924ab','','Đường Lê Duẩn','a3b74c7e-97d3-11f0-a7b7-0a6aab4924ab'),('7ff5ce95-988c-11f0-a7b7-0a6aab4924ab','','Đường Trần Thánh Tông','04c72dda-97d4-11f0-a7b7-0a6aab4924ab'),('7ff5d39d-988c-11f0-a7b7-0a6aab4924ab','','Đường Phan Bôi','04c72dda-97d4-11f0-a7b7-0a6aab4924ab'),('7ff5d458-988c-11f0-a7b7-0a6aab4924ab','','Đường Nguyễn Công Trứ','04c72dda-97d4-11f0-a7b7-0a6aab4924ab'),('83ecbddc-8756-4438-bf45-ca9325923957','NPS','167 Nguyễn Phong Sắc','23d4ab73-483b-4bf0-a942-6f3f4a5d5d54'),('95b7101c-988c-11f0-a7b7-0a6aab4924ab','','Đường Ngô Quyền','04c72cec-97d4-11f0-a7b7-0a6aab4924ab'),('95b713c7-988c-11f0-a7b7-0a6aab4924ab','','Đường Trần Nhân Tông','04c72cec-97d4-11f0-a7b7-0a6aab4924ab'),('95b71471-988c-11f0-a7b7-0a6aab4924ab','','Đường Lê Đức Thọ','04c72cec-97d4-11f0-a7b7-0a6aab4924ab'),('95f266b4-988d-11f0-a7b7-0a6aab4924ab','','Đường Đống Đa','a3b7488b-97d3-11f0-a7b7-0a6aab4924ab'),('95f26cb1-988d-11f0-a7b7-0a6aab4924ab','','Đường Lý Tự Trọng','a3b7488b-97d3-11f0-a7b7-0a6aab4924ab'),('95f26de5-988d-11f0-a7b7-0a6aab4924ab','','Đường Quang Trung','a3b7488b-97d3-11f0-a7b7-0a6aab4924ab'),('9a10e481-9c3f-11f0-a7b7-0a6aab4924ab','','Đường Mã Mây','7a1cbc26-9c3f-11f0-a7b7-0a6aab4924ab'),('9a1102f1-9c3f-11f0-a7b7-0a6aab4924ab','','Đường Tạ Hiện','7a1cbc26-9c3f-11f0-a7b7-0a6aab4924ab'),('9a110443-9c3f-11f0-a7b7-0a6aab4924ab','','Đường Hàng Bạc','7a1cbc26-9c3f-11f0-a7b7-0a6aab4924ab'),('9a1104e3-9c3f-11f0-a7b7-0a6aab4924ab','','Đường Lương Ngọc Quyến','7a1cbc26-9c3f-11f0-a7b7-0a6aab4924ab'),('9b193651-9c39-11f0-a7b7-0a6aab4924ab','','Đường Trần Phú','60d7b795-9c39-11f0-a7b7-0a6aab4924ab'),('9b193c33-9c39-11f0-a7b7-0a6aab4924ab','','Đường Hùng Vương','60d7b795-9c39-11f0-a7b7-0a6aab4924ab'),('9b193cee-9c39-11f0-a7b7-0a6aab4924ab','','Đường Nguyễn Thiện Thuật','60d7b795-9c39-11f0-a7b7-0a6aab4924ab'),('9b193e5a-9c39-11f0-a7b7-0a6aab4924ab','','Đường Biệt Thự','60d7b795-9c39-11f0-a7b7-0a6aab4924ab'),('9b193ef1-9c39-11f0-a7b7-0a6aab4924ab','','Đường Lê Thánh Tôn','60d7b795-9c39-11f0-a7b7-0a6aab4924ab'),('9c07aa8c-9c3f-11f0-a7b7-0a6aab4924ab','','Đường Nhà Thờ','7e15e2d6-9c3f-11f0-a7b7-0a6aab4924ab'),('9c07ae38-9c3f-11f0-a7b7-0a6aab4924ab','','Đường Lý Quốc Sư','7e15e2d6-9c3f-11f0-a7b7-0a6aab4924ab'),('9c07aef0-9c3f-11f0-a7b7-0a6aab4924ab','','Đường Hàng Bông','7e15e2d6-9c3f-11f0-a7b7-0a6aab4924ab'),('9db7d607-9c3f-11f0-a7b7-0a6aab4924ab','','Đường Ngô Quyền','7b50a9b8-9c3f-11f0-a7b7-0a6aab4924ab'),('9db7da5b-9c3f-11f0-a7b7-0a6aab4924ab','','Đường Lý Thường Kiệt','7b50a9b8-9c3f-11f0-a7b7-0a6aab4924ab'),('9db7db19-9c3f-11f0-a7b7-0a6aab4924ab','','Đường Hai Bà Trưng','7b50a9b8-9c3f-11f0-a7b7-0a6aab4924ab'),('9db7dbb4-9c3f-11f0-a7b7-0a6aab4924ab','','Đường Tràng Tiền','7b50a9b8-9c3f-11f0-a7b7-0a6aab4924ab'),('a3419537-9c3f-11f0-a7b7-0a6aab4924ab','','Đường Xuân Diệu','7fc0afb9-9c3f-11f0-a7b7-0a6aab4924ab'),('a3419908-9c3f-11f0-a7b7-0a6aab4924ab','','Đường Tô Ngọc Vân','7fc0afb9-9c3f-11f0-a7b7-0a6aab4924ab'),('a34199c4-9c3f-11f0-a7b7-0a6aab4924ab','','Đường Đặng Thai Mai','7fc0afb9-9c3f-11f0-a7b7-0a6aab4924ab'),('a544b405-9c3f-11f0-a7b7-0a6aab4924ab','','Đường Kim Mã','84ae5350-9c3f-11f0-a7b7-0a6aab4924ab'),('a544b7d6-9c3f-11f0-a7b7-0a6aab4924ab','','Đường Liễu Giai','84ae5350-9c3f-11f0-a7b7-0a6aab4924ab'),('a544b90e-9c3f-11f0-a7b7-0a6aab4924ab','','Đường Nguyễn Chí Thanh','84ae5350-9c3f-11f0-a7b7-0a6aab4924ab'),('a75bd443-9c3f-11f0-a7b7-0a6aab4924ab','','Đường Điện Biên Phủ','833f32e5-9c3f-11f0-a7b7-0a6aab4924ab'),('a75bf3c1-9c3f-11f0-a7b7-0a6aab4924ab','','Đường Phan Đình Phùng','833f32e5-9c3f-11f0-a7b7-0a6aab4924ab'),('a9b86d2e-9c3f-11f0-a7b7-0a6aab4924ab','','Đường Duy Tân','883589aa-9c3f-11f0-a7b7-0a6aab4924ab'),('a9b88c39-9c3f-11f0-a7b7-0a6aab4924ab','','Đường Trần Duy Hưng','883589aa-9c3f-11f0-a7b7-0a6aab4924ab'),('abd98095-9c39-11f0-a7b7-0a6aab4924ab','','Đường Biệt Thự','60d7bc7a-9c39-11f0-a7b7-0a6aab4924ab'),('abd9866c-9c39-11f0-a7b7-0a6aab4924ab','','Đường Trần Quang Khải','60d7bc7a-9c39-11f0-a7b7-0a6aab4924ab'),('abd9891a-9c39-11f0-a7b7-0a6aab4924ab','','Đường Tuệ Tĩnh','60d7bc7a-9c39-11f0-a7b7-0a6aab4924ab'),('abd989d6-9c39-11f0-a7b7-0a6aab4924ab','','Đường Nguyễn Thị Minh Khai','60d7bc7a-9c39-11f0-a7b7-0a6aab4924ab'),('ac3be419-9c3f-11f0-a7b7-0a6aab4924ab','','Đường Phạm Hùng','8a664b17-9c3f-11f0-a7b7-0a6aab4924ab'),('ac3c01db-9c3f-11f0-a7b7-0a6aab4924ab','','Đường Đỗ Đức Dục','8a664b17-9c3f-11f0-a7b7-0a6aab4924ab'),('b0b0e58c-988d-11f0-a7b7-0a6aab4924ab','','Đường Nguyễn Tất Thành','a3b753fe-97d3-11f0-a7b7-0a6aab4924ab'),('bc16dd85-9c39-11f0-a7b7-0a6aab4924ab','','Đường Yersin','60d7bd2e-9c39-11f0-a7b7-0a6aab4924ab'),('bc16e17d-9c39-11f0-a7b7-0a6aab4924ab','','Đường Thái Nguyên','60d7bd2e-9c39-11f0-a7b7-0a6aab4924ab'),('bc16e230-9c39-11f0-a7b7-0a6aab4924ab','','Đường Lý Tự Trọng','60d7bd2e-9c39-11f0-a7b7-0a6aab4924ab'),('bc16e2cb-9c39-11f0-a7b7-0a6aab4924ab','','Đường Lê Thánh Tôn','60d7bd2e-9c39-11f0-a7b7-0a6aab4924ab'),('bc59d5d0-291d-4740-bdcf-d349bfd4e744','NTT','41 Nguyễn Thị Thập','ddb28917-5212-435d-b02c-08e30d55a2a7'),('bf89f7b6-988c-11f0-a7b7-0a6aab4924ab','','Đường Trần Hưng Đạo','04c730c6-97d4-11f0-a7b7-0a6aab4924ab'),('c24ebed3-988d-11f0-a7b7-0a6aab4924ab','','Đường Nguyễn Văn Linh','a3b75188-97d3-11f0-a7b7-0a6aab4924ab'),('c34ff476-988e-11f0-a7b7-0a6aab4924ab','','Đường Duy Tân','e4245d8e-97d3-11f0-a7b7-0a6aab4924ab'),('c5736ca8-988e-11f0-a7b7-0a6aab4924ab','','Đường Nguyễn Tất Thành','e4245bcc-97d3-11f0-a7b7-0a6aab4924ab'),('c72cc344-988e-11f0-a7b7-0a6aab4924ab','','Đường Trường Chinh','e4245f78-97d3-11f0-a7b7-0a6aab4924ab'),('cc5f7e9c-988c-11f0-a7b7-0a6aab4924ab','','Đường Hoàng Sa','04c708ab-97d4-11f0-a7b7-0a6aab4924ab'),('cc65a4c8-9c39-11f0-a7b7-0a6aab4924ab','','Đường Phạm Văn Đồng','60d7bdcd-9c39-11f0-a7b7-0a6aab4924ab'),('cc65a9d4-9c39-11f0-a7b7-0a6aab4924ab','','Đường Tháp Bà','60d7bdcd-9c39-11f0-a7b7-0a6aab4924ab'),('cc65ab62-9c39-11f0-a7b7-0a6aab4924ab','','Đường Cù Lao Trung','60d7bdcd-9c39-11f0-a7b7-0a6aab4924ab'),('d5ac1ea5-988d-11f0-a7b7-0a6aab4924ab','','Đường Nguyễn Văn Linh','e4245e8f-97d3-11f0-a7b7-0a6aab4924ab'),('d5ac2263-988d-11f0-a7b7-0a6aab4924ab','','Đường Nguyễn Tri Phương','e4245e8f-97d3-11f0-a7b7-0a6aab4924ab'),('e07392cb-9c39-11f0-a7b7-0a6aab4924ab','','Đường Trần Phú','60d7be60-9c39-11f0-a7b7-0a6aab4924ab'),('e073966c-9c39-11f0-a7b7-0a6aab4924ab','','Đường Hoàng Diệu','60d7be60-9c39-11f0-a7b7-0a6aab4924ab'),('e92269c6-988d-11f0-a7b7-0a6aab4924ab','','Đường Điện Biên Phủ','e4245c7c-97d3-11f0-a7b7-0a6aab4924ab'),('e9226e34-988d-11f0-a7b7-0a6aab4924ab','','Đường Lê Duẩn','e4245c7c-97d3-11f0-a7b7-0a6aab4924ab'),('e9226eef-988d-11f0-a7b7-0a6aab4924ab','','Đường Ông Ích Khiêm','e4245c7c-97d3-11f0-a7b7-0a6aab4924ab'),('ec212bb9-9c39-11f0-a7b7-0a6aab4924ab','','Đường Phạm Văn Đồng','60d7bf17-9c39-11f0-a7b7-0a6aab4924ab'),('f20c15c1-fa8a-464a-8b9a-deec37ce307b','CT','252/43-45 Cao Thắng','a2e41973-b411-49c3-88cb-9dad66bedfce');
/*!40000 ALTER TABLE `streets` ENABLE KEYS */;
UNLOCK TABLES;

--
-- Table structure for table `system_daily_reports`
--

DROP TABLE IF EXISTS `system_daily_reports`;
/*!40101 SET @saved_cs_client     = @@character_set_client */;
/*!50503 SET character_set_client = utf8mb4 */;
CREATE TABLE `system_daily_reports` (
  `report_date` date NOT NULL,
  `gross_revenue` double NOT NULL,
  `net_revenue` double NOT NULL,
  `new_customers_registered` int NOT NULL,
  `new_partners_registered` int NOT NULL,
  `system_average_review_score` double DEFAULT NULL,
  `total_bookings_cancelled` int NOT NULL,
  `total_bookings_completed` int NOT NULL,
  `total_bookings_created` int NOT NULL,
  `total_reviews` int NOT NULL,
  `updated_at` datetime(6) NOT NULL,
  PRIMARY KEY (`report_date`)
) ENGINE=InnoDB DEFAULT CHARSET=utf8mb4 COLLATE=utf8mb4_0900_ai_ci;
/*!40101 SET character_set_client = @saved_cs_client */;

--
-- Dumping data for table `system_daily_reports`
--

LOCK TABLES `system_daily_reports` WRITE;
/*!40000 ALTER TABLE `system_daily_reports` DISABLE KEYS */;
INSERT INTO `system_daily_reports` VALUES ('2025-09-13',0,0,0,0,NULL,0,0,0,0,'2025-11-22 07:56:04.549731'),('2025-09-14',0,0,2,0,NULL,0,0,0,0,'2025-11-22 07:56:05.080729'),('2025-09-15',0,0,0,0,NULL,0,0,0,0,'2025-11-22 07:56:05.589724'),('2025-09-16',0,0,1,0,NULL,0,0,0,0,'2025-11-22 07:56:06.088744'),('2025-09-17',0,0,2,0,NULL,0,0,0,0,'2025-11-22 07:56:06.583738'),('2025-09-18',0,0,0,0,NULL,0,0,0,0,'2025-11-22 07:56:07.073742'),('2025-09-19',0,0,0,0,NULL,0,0,0,0,'2025-11-22 07:56:07.566734'),('2025-09-20',0,0,0,0,NULL,0,0,0,0,'2025-11-22 07:56:08.065752'),('2025-09-21',0,0,0,0,NULL,0,0,0,0,'2025-11-22 07:56:08.566734'),('2025-09-22',0,0,0,0,NULL,0,0,0,0,'2025-11-22 07:56:09.061726'),('2025-09-23',0,0,0,0,NULL,0,0,0,0,'2025-11-22 07:56:09.559731'),('2025-09-24',0,0,0,0,NULL,0,0,0,0,'2025-11-22 07:56:10.063725'),('2025-09-25',0,0,0,0,NULL,0,0,0,0,'2025-11-22 07:56:10.570727'),('2025-09-26',0,0,0,8,NULL,0,0,0,0,'2025-11-22 07:56:11.059732'),('2025-09-27',0,0,0,0,NULL,0,0,0,0,'2025-11-22 07:56:11.563734'),('2025-09-28',0,0,0,59,NULL,0,0,0,0,'2025-11-22 07:56:12.060732'),('2025-09-29',0,0,0,0,NULL,0,0,0,0,'2025-11-22 07:56:12.558735'),('2025-09-30',0,0,0,0,NULL,0,0,0,0,'2025-11-22 07:56:13.070725'),('2025-10-01',0,0,0,0,NULL,0,0,0,0,'2025-11-22 07:56:13.555726'),('2025-10-02',0,0,0,0,NULL,0,0,0,0,'2025-11-22 07:56:14.047730'),('2025-10-03',0,0,0,0,NULL,0,0,0,0,'2025-11-22 07:56:14.555733'),('2025-10-04',0,0,0,0,NULL,0,0,0,0,'2025-11-22 07:56:15.052728'),('2025-10-05',0,0,0,0,NULL,0,0,0,0,'2025-11-22 07:56:15.552730'),('2025-10-06',0,0,0,0,NULL,0,0,0,0,'2025-11-22 07:56:16.046729'),('2025-10-07',0,0,0,0,NULL,0,0,0,0,'2025-11-22 07:56:16.537729'),('2025-10-08',0,0,0,0,NULL,0,0,0,0,'2025-11-22 07:56:17.039739'),('2025-10-09',0,0,0,0,NULL,0,0,0,0,'2025-11-22 07:56:17.547728'),('2025-10-10',0,0,0,0,NULL,0,0,0,0,'2025-11-22 07:56:18.047728'),('2025-10-11',0,0,0,0,NULL,0,0,0,0,'2025-11-22 07:56:18.541731'),('2025-10-12',0,0,0,0,NULL,0,0,0,0,'2025-11-22 07:56:19.040725'),('2025-10-13',0,0,0,0,NULL,0,0,0,0,'2025-11-22 07:56:19.537733'),('2025-10-14',0,0,0,0,NULL,0,0,0,0,'2025-11-22 07:56:20.024727'),('2025-10-15',0,0,0,0,NULL,0,0,0,0,'2025-11-22 07:56:20.520727'),('2025-10-16',0,0,0,0,NULL,0,0,0,0,'2025-11-22 07:56:21.014733'),('2025-10-17',0,0,7,0,NULL,0,0,0,0,'2025-11-22 07:56:21.505740'),('2025-10-18',0,0,2,0,NULL,0,0,0,0,'2025-11-22 07:56:22.002730'),('2025-10-19',0,0,0,0,NULL,0,0,0,0,'2025-11-22 07:56:22.511734'),('2025-10-20',0,0,0,0,NULL,0,0,0,0,'2025-11-22 07:56:23.009732'),('2025-10-21',0,0,1,0,NULL,0,0,0,0,'2025-11-22 07:56:23.507726'),('2025-10-22',0,0,0,0,NULL,0,0,0,0,'2025-11-22 07:56:24.004734'),('2025-10-23',0,0,0,0,NULL,0,0,0,0,'2025-11-22 07:56:24.504747'),('2025-10-24',0,0,0,0,NULL,0,0,0,0,'2025-11-22 07:56:24.997768'),('2025-10-25',0,0,0,0,NULL,0,0,0,0,'2025-11-22 07:56:25.491725'),('2025-10-26',0,0,0,0,NULL,0,0,0,0,'2025-11-22 07:56:25.982728'),('2025-10-27',0,0,0,0,NULL,0,0,0,0,'2025-11-22 07:56:26.472728'),('2025-10-28',0,0,0,0,NULL,0,0,4,0,'2025-11-22 07:56:26.973727'),('2025-10-29',0,0,0,0,NULL,1,0,1,0,'2025-11-22 07:56:27.462750'),('2025-10-30',0,0,0,0,NULL,1,0,13,0,'2025-11-22 07:56:27.957727'),('2025-10-31',0,0,0,0,NULL,2,0,4,0,'2025-11-22 07:56:28.450728'),('2025-11-01',0,0,0,0,NULL,3,0,5,0,'2025-11-22 07:56:28.949727'),('2025-11-02',0,0,0,0,NULL,0,0,0,0,'2025-11-22 07:56:29.463737'),('2025-11-03',10283000,1542450,0,0,NULL,0,1,0,0,'2025-11-22 07:56:29.958724'),('2025-11-04',0,0,0,0,NULL,0,0,0,0,'2025-11-22 07:56:30.457737'),('2025-11-05',0,0,0,0,NULL,0,0,0,0,'2025-11-22 07:56:30.948736'),('2025-11-06',0,0,0,0,NULL,3,0,0,0,'2025-11-22 07:56:31.443726'),('2025-11-07',0,0,0,0,NULL,0,0,0,0,'2025-11-22 07:56:31.946733'),('2025-11-08',0,0,0,0,NULL,0,0,0,0,'2025-11-22 07:56:32.443733'),('2025-11-09',0,0,0,0,NULL,0,0,0,0,'2025-11-22 07:56:32.939729'),('2025-11-10',0,0,0,0,NULL,0,0,0,0,'2025-11-22 07:56:33.477785'),('2025-11-11',0,0,0,0,NULL,0,0,0,0,'2025-11-22 07:56:33.976731'),('2025-11-12',0,0,0,0,NULL,0,0,0,0,'2025-11-22 07:56:34.471724'),('2025-11-13',0,0,0,0,NULL,0,0,0,0,'2025-11-22 07:56:34.968743'),('2025-11-14',0,0,0,0,NULL,0,0,0,0,'2025-11-22 07:56:35.463731'),('2025-11-15',0,0,0,0,NULL,0,0,0,0,'2025-11-22 07:56:35.963746'),('2025-11-16',0,0,0,0,NULL,0,0,0,0,'2025-11-22 07:56:36.477726'),('2025-11-17',0,0,0,0,NULL,0,0,0,0,'2025-11-22 07:56:36.974734'),('2025-11-18',0,0,0,2,NULL,0,0,0,0,'2025-11-22 07:56:37.465730'),('2025-11-19',0,0,0,2,NULL,0,0,0,0,'2025-11-22 07:56:37.971732'),('2025-11-20',0,0,0,0,NULL,1,0,3,0,'2025-11-22 07:56:38.468731'),('2025-11-21',0,0,0,0,NULL,0,0,0,0,'2025-11-22 07:56:38.976731'),('2025-11-22',0,0,0,0,NULL,0,0,0,0,'2025-11-22 07:56:39.470738');
/*!40000 ALTER TABLE `system_daily_reports` ENABLE KEYS */;
UNLOCK TABLES;

--
-- Table structure for table `user_auth_info`
--

DROP TABLE IF EXISTS `user_auth_info`;
/*!40101 SET @saved_cs_client     = @@character_set_client */;
/*!50503 SET character_set_client = utf8mb4 */;
CREATE TABLE `user_auth_info` (
  `id` varchar(255) NOT NULL,
  `auth_provider` varchar(255) DEFAULT NULL,
  `auth_provider_id` varchar(255) DEFAULT NULL,
  `user_id` varchar(255) NOT NULL,
  `active` bit(1) NOT NULL,
  `refresh_token` text,
  `otp` varchar(255) DEFAULT NULL,
  `otp_attempts` int NOT NULL,
  `otp_blocked_until` datetime(6) DEFAULT NULL,
  `otp_expiration_time` datetime(6) DEFAULT NULL,
  PRIMARY KEY (`id`),
  UNIQUE KEY `UK6ts9h7cvu116k5astdpk3hy3f` (`user_id`),
  KEY `idx_user_auth_info_user_id` (`user_id`),
  KEY `idx_user_auth_info_auth_provider` (`auth_provider`,`auth_provider_id`),
  KEY `idx_user_auth_info_active` (`active`),
  CONSTRAINT `FK7e0owrsuv4j7p0e1lj1wphh2i` FOREIGN KEY (`user_id`) REFERENCES `users` (`id`)
) ENGINE=InnoDB DEFAULT CHARSET=utf8mb4 COLLATE=utf8mb4_0900_ai_ci;
/*!40101 SET character_set_client = @saved_cs_client */;

--
-- Dumping data for table `user_auth_info`
--

LOCK TABLES `user_auth_info` WRITE;
/*!40000 ALTER TABLE `user_auth_info` DISABLE KEYS */;
INSERT INTO `user_auth_info` VALUES ('0013088d-5236-4768-891d-c207e87b5d05','local',NULL,'cc896753-3b1a-47c0-af47-67fc588f483a',_binary '',NULL,NULL,0,NULL,NULL),('08166ef0-5cf2-4409-923f-38ff55e19163','local',NULL,'9acb3732-c499-4a5d-bad9-36f5b986aa16',_binary '',NULL,NULL,0,NULL,NULL),('1089643b-b418-4aa8-851f-4e9828856458','local',NULL,'a9a40c85-a35b-4a4c-b0b5-2dd8130f29cc',_binary '','eyJhbGciOiJIUzUxMiJ9.eyJzdWIiOiJwYXJ0bmVyX2RuXzhAZ21haWwuY29tIiwic2NvcGUiOiJwYXJ0bmVyIiwiaXNzIjoiaG9saWRhdGVfZGV2cyIsImZ1bGxOYW1lIjoicGFydG5lcl9kbl84IiwiZXhwIjoxNzU5NTAxNTg1LCJpYXQiOjE3NTg4OTY3ODUsImp0aSI6IjdhY2MyZTg3LWY1YzktNGQwMi1iN2EzLTgxMGUyN2QyY2MzYiJ9.4KH5P4Mrjjk6nhTS6QyLKw7zhGoR9iyh8lFrTJjeLdsFSgX-PNL057kLHWfNl6z3J-aoVw5WJkpDOypGSG-qcg',NULL,0,NULL,NULL),('14235955-3bb5-479f-860b-68043483016c','local',NULL,'b7321cbd-cbfd-4d21-b9b5-bcb57ff08759',_binary '\0',NULL,NULL,0,NULL,NULL),('16005558-9a76-4f2f-9129-70b7e5289e9b','local',NULL,'418f6bf4-1f2b-4802-aa7f-ca6676d9da40',_binary '',NULL,NULL,0,NULL,NULL),('166b0b27-0b0e-4a81-b32e-f9ade21b28fb','local',NULL,'7cf4c4e9-4546-481e-9cde-0beed1a5b26b',_binary '',NULL,NULL,0,NULL,NULL),('191f958c-5e64-400d-9c68-feba9d8ffc86','local',NULL,'2aa89567-44f6-4595-a630-50c3090c9ce1',_binary '',NULL,NULL,0,NULL,NULL),('195b3aec-9030-460a-8a40-58474e26016a','local',NULL,'8e7e0db9-5434-4386-9aa8-0d25c00421ca',_binary '',NULL,NULL,0,NULL,NULL),('1c797960-51d6-49c0-a15a-4942abd100ff','local',NULL,'fd0feb0b-aec0-4d20-9f5c-55912a074509',_binary '\0',NULL,NULL,0,NULL,NULL),('1dfbdb03-6cae-4711-99d9-37074396fcc6','google','106622333312987115120','f0d12ef1-725b-4785-afde-3cc0f4d6a4c9',_binary '','eyJhbGciOiJIUzUxMiJ9.eyJzdWIiOiJwaGFtbWluaGtoYW5ncHkyMDAzQGdtYWlsLmNvbSIsInNjb3BlIjoidXNlciIsImlzcyI6ImhvbGlkYXRlX2RldnMiLCJmdWxsTmFtZSI6Ik1pbmggS2hhbmcgUGjhuqFtIiwiZXhwIjoxNzY0MjU0NjY3LCJpYXQiOjE3NjM2NDk4NjcsImp0aSI6IjcxZmE1OGQzLTU1ODAtNGY2ZS04YzM2LTQ1OGY2YThiODdiNiJ9._EGitaz56STZnu88Qs-0beAXEX9YU-O5uc-Cl3AHt98YRogbykUCwBgvC4niK-eYduL_J_-TNO4hR-4T3ix5vw',NULL,0,NULL,NULL),('219a97d7-c126-48f3-825a-2f06e2c76fea','local',NULL,'c9635331-dfce-4e31-bf06-f6c9226eb400',_binary '','eyJhbGciOiJIUzUxMiJ9.eyJzdWIiOiJwYXJ0bmVyX3Z0XzdAZ21haWwuY29tIiwic2NvcGUiOiJwYXJ0bmVyIiwiaXNzIjoiaG9saWRhdGVfZGV2cyIsImZ1bGxOYW1lIjoicGFydG5lcl92dF83IiwiZXhwIjoxNzY0MjU0ODYxLCJpYXQiOjE3NjM2NTAwNjEsImp0aSI6IjAzZWMyMzZjLWI3ZWQtNDViMC1hNGEzLTcwNDg3Zjk4MDE5NiJ9.eWFxhZO_EBZY-n9YjwGcP_5m-B9WN3XHKfC2VOP1Cm9SSwh5J9yjz3to__KmoIKU5ZlJUsP3cAZrgEZt_xOzpA',NULL,0,NULL,NULL),('221d72cd-b4dd-433f-8017-88097ec432b5','local',NULL,'430206a5-764d-4e85-ae00-2891efc7bbb1',_binary '',NULL,NULL,0,NULL,NULL),('264445bf-ed73-4cb9-b0d0-466e9dfaf868','local',NULL,'d70da15a-914a-4910-b7dd-e69e5e5f26c8',_binary '','eyJhbGciOiJIUzUxMiJ9.eyJzdWIiOiJwYXJ0bmVyX3B0XzRAZ21haWwuY29tIiwic2NvcGUiOiJwYXJ0bmVyIiwiaXNzIjoiaG9saWRhdGVfZGV2cyIsImZ1bGxOYW1lIjoicGFydG5lcl9wdF80IiwiZXhwIjoxNzY0MTM4OTEwLCJpYXQiOjE3NjM1MzQxMTAsImp0aSI6IjE2MjAyMjJhLTQ4MmEtNDUxOS04ZmRiLTZjODhiN2QxYzAwNyJ9.LWDf4VNfOafpteaFPiXuVzwn89BDzNqmR_VUy5o-ZKIBcb38tKpsdvHOODlKL6krpoB4uWlKHKMBwVaOzsPVMw',NULL,0,NULL,NULL),('28360327-8359-42bf-bda0-8b4115185c15','local',NULL,'853a1d78-2ebb-4eee-96cd-957878ec4524',_binary '','eyJhbGciOiJIUzUxMiJ9.eyJzdWIiOiJwYXJ0bmVyX3B0XzdAZ21haWwuY29tIiwic2NvcGUiOiJwYXJ0bmVyIiwiaXNzIjoiaG9saWRhdGVfZGV2cyIsImZ1bGxOYW1lIjoicGFydG5lcl9wdF83IiwiZXhwIjoxNzY0NDMyODU4LCJpYXQiOjE3NjM4MjgwNTgsImp0aSI6IjJjZDRhYzU2LTU1ZGMtNDQ0MS1iNzA0LTFjMzBlOWMzZjUxNSJ9.cFmUZoL2uRGqSet6Ve_VEm7RHUVbEyXnv18n_CLtQpxlwdCOonR5xaspT1L1l1eIH9knsyDcGM3e4IMaSLdtLQ',NULL,0,NULL,NULL),('2adf2b05-9542-4e82-8a9c-c8eaaa31d3ad','local',NULL,'7c9eaeca-6792-4f4b-b6b3-fe7b591b3dc8',_binary '',NULL,NULL,0,NULL,NULL),('2ed04f39-ac6a-493f-b26a-55ad7bc922f8','local',NULL,'7e4fcde3-7944-4d14-ad60-136b62009b9e',_binary '',NULL,NULL,0,NULL,NULL),('313e0e1f-f878-479a-b892-e5c2486d48c1','local',NULL,'eddc010d-74d0-4551-866a-9ac0f335d296',_binary '',NULL,NULL,0,NULL,NULL),('384bad35-09f3-4dae-ae62-5e6b034ba0f2','local',NULL,'a5807d7b-3ead-4859-8b4b-b8810df23d2a',_binary '',NULL,NULL,0,NULL,NULL),('3a04d545-cda5-45e4-9a09-2a2f6153b0b5','local',NULL,'c9350a47-70c3-4ca4-abec-e4176ef3d720',_binary '',NULL,NULL,0,NULL,NULL),('3be6149f-5b1d-46f9-9035-b8429afcbd8d','local',NULL,'e5988f91-5e10-4eb0-b7ce-1f7402ab5178',_binary '',NULL,NULL,0,NULL,NULL),('3c965a34-45a6-4d29-8812-c487fe1b951e','local',NULL,'1a8e0ec3-05ab-4b8a-adb7-5f93f4ca44e8',_binary '',NULL,NULL,0,NULL,NULL),('3eab3747-6091-4faa-ac7a-12cc52797d04','local',NULL,'ad4524ac-abc9-444e-ab86-b0babbd54a00',_binary '',NULL,NULL,0,NULL,NULL),('408390bd-d207-4426-b710-a4076cd58a63','local',NULL,'fa1f6096-cbd0-4ea4-a030-8195321a879e',_binary '',NULL,NULL,0,NULL,NULL),('40fca1db-ecfa-4d12-8190-c711b2ca2b50','local',NULL,'aeed9ed1-74cd-4826-8a57-96cc2ee9d0ea',_binary '','eyJhbGciOiJIUzUxMiJ9.eyJzdWIiOiJwaHVjdHJhbjI3MDkyMDA0QGdtYWlsLmNvbSIsInNjb3BlIjoidXNlciIsImlzcyI6ImhvbGlkYXRlX2RldnMiLCJmdWxsTmFtZSI6IlRy4bqnbiBWxINuIFBow7pjIiwiZXhwIjoxNzYxNjMwNTgzLCJpYXQiOjE3NjEwMjU3ODMsImp0aSI6ImJlZjNkMTQ1LTRlMDAtNGFlNS04ZmI3LTk3NmRjOWUyNDJhNiJ9.8rENJiX5n-zKbRzhHzqWKIs8y1eKox9D1dMNE0pM4Ah7kbS3LVz-GMwxcpxGS3YeTt5cH0we-OS8WN4sDq_nJA',NULL,0,NULL,NULL),('43161370-603e-46ce-916f-49cad3a802e2','local',NULL,'804e7011-7991-4e1d-913d-d843b6923d3d',_binary '','eyJhbGciOiJIUzUxMiJ9.eyJzdWIiOiJhZG1pbkBob2xpZGF0ZS5jb20iLCJzY29wZSI6ImFkbWluIiwiaXNzIjoiaG9saWRhdGVfZGV2cyIsImZ1bGxOYW1lIjoiQWRtaW4iLCJleHAiOjE3NjQ0MzM1NjYsImlhdCI6MTc2MzgyODc2NiwianRpIjoiM2ZjMDNjOWYtZTk4OC00MWFjLWFjMDMtNjQxMjBkOGQzYTE2In0.NEMDfm0emT-tCqFXIihVGIibfwYni3xBfPRFdfhAJamDUk5eZOPB_JvYwor06PcKT87UCIQt4hF8nIvuVYzQww',NULL,0,NULL,NULL),('43a4b5f5-b706-465f-919b-937e0d8d6c30','local',NULL,'35b546aa-09bf-40eb-bd9e-81e9beb9ffec',_binary '',NULL,NULL,0,NULL,NULL),('448dd01d-cf0c-4bb7-8135-057b2d21ee3c','local',NULL,'5d6b4ce0-d613-495b-b686-d8542b57f2ae',_binary '',NULL,NULL,0,NULL,NULL),('4ebfd098-95d7-4363-a4b7-b0e8d8338b2c','local',NULL,'2e71bca0-ea76-45d9-8ac9-74b0ffc39b51',_binary '\0',NULL,NULL,0,NULL,NULL),('50040c20-e1ef-40cd-a2d9-8adb84c5fd3e','google','110330961174050928084','f121dd68-8d4c-4764-a3bf-54611b249c2d',_binary '','eyJhbGciOiJIUzUxMiJ9.eyJzdWIiOiJwaHVxdW9jZGt2bkBnbWFpbC5jb20iLCJzY29wZSI6InVzZXIiLCJpc3MiOiJob2xpZGF0ZV9kZXZzIiwiZnVsbE5hbWUiOiJQaHUgUXVvYyIsImV4cCI6MTc2NDI1NDM0NywiaWF0IjoxNzYzNjQ5NTQ3LCJqdGkiOiJiNDFkZmZkYi1mYjJhLTQ5OTItYWZmMy03MWFmYjBjNDE4YzEifQ.JPhaWhiQun2cnYME6dhrFxM7mextowBMk2qhmAW1lVFLytff9rNxkG-MUS9ug8exLTMMi7j9ig_Cx_K7_29B7w',NULL,0,NULL,NULL),('5142306f-0123-4616-a7da-8c2878c0e41e','local',NULL,'efab574c-4b18-482f-ba34-3644bc7379c4',_binary '',NULL,NULL,0,NULL,NULL),('552722e0-5e97-4224-977d-8faa0ffe4d0e','local',NULL,'31f98c38-f8c4-4190-b2e8-9ed256cb5fe1',_binary '\0',NULL,NULL,0,NULL,NULL),('57166994-decc-4886-b421-876b8136ddcf','local',NULL,'e0ed0946-9640-4059-8a95-56f35c634bc7',_binary '',NULL,NULL,0,NULL,NULL),('57691611-0980-45cb-ac81-bd228764e481','google','116903750086469235779','510639ce-df36-4666-9d26-101388127029',_binary '','eyJhbGciOiJIUzUxMiJ9.eyJzdWIiOiJiYW9kdW9uZzI5NzIwMDNAZ21haWwuY29tIiwic2NvcGUiOiJ1c2VyIiwiaXNzIjoiaG9saWRhdGVfZGV2cyIsImZ1bGxOYW1lIjoiVHLhuqduIFF14buRYyBExrDGoW5nIiwiZXhwIjoxNzY0MzMyNzE2LCJpYXQiOjE3NjM3Mjc5MTYsImp0aSI6ImNmMTNiOTFhLTI3OTctNGJhZS1iNjdkLTk5YmM3ODBmMjE5MiJ9.XQ8_yGUhi0uCqWY8bxvUrxc96fyLImEh2HCeBaWFQe5Xw6EvqtRW8-5nD2ARpmS2xxyG0u5D_TXTARmizETmqQ',NULL,0,NULL,NULL),('5c4f7cde-6cd3-454b-aea2-f2c16455adbd','local',NULL,'27b35453-3fe4-41ec-bc62-b89cb0a15268',_binary '','eyJhbGciOiJIUzUxMiJ9.eyJzdWIiOiJwYXJ0bmVyX3B0XzNAZ21haWwuY29tIiwic2NvcGUiOiJwYXJ0bmVyIiwiaXNzIjoiaG9saWRhdGVfZGV2cyIsImZ1bGxOYW1lIjoicGFydG5lcl9wdF8zIiwiZXhwIjoxNzY0MzI1NDY4LCJpYXQiOjE3NjM3MjA2NjgsImp0aSI6IjdjZTVkOTAyLTlmZjEtNDUyYi05NTQzLWY2MTgzNWI0ODA1YiJ9.tbotOp__1TM65v7mEBhHQGZNynO-c4ZnmeT8bQbnuPhYIsCFxg1Z-FL5YlybSKrhOUaZMcPhTwv8Qiv-RbMdyw',NULL,0,NULL,NULL),('5cf77fc2-c564-4213-8be2-9298c22d510b','local',NULL,'3f372b5f-8b93-4017-bafe-2d6f5d163b3d',_binary '',NULL,NULL,0,NULL,NULL),('60b2ff1d-7917-46d4-9316-1138ed2eb040','local',NULL,'7805487f-4350-4ee1-be7f-bea9398291c1',_binary '',NULL,NULL,0,NULL,NULL),('61ca1460-f240-4388-8644-ad71c2ce588f','local',NULL,'ea8b1105-d610-4d8c-9ff9-a71ed583d571',_binary '',NULL,NULL,0,NULL,NULL),('6245c67a-216e-4e38-be28-343c163aa21f','local',NULL,'2bebfb48-ac4d-40ed-9b1d-3c182bbd4e8c',_binary '','eyJhbGciOiJIUzUxMiJ9.eyJzdWIiOiJwYXJ0bmVyX2huXzFAZ21haWwuY29tIiwic2NvcGUiOiJwYXJ0bmVyIiwiaXNzIjoiaG9saWRhdGVfZGV2cyIsImZ1bGxOYW1lIjoicGFydG5lcl9obl8xIiwiZXhwIjoxNzY0MDQwMDEzLCJpYXQiOjE3NjM0MzUyMTMsImp0aSI6IjRhNjRiOWM1LTUxNGItNGM2OS1hYjY5LWZlNWMxODNhZTg0MSJ9._S6oo2kC04XPRexQT4HltYie2OvV3wUa_p-_GY5-ysHo-uhW0rCo1WYkd80nVD-MqQ8X7bPP3vfvAlR1KmOMug',NULL,0,NULL,NULL),('64da1c5b-4359-46e6-99ad-eca2d7d90b10','local',NULL,'4cc5a336-df52-4a1c-b1c0-ce335fca80df',_binary '',NULL,NULL,0,NULL,NULL),('6d61fc55-0a01-4840-97ca-83acfed293c5','local',NULL,'8c1da0c8-c7db-43ac-aab1-345b3eec9483',_binary '','eyJhbGciOiJIUzUxMiJ9.eyJzdWIiOiJwYXJ0bmVyX250XzJAZ21haWwuY29tIiwic2NvcGUiOiJwYXJ0bmVyIiwiaXNzIjoiaG9saWRhdGVfZGV2cyIsImZ1bGxOYW1lIjoicGFydG5lcl9udF8yIiwiZXhwIjoxNzY0NDMxMDcxLCJpYXQiOjE3NjM4MjYyNzEsImp0aSI6IjYzMGMyMDJkLTQ3ODktNDRhZS05MDljLWNkYjZhMDE4MGViMCJ9.u62ij8wq8A9gpPQ3kRS4FYc1NldKH8dTDx_0Ceh0uDg6ZlR5CguUr66vDk9tpZKOmIw5_nTVtkxb3WpRBtXGTg',NULL,0,NULL,NULL),('723aef38-4eb5-498c-a18d-84382f69343f','local',NULL,'3fd5d0e1-4553-4a50-b967-b6e301ba4e33',_binary '\0',NULL,NULL,0,NULL,NULL),('74eca7b2-3a8a-49d8-afa0-1131e702ccc8','local',NULL,'9103bbf1-6e43-40f6-827c-3fd64b55144f',_binary '',NULL,NULL,0,NULL,NULL),('7dae49be-83e8-48d9-8b3f-67d23822d3e6','local',NULL,'5200272f-45c1-48f4-984d-f804a6f42c81',_binary '',NULL,NULL,0,NULL,NULL),('7e016fe4-de69-4b71-b71b-4c77b94f75e4','local',NULL,'5d326b73-a061-4e3e-bb77-345e31fa83a2',_binary '',NULL,NULL,0,NULL,NULL),('84e3cb85-f928-4d66-b7b6-aad104544520','local',NULL,'3f295167-bcaa-47be-8d68-6d4479044a13',_binary '',NULL,NULL,0,NULL,NULL),('85c74d01-220f-4a64-b4fb-a96ca8586030','local',NULL,'c3be1947-0515-4f04-8633-9b7356a7525f',_binary '',NULL,NULL,0,NULL,NULL),('86a88f05-b646-451f-b2c0-171dab379948','local',NULL,'2eca1bcd-07cf-4b65-aa30-386c8be62e69',_binary '',NULL,NULL,0,NULL,NULL),('86fd8f97-c641-4572-a174-8987b5beb310','local',NULL,'d290ddb3-dee4-4e96-8979-ec8b8d18109c',_binary '',NULL,NULL,0,NULL,NULL),('889987b2-cd51-4ca5-8c21-6b716200f2d4','local',NULL,'afabdda4-4bcd-4994-b488-5b6da374e09a',_binary '',NULL,NULL,0,NULL,NULL),('88b62e45-5332-44d5-bba4-5584be8215a2','local',NULL,'4b0c4cff-697c-407e-a922-fcf3eb6520f6',_binary '',NULL,NULL,0,NULL,NULL),('8cd6e513-b22d-4d30-9204-3e6c431ba8f8','local',NULL,'b73c9cca-dba8-42d7-bd36-bc576242ba9b',_binary '',NULL,NULL,0,NULL,NULL),('91276e09-58a9-4489-b5d6-911b36c59690','local',NULL,'dfab2141-972b-4594-8573-d70bff2f2c0d',_binary '',NULL,NULL,0,NULL,NULL),('91e59fed-d130-4188-aeae-2a011673ae33','local',NULL,'05c7b8e6-9de4-4970-a8ea-174c6add1306',_binary '','eyJhbGciOiJIUzUxMiJ9.eyJzdWIiOiJwYXJ0bmVyX3B0XzJAZ21haWwuY29tIiwic2NvcGUiOiJwYXJ0bmVyIiwiaXNzIjoiaG9saWRhdGVfZGV2cyIsImZ1bGxOYW1lIjoicGFydG5lcl9wdF8yIiwiZXhwIjoxNzY0MTI2MDMxLCJpYXQiOjE3NjM1MjEyMzEsImp0aSI6ImI5YmQ4Zjg2LTYyZmYtNDkyZS04MjVkLTAwMDk4YjQ1NTJiZiJ9.UnV9u-KaKM9h7GXpnsB_D0PUk7MPApGn6CyfcGo1EeTrdiz3cB6DLah3VfniCRd6r-m0V_0y0Ah7EqFiESdcTw',NULL,0,NULL,NULL),('947306e0-4958-42f4-9457-489548967c7d','local',NULL,'425c1794-b7e2-4518-80a3-2cc299572524',_binary '',NULL,NULL,0,NULL,NULL),('995c1f55-bf4f-4c0d-a507-fa23fa927de3','local',NULL,'012cf861-6aba-440d-a878-b6d71d260a83',_binary '','eyJhbGciOiJIUzUxMiJ9.eyJzdWIiOiJwYXJ0bmVyX3Z0XzZAZ21haWwuY29tIiwic2NvcGUiOiJwYXJ0bmVyIiwiaXNzIjoiaG9saWRhdGVfZGV2cyIsImZ1bGxOYW1lIjoicGFydG5lcl92dF82IiwiZXhwIjoxNzY0MTc3MjAzLCJpYXQiOjE3NjM1NzI0MDMsImp0aSI6Ijg5MmY3OWJkLTgxNjUtNDk1ZS05ZGRjLTUwZjU4ZDNjZWM3ZiJ9.QtfRVU1aQ4TlEojoNahFm2oQuNlcSZZs3Am0I7Q7-YEvusLUWeN2K9UdEoYJy9TfCoutpYmbBWDTzU9IcTY8MQ',NULL,0,NULL,NULL),('9ba7b8f0-1d7a-49d4-a997-c773e5dd49fe','local',NULL,'fea3dedc-0f0a-42f3-9619-2868bce2020f',_binary '',NULL,NULL,0,NULL,NULL),('a87ddcfc-6e22-46c7-b4b3-e6906184740d','local',NULL,'35f856e8-e9bc-4882-90f8-0744125e51e8',_binary '',NULL,NULL,0,NULL,NULL),('af77c204-b66a-45e6-b234-3ef177cd5004','local',NULL,'70394d54-70f9-4779-ab14-76f782043103',_binary '',NULL,NULL,0,NULL,NULL),('afe0ade5-dee0-4820-8c29-90582f71473a','local',NULL,'ab4ffb9e-a4dc-43cb-b967-2d57de11584a',_binary '',NULL,NULL,0,NULL,NULL),('b2531df2-cf32-4d05-ad95-bd39da5377a3','local',NULL,'0e6a8fcf-76f3-4c54-ab82-5b92ae2f03c2',_binary '',NULL,NULL,0,NULL,NULL),('b32f23af-5132-47a7-b6a6-96c057c959b1','local',NULL,'04037b75-be77-4caa-bf72-4ac413b2103b',_binary '','eyJhbGciOiJIUzUxMiJ9.eyJzdWIiOiJwYXJ0bmVyX2RuXzZAZ21haWwuY29tIiwic2NvcGUiOiJwYXJ0bmVyIiwiaXNzIjoiaG9saWRhdGVfZGV2cyIsImZ1bGxOYW1lIjoicGFydG5lcl9kbl82IiwiZXhwIjoxNzYyNzU5MzcwLCJpYXQiOjE3NjIxNTQ1NzAsImp0aSI6IjU0ZjRkNGYyLWVmNDUtNDRiMy1iZjk5LWY4NDViZGM0NjM4NCJ9.uzIOSXN0pHcqodP_rt-p3P15SziOQsMniKbbXADrI_wbQJKtozrC0N5oHcbk_v7tSmEPFo_y8Wfn5JzToDu9Ng',NULL,0,NULL,NULL),('b7b32592-5dbf-4268-be03-63547ca6ec74','local',NULL,'6ebc897a-0bad-4820-bde9-664db7981e9d',_binary '',NULL,NULL,0,NULL,NULL),('b8116c81-126f-45b4-a49d-42f306875909','local',NULL,'45312a36-6b6f-4302-98cc-fe1ebba229a9',_binary '',NULL,NULL,0,NULL,NULL),('bacb2ab7-fa38-4fa3-8337-5613dd359b55','local',NULL,'347b4421-c2c8-4b05-b45e-8ab67a3def75',_binary '',NULL,NULL,0,NULL,NULL),('bae287ae-fc7b-4eaf-a1c5-361c617ab963','local',NULL,'042a8b3e-4ea2-4f59-ab56-ef2547e7832e',_binary '\0',NULL,NULL,0,NULL,NULL),('c1f4bd0a-4f93-47cc-87ac-d1d35c7cf6db','local',NULL,'b8017b38-fe06-4f7c-8af1-010c7379bc61',_binary '\0',NULL,NULL,0,NULL,NULL),('c5a55136-2b2e-4b59-b9ac-c497e8702465','local',NULL,'6bb0bc53-4204-4527-8bc9-eebdf928037c',_binary '\0',NULL,NULL,0,NULL,NULL),('c6f112b1-f3d6-4733-aff5-6af49afd0469','local',NULL,'468cdeb8-60ca-42c5-afb0-2c3972211312',_binary '',NULL,NULL,0,NULL,NULL),('c71be2ae-5c08-45bc-b2c3-2908356b2210','local',NULL,'4c963c30-3496-43c3-85a6-004f99e7ea07',_binary '',NULL,NULL,0,NULL,NULL),('c74e8ee4-90b6-43e3-a1c9-c593099ec775','local',NULL,'795ad12c-f624-4958-b936-ead9271d7733',_binary '',NULL,NULL,0,NULL,NULL),('c75cf831-d898-4ae9-941e-e5133de2e690','local',NULL,'545aadf5-ae27-461a-9293-214351c09af2',_binary '',NULL,NULL,0,NULL,NULL),('ca027c33-2b90-4e84-959b-8dd3ce3c0966','local',NULL,'4297b143-ea3c-45f7-8aa0-b2df22124957',_binary '',NULL,NULL,0,NULL,NULL),('d8dc2398-6840-4f62-8869-296cb97b1685','local',NULL,'c1a5d041-8a1c-46e7-af24-b93ba90e5ed7',_binary '',NULL,NULL,0,NULL,NULL),('d8f0b8a6-5b88-42bc-9fe0-031567ebeff8','local',NULL,'9e3eb826-3b84-44dc-b415-06a7213de3b7',_binary '\0',NULL,NULL,0,NULL,NULL),('d9037599-e33c-4152-9411-4aede35489e2','local',NULL,'43fd4bbf-7cb8-4f57-bd5b-cc1fda3be2a3',_binary '',NULL,NULL,0,NULL,NULL),('dc72cc8c-fc74-4267-b41a-10634fffb48b','local',NULL,'53627dd8-d7f7-4eb3-9130-a33ca41c2202',_binary '\0',NULL,NULL,0,NULL,NULL),('de81a130-b695-4d86-b72e-db0e64f64eea','local',NULL,'409a3c52-a7c4-445d-8743-30e26cdd2449',_binary '',NULL,NULL,0,NULL,NULL),('e426b1ba-bdc8-466a-bb22-c8cc778ebda4','local',NULL,'a47ac6df-3c70-40a0-8dcb-c1cbb553b212',_binary '',NULL,NULL,0,NULL,NULL),('e60c3a5a-9f64-4f8c-9f9d-8028c029da88','local',NULL,'f0a17ae3-87d1-4c35-b7cb-c6fa9f406091',_binary '\0',NULL,NULL,0,NULL,NULL),('e9830356-ef6b-4067-a348-263e8902cd45','local',NULL,'033162a5-6898-40ea-afeb-1a68a1a91b0a',_binary '','eyJhbGciOiJIUzUxMiJ9.eyJzdWIiOiJwYXJ0bmVyX3B0XzVAZ21haWwuY29tIiwic2NvcGUiOiJwYXJ0bmVyIiwiaXNzIjoiaG9saWRhdGVfZGV2cyIsImZ1bGxOYW1lIjoicGFydG5lcl9wdF81IiwiZXhwIjoxNzY0MTI0MjY5LCJpYXQiOjE3NjM1MTk0NjksImp0aSI6ImYyZjM0ZmY2LTEzMmItNGI4OC1iYWM4LWZhYzZjMjEzYTU0NCJ9.K5T_8ri_YUay_XbSN54V_VDr6asFjRKqJXiSHlrKa4GsTO2Z3HGmJ6uWyOmCVg-CitPoGqs9W8Vn4Sv2Oxh0Dw',NULL,0,NULL,NULL),('e9ca5cbf-5fa6-4493-8249-4c8989b511b4','local',NULL,'df7e8bd2-e982-444b-b529-74ef2d1083c9',_binary '',NULL,NULL,0,NULL,NULL),('eb873c27-65f4-4c4d-a557-c90e52eb8c3d','local',NULL,'f1174deb-4ebf-4ea5-bd9c-2e337e5841f4',_binary '',NULL,NULL,0,NULL,NULL),('ebf7f1b4-a74d-4cb0-8cba-0cb652ca3697','local',NULL,'89ced1cc-c9c4-4bfc-80a6-b18e2f74a48d',_binary '',NULL,NULL,0,NULL,NULL),('f209020e-598b-48cb-a526-dc58fe9dca41','local',NULL,'33df3591-d4ff-4a62-a458-116580c6e9de',_binary '\0',NULL,'752322',0,NULL,'2025-10-17 15:25:04.151000'),('f7aea504-6539-4525-9848-e24de8f170e1','local',NULL,'f12f43d5-4359-4619-8288-78c8730b9e7b',_binary '',NULL,NULL,0,NULL,NULL),('f9aea777-5fd1-4d28-b31f-5e5b08e95648','local',NULL,'9a1bdde6-b3c1-47c2-8a33-d68435d7d4eb',_binary '',NULL,NULL,0,NULL,NULL),('fcdc7ba2-ef66-4224-994a-cf863a4aa7b2','local',NULL,'e668d229-86a7-4d13-a724-a71fc5da18a3',_binary '',NULL,NULL,0,NULL,NULL);
/*!40000 ALTER TABLE `user_auth_info` ENABLE KEYS */;
UNLOCK TABLES;

--
-- Table structure for table `users`
--

DROP TABLE IF EXISTS `users`;
/*!40101 SET @saved_cs_client     = @@character_set_client */;
/*!50503 SET character_set_client = utf8mb4 */;
CREATE TABLE `users` (
  `id` varchar(255) NOT NULL,
  `address` varchar(255) DEFAULT NULL,
  `avatar_url` varchar(255) DEFAULT NULL,
  `created_at` datetime(6) DEFAULT NULL,
  `date_of_birth` datetime(6) DEFAULT NULL,
  `email` varchar(255) NOT NULL,
  `full_name` varchar(255) NOT NULL,
  `gender` varchar(255) DEFAULT NULL,
  `password` varchar(255) DEFAULT NULL,
  `phone_number` varchar(11) DEFAULT NULL,
  `updated_at` datetime(6) DEFAULT NULL,
  `role_id` varchar(255) DEFAULT NULL,
  `city_id` varchar(255) DEFAULT NULL,
  `district_id` varchar(255) DEFAULT NULL,
  `country_id` varchar(255) DEFAULT NULL,
  `province_id` varchar(255) DEFAULT NULL,
  `street_id` varchar(255) DEFAULT NULL,
  `ward_id` varchar(255) DEFAULT NULL,
  PRIMARY KEY (`id`),
  UNIQUE KEY `UK6dotkott2kjsp8vw4d0m25fb7` (`email`),
  UNIQUE KEY `UK9q63snka3mdh91as4io72espi` (`phone_number`),
  KEY `FKn36jwt4acj3il2ixvv2c0ncco` (`city_id`),
  KEY `FKj30hhy45scxdgcj0usq90504r` (`district_id`),
  KEY `FKmvmjqjo6wsc7b3594dlohbo2y` (`province_id`),
  KEY `FKpkyra59k6xrb5x7rjnvu78glm` (`street_id`),
  KEY `FKnsvs322tc83u22087mkg0t74e` (`ward_id`),
  KEY `idx_users_email` (`email`),
  KEY `idx_users_phone_number` (`phone_number`),
  KEY `idx_users_role_id` (`role_id`),
  KEY `idx_users_country_province_city` (`country_id`,`province_id`,`city_id`),
  CONSTRAINT `FKj30hhy45scxdgcj0usq90504r` FOREIGN KEY (`district_id`) REFERENCES `districts` (`id`),
  CONSTRAINT `FKjlpks00ofkq3sqd9hqiavv5lg` FOREIGN KEY (`country_id`) REFERENCES `countries` (`id`),
  CONSTRAINT `FKmvmjqjo6wsc7b3594dlohbo2y` FOREIGN KEY (`province_id`) REFERENCES `provinces` (`id`),
  CONSTRAINT `FKn36jwt4acj3il2ixvv2c0ncco` FOREIGN KEY (`city_id`) REFERENCES `cities` (`id`),
  CONSTRAINT `FKnsvs322tc83u22087mkg0t74e` FOREIGN KEY (`ward_id`) REFERENCES `wards` (`id`),
  CONSTRAINT `FKp56c1712k691lhsyewcssf40f` FOREIGN KEY (`role_id`) REFERENCES `roles` (`id`),
  CONSTRAINT `FKpkyra59k6xrb5x7rjnvu78glm` FOREIGN KEY (`street_id`) REFERENCES `streets` (`id`)
) ENGINE=InnoDB DEFAULT CHARSET=utf8mb4 COLLATE=utf8mb4_0900_ai_ci;
/*!40101 SET character_set_client = @saved_cs_client */;

--
-- Dumping data for table `users`
--

LOCK TABLES `users` WRITE;
/*!40000 ALTER TABLE `users` DISABLE KEYS */;
INSERT INTO `users` VALUES ('012cf861-6aba-440d-a878-b6d71d260a83',NULL,NULL,'2025-09-28 13:01:32.776848',NULL,'partner_vt_6@gmail.com','partner_vt_6',NULL,'$2a$10$Uy9180W4zMn3VqKB.cFhEeJ.etr68WPzBtbNWS4yHGrBdcLGapXxa',NULL,NULL,'e4edf715-eab5-40a3-95f5-8c2de9c9d3d6',NULL,NULL,NULL,NULL,NULL,NULL),('033162a5-6898-40ea-afeb-1a68a1a91b0a',NULL,NULL,'2025-09-28 12:58:46.112441',NULL,'partner_pt_5@gmail.com','partner_pt_5',NULL,'$2a$10$4r41xDxxKF/BOoPUw3NvwO/IahlmXaaoTbQU/7GKBtelo8g/Se0iC',NULL,NULL,'e4edf715-eab5-40a3-95f5-8c2de9c9d3d6',NULL,NULL,NULL,NULL,NULL,NULL),('04037b75-be77-4caa-bf72-4ac413b2103b',NULL,NULL,'2025-09-26 14:22:33.000960',NULL,'partner_dn_6@gmail.com','partner_dn_6',NULL,'$2a$10$xUfJJB6T/ejuD17n48BLO.HmYOYKeqCsb0txqLbdt/nIfY9kGeceW',NULL,NULL,'e4edf715-eab5-40a3-95f5-8c2de9c9d3d6',NULL,NULL,NULL,NULL,NULL,NULL),('042a8b3e-4ea2-4f59-ab56-ef2547e7832e',NULL,NULL,'2025-10-17 15:40:02.502960',NULL,'trandung151998@gmail.com','Trần Quốc Dương',NULL,'$2a$10$kMid5Cx9k1976QPPJ2C3i.jN7KRQljIrnL81UwY59uhlTCU7bz9Dm',NULL,NULL,'60f409dc-b164-47f3-8b77-5a42846e5dac',NULL,NULL,NULL,NULL,NULL,NULL),('05c7b8e6-9de4-4970-a8ea-174c6add1306',NULL,NULL,'2025-09-28 12:58:28.937940',NULL,'partner_pt_2@gmail.com','partner_pt_2',NULL,'$2a$10$iwvv9lRslmxREeTT3/xV.OeqFtQ6J4ECxRNdrx/SszykAGegs72vu',NULL,NULL,'e4edf715-eab5-40a3-95f5-8c2de9c9d3d6',NULL,NULL,NULL,NULL,NULL,NULL),('0e6a8fcf-76f3-4c54-ab82-5b92ae2f03c2',NULL,NULL,'2025-09-28 12:59:17.402604',NULL,'partner_pt_10@gmail.com','partner_pt_10',NULL,'$2a$10$gEV5FInIBCQCOe13gUjqgO3gzwM7yOe/3f1fxhnYMOnBEu4j1jIVO',NULL,NULL,'e4edf715-eab5-40a3-95f5-8c2de9c9d3d6',NULL,NULL,NULL,NULL,NULL,NULL),('1a8e0ec3-05ab-4b8a-adb7-5f93f4ca44e8',NULL,NULL,'2025-09-28 12:56:59.825781',NULL,'partner_nt_1@gmail.com','partner_nt_1',NULL,'$2a$10$Hi1y3Nj8eZp4ySrW2MbCmOSf9crOH.yfHQ4FaIc6uMB2.w5Wve8bK',NULL,NULL,'e4edf715-eab5-40a3-95f5-8c2de9c9d3d6',NULL,NULL,NULL,NULL,NULL,NULL),('27b35453-3fe4-41ec-bc62-b89cb0a15268',NULL,NULL,'2025-09-28 12:58:35.653133',NULL,'partner_pt_3@gmail.com','partner_pt_3',NULL,'$2a$10$aAz0huPvvpHODJehgDBXGuzuKRVPtmmaPXygTtSQcN.Vz83PkNKRy',NULL,NULL,'e4edf715-eab5-40a3-95f5-8c2de9c9d3d6',NULL,NULL,NULL,NULL,NULL,NULL),('2aa89567-44f6-4595-a630-50c3090c9ce1',NULL,NULL,'2025-09-28 13:03:06.274019',NULL,'partner_hn_8@gmail.com','partner_hn_8',NULL,'$2a$10$lO2YyNLM0ETOLr.4OS4nvecJMDJFP2dKVjFTYKj77F9nbKEoGRueC',NULL,NULL,'e4edf715-eab5-40a3-95f5-8c2de9c9d3d6',NULL,NULL,NULL,NULL,NULL,NULL),('2bebfb48-ac4d-40ed-9b1d-3c182bbd4e8c',NULL,NULL,'2025-09-28 13:02:24.420933',NULL,'partner_hn_1@gmail.com','partner_hn_1',NULL,'$2a$10$QIRuIr.XCA61Hsp7/l1MKevqxnimMUirYwn4RCHUi4NqLcD.mCXHO',NULL,NULL,'e4edf715-eab5-40a3-95f5-8c2de9c9d3d6',NULL,NULL,NULL,NULL,NULL,NULL),('2e71bca0-ea76-45d9-8ac9-74b0ffc39b51',NULL,NULL,'2025-11-18 17:03:36.889431',NULL,'partner_v_3@gmail.com','partner_v_3',NULL,'$2a$10$lUyxYpojqQha6.6.7a0i0eB6ZZEIet4vtu5zpfWaFwcGC5CEBRZnq','0936311705',NULL,'e4edf715-eab5-40a3-95f5-8c2de9c9d3d6',NULL,NULL,NULL,NULL,NULL,NULL),('2eca1bcd-07cf-4b65-aa30-386c8be62e69',NULL,NULL,'2025-09-28 13:03:44.265661',NULL,'partner_hue_3@gmail.com','partner_hue_3',NULL,'$2a$10$.phrB46m53RI.Z9pACBmReV1aDjzIjiChPUiVRIUq8KewpR/Gm4Uu',NULL,NULL,'e4edf715-eab5-40a3-95f5-8c2de9c9d3d6',NULL,NULL,NULL,NULL,NULL,NULL),('31f98c38-f8c4-4190-b2e8-9ed256cb5fe1',NULL,NULL,'2025-10-17 16:59:10.262192',NULL,'phuong0414@gmail.com','Kỳ Phương',NULL,'$2a$10$FMs8SpLMYPFEcjYwuLg2dOTiiOQkjyP/HCwzf7OhGeDweGb2Is1Om',NULL,NULL,'60f409dc-b164-47f3-8b77-5a42846e5dac',NULL,NULL,NULL,NULL,NULL,NULL),('33df3591-d4ff-4a62-a458-116580c6e9de',NULL,NULL,'2025-10-17 15:24:03.526557',NULL,'quocdkvn@gmail.com','Trần Dương',NULL,'$2a$10$smWQr.kCE3r5iY0SVvUkNuaCqiqKDeymhw4nKgPeZxqKoD7WEnBQ2',NULL,NULL,'60f409dc-b164-47f3-8b77-5a42846e5dac',NULL,NULL,NULL,NULL,NULL,NULL),('347b4421-c2c8-4b05-b45e-8ab67a3def75',NULL,NULL,'2025-09-28 12:59:57.792355',NULL,'partner_hcm_5@gmail.com','partner_hcm_5',NULL,'$2a$10$F0xFvwUF7urIPo8QPECNH.MxRCRda44nuSBZVup3lQowiRCf5mIGC',NULL,NULL,'e4edf715-eab5-40a3-95f5-8c2de9c9d3d6',NULL,NULL,NULL,NULL,NULL,NULL),('35b546aa-09bf-40eb-bd9e-81e9beb9ffec',NULL,NULL,'2025-09-28 12:57:45.856187',NULL,'partner_nt_8@gmail.com','partner_nt_8',NULL,'$2a$10$t4t/UBsoytGYpd4xlRdbB.TejkvW6.ZChF0O7I3Y4mhyDcSZQHADS',NULL,NULL,'e4edf715-eab5-40a3-95f5-8c2de9c9d3d6',NULL,NULL,NULL,NULL,NULL,NULL),('35f856e8-e9bc-4882-90f8-0744125e51e8',NULL,NULL,'2025-09-28 13:00:20.286768',NULL,'partner_hcm_9@gmail.com','partner_hcm_9',NULL,'$2a$10$XKxmvLCrH.i.9jZLk1Q1BuD3v9Zf4JLOuB7z5tbbCBa9uLbT8jO9G',NULL,NULL,'e4edf715-eab5-40a3-95f5-8c2de9c9d3d6',NULL,NULL,NULL,NULL,NULL,NULL),('3f295167-bcaa-47be-8d68-6d4479044a13',NULL,NULL,'2025-09-28 12:57:39.615895',NULL,'partner_nt_7@gmail.com','partner_nt_7',NULL,'$2a$10$252o7lDSpg5NRvriCFnbzuePM4MW32skLMxGdy3oLu5B/8wms2Yua',NULL,NULL,'e4edf715-eab5-40a3-95f5-8c2de9c9d3d6',NULL,NULL,NULL,NULL,NULL,NULL),('3f372b5f-8b93-4017-bafe-2d6f5d163b3d',NULL,NULL,'2025-09-28 12:57:21.322909',NULL,'partner_nt_4@gmail.com','partner_nt_4',NULL,'$2a$10$aEYHMLd56OC3BmT8ezN9bOwpWIKldB2lsdFePQeiTIpXjI66PnXPW',NULL,NULL,'e4edf715-eab5-40a3-95f5-8c2de9c9d3d6',NULL,NULL,NULL,NULL,NULL,NULL),('3fd5d0e1-4553-4a50-b967-b6e301ba4e33',NULL,NULL,'2025-10-17 15:27:10.993032',NULL,'Tovukha191196@gmail.com','Tô Vũ Kha',NULL,'$2a$10$gV15OJEjRxWG.QwndryViu5TyOloZXdaTvc7uHqWXUEn6aROq7eJu',NULL,NULL,'60f409dc-b164-47f3-8b77-5a42846e5dac',NULL,NULL,NULL,NULL,NULL,NULL),('409a3c52-a7c4-445d-8743-30e26cdd2449',NULL,NULL,'2025-09-28 13:03:55.886786',NULL,'partner_hue_5@gmail.com','partner_hue_5',NULL,'$2a$10$zYbgxwjcd2pAxywj1fV8tOlq9aICyjzRm.UwITvMBPXR8rbcXsW7.',NULL,NULL,'e4edf715-eab5-40a3-95f5-8c2de9c9d3d6',NULL,NULL,NULL,NULL,NULL,NULL),('418f6bf4-1f2b-4802-aa7f-ca6676d9da40',NULL,NULL,'2025-09-28 12:57:33.308907',NULL,'partner_nt_6@gmail.com','partner_nt_6',NULL,'$2a$10$2AlH/LcadZ.t/sncSpUkCO5P4c8mlJsAjikMt8M8tcsZ86p3MW/L2',NULL,NULL,'e4edf715-eab5-40a3-95f5-8c2de9c9d3d6',NULL,NULL,NULL,NULL,NULL,NULL),('425c1794-b7e2-4518-80a3-2cc299572524',NULL,NULL,'2025-09-28 13:00:09.369689',NULL,'partner_hcm_7@gmail.com','partner_hcm_7',NULL,'$2a$10$R4lWLCrAJ2lPsZL/DbUkjeilpr9RErrrZn6MBQqiq3Ugc51n5UUk.',NULL,NULL,'e4edf715-eab5-40a3-95f5-8c2de9c9d3d6',NULL,NULL,NULL,NULL,NULL,NULL),('4297b143-ea3c-45f7-8aa0-b2df22124957',NULL,NULL,'2025-09-28 13:01:16.424636',NULL,'partner_vt_3@gmail.com','partner_vt_3',NULL,'$2a$10$eo/VN.N2KVDhoRSDbULlSu5/hrhtmaP/u11ZsKdG0/3tjdqJIlxc2',NULL,NULL,'e4edf715-eab5-40a3-95f5-8c2de9c9d3d6',NULL,NULL,NULL,NULL,NULL,NULL),('430206a5-764d-4e85-ae00-2891efc7bbb1',NULL,NULL,'2025-09-28 13:02:46.537345',NULL,'partner_hn_5@gmail.com','partner_hn_5',NULL,'$2a$10$lKo6YMbV.2J6KoU.2B1JZ.yFJ9zu9U1Cts7o55o/.m020reVt3kHW',NULL,NULL,'e4edf715-eab5-40a3-95f5-8c2de9c9d3d6',NULL,NULL,NULL,NULL,NULL,NULL),('43fd4bbf-7cb8-4f57-bd5b-cc1fda3be2a3',NULL,NULL,'2025-09-28 13:01:27.677634',NULL,'partner_vt_5@gmail.com','partner_vt_5',NULL,'$2a$10$0wSpTBs.bUPVZlt3U9V/MuY.CFxcRuPwd9Whsqi0ADjFasR3jCRIG',NULL,NULL,'e4edf715-eab5-40a3-95f5-8c2de9c9d3d6',NULL,NULL,NULL,NULL,NULL,NULL),('45312a36-6b6f-4302-98cc-fe1ebba229a9',NULL,NULL,'2025-09-28 13:02:33.909146',NULL,'partner_hn_3@gmail.com','partner_hn_3',NULL,'$2a$10$ulF9BIC8tFff6FCPf952E.dMh8VTabOXKjYUppr7hx3mBtqODdOPa',NULL,NULL,'e4edf715-eab5-40a3-95f5-8c2de9c9d3d6',NULL,NULL,NULL,NULL,NULL,NULL),('468cdeb8-60ca-42c5-afb0-2c3972211312',NULL,NULL,'2025-09-28 13:01:05.854534',NULL,'partner_vt_1@gmail.com','partner_vt_1',NULL,'$2a$10$U7FLoBRxblxnE7o1fVZYjusbpLnZwxJ3RgQGoGSWM/pwaqQzIf8Su',NULL,NULL,'e4edf715-eab5-40a3-95f5-8c2de9c9d3d6',NULL,NULL,NULL,NULL,NULL,NULL),('4b0c4cff-697c-407e-a922-fcf3eb6520f6',NULL,NULL,'2025-09-28 13:00:26.714901',NULL,'partner_hcm_10@gmail.com','partner_hcm_10',NULL,'$2a$10$AXMfH6wNt0SKqSrfU.X7JeTzlAvznDuqKRSFWupJjj2kv25AgBqa6',NULL,NULL,'e4edf715-eab5-40a3-95f5-8c2de9c9d3d6',NULL,NULL,NULL,NULL,NULL,NULL),('4c963c30-3496-43c3-85a6-004f99e7ea07',NULL,NULL,'2025-09-26 14:22:00.994983',NULL,'partner_dn_3@gmail.com','partner_dn_3',NULL,'$2a$10$t54qnQmzM61dMojMrEJ9SeSMffJZvLXVS3u1E.0GnXrW9fGpLJ.iC',NULL,NULL,'e4edf715-eab5-40a3-95f5-8c2de9c9d3d6',NULL,NULL,NULL,NULL,NULL,NULL),('4cc5a336-df52-4a1c-b1c0-ce335fca80df',NULL,NULL,'2025-09-28 13:00:04.750413',NULL,'partner_hcm_6@gmail.com','partner_hcm_6',NULL,'$2a$10$H8T4zTqrE06hOVsNy/qAV.qb2rUsAuFPDwQlWfJrK/souZ.nDrEY2',NULL,NULL,'e4edf715-eab5-40a3-95f5-8c2de9c9d3d6',NULL,NULL,NULL,NULL,NULL,NULL),('510639ce-df36-4666-9d26-101388127029',NULL,'https://lh3.googleusercontent.com/a/ACg8ocJzoEzsaW39OZtFdVg20pkyQvDmieN2-Ix8Bl_dZ-rOlbasEK4D=s96-c','2025-10-18 01:15:30.598609',NULL,'baoduong2972003@gmail.com','Trần Quốc Dương',NULL,'$2a$10$EwAjT2nLgvskDPC/hpsfVe7Rj/GRFPz4d0SWganqiAFnTAk5telyq',NULL,'2025-10-18 03:31:04.624002','60f409dc-b164-47f3-8b77-5a42846e5dac',NULL,NULL,NULL,NULL,NULL,NULL),('5200272f-45c1-48f4-984d-f804a6f42c81','xóm 13 , Xã quỳnh Thanh, huyện Quỳnh Lưu, tỉnh Nghệ An','https://holidate-storage.s3.ap-southeast-1.amazonaws.com/A.jpg','2025-09-17 12:20:50.191210','2003-03-09 17:00:00.000000','thivantran2003@gmail.com','Trần Thị Vân','female','$2a$10$GGnUjK7QVYLcbGY2uiSZPe4GbS.pVhFYIE6WdhFL1bZ5EDPh0UeR2','0889251448','2025-11-05 07:21:18.115812','60f409dc-b164-47f3-8b77-5a42846e5dac',NULL,NULL,NULL,NULL,NULL,NULL),('53627dd8-d7f7-4eb3-9130-a33ca41c2202',NULL,NULL,'2025-10-17 17:11:19.889096',NULL,'as@gmail.com','tranquocDuong',NULL,'$2a$10$qeSMmDVBGtcXPp24FSNOke.74zsAXhV3S/VXo2EGAIvaJpoCMzOmS',NULL,NULL,'60f409dc-b164-47f3-8b77-5a42846e5dac',NULL,NULL,NULL,NULL,NULL,NULL),('545aadf5-ae27-461a-9293-214351c09af2',NULL,NULL,'2025-09-28 13:00:14.720785',NULL,'partner_hcm_8@gmail.com','partner_hcm_8',NULL,'$2a$10$/UXWsAfXzDeHxoRY8m4oNOCmDKiPsQDzByEyT6dTgR/rU4V9OFBgu',NULL,NULL,'e4edf715-eab5-40a3-95f5-8c2de9c9d3d6',NULL,NULL,NULL,NULL,NULL,NULL),('5d326b73-a061-4e3e-bb77-345e31fa83a2',NULL,NULL,'2025-09-26 14:21:53.029551',NULL,'partner_dn_2@gmail.com','partner_dn_2',NULL,'$2a$10$Rnt4Pe5MZEJj8irUQBwKj.xj2IeyJOLsgddK0MJdtzoE4RCBME/o6',NULL,NULL,'e4edf715-eab5-40a3-95f5-8c2de9c9d3d6',NULL,NULL,NULL,NULL,NULL,NULL),('5d6b4ce0-d613-495b-b686-d8542b57f2ae',NULL,NULL,'2025-09-17 10:03:13.065961',NULL,'aminh252781@gmail.com','Trần Quốc Dương',NULL,'$2a$10$l2752Sr1WPqwtTeEtiQSqOR8NXHPrE1YsC0EDwfLk0bjRcDWBluhy',NULL,NULL,'60f409dc-b164-47f3-8b77-5a42846e5dac',NULL,NULL,NULL,NULL,NULL,NULL),('6bb0bc53-4204-4527-8bc9-eebdf928037c',NULL,NULL,'2025-10-17 16:37:38.709722',NULL,'kyphuong0414@gmail.com','Kỳ Phương',NULL,'$2a$10$E6Iur/K6yZX9kT5lPqFNKefq5UYMKwGuwQAKk./rp/0gf5Mcc8nNS',NULL,NULL,'60f409dc-b164-47f3-8b77-5a42846e5dac',NULL,NULL,NULL,NULL,NULL,NULL),('6ebc897a-0bad-4820-bde9-664db7981e9d',NULL,NULL,'2025-09-28 13:03:50.980785',NULL,'partner_hue_4@gmail.com','partner_hue_4',NULL,'$2a$10$qx/.foAYdovjttgAXM.05eRGrKz1sOM93eiaul2TLPWjT1wGOIX5a',NULL,NULL,'e4edf715-eab5-40a3-95f5-8c2de9c9d3d6',NULL,NULL,NULL,NULL,NULL,NULL),('70394d54-70f9-4779-ab14-76f782043103',NULL,NULL,'2025-09-16 16:17:22.688570',NULL,'tranquocduong2872003@gmail.com','Trần Quốc Dương',NULL,'$2a$10$MwYd0azSUx4dNX9PHUpkJeQUHsB8grlni8hAzFs7WccN.bqpU/qBm',NULL,NULL,'60f409dc-b164-47f3-8b77-5a42846e5dac',NULL,NULL,NULL,NULL,NULL,NULL),('7805487f-4350-4ee1-be7f-bea9398291c1',NULL,NULL,'2025-09-28 13:01:10.521540',NULL,'partner_vt_2@gmail.com','partner_vt_2',NULL,'$2a$10$UzMvXBHaoKoxlASoFaP2DeiAlT.cww2N9vWgbr6ERyGQfzYk00yla',NULL,NULL,'e4edf715-eab5-40a3-95f5-8c2de9c9d3d6',NULL,NULL,NULL,NULL,NULL,NULL),('795ad12c-f624-4958-b936-ead9271d7733',NULL,NULL,'2025-09-28 13:01:49.443378',NULL,'partner_vt_9@gmail.com','partner_vt_9',NULL,'$2a$10$q40gUaLcHk1yOvFLDE8YauCvtKoQ0E9vkHuD.wAWA4k2BQ6Ym0wCi',NULL,NULL,'e4edf715-eab5-40a3-95f5-8c2de9c9d3d6',NULL,NULL,NULL,NULL,NULL,NULL),('7c9eaeca-6792-4f4b-b6b3-fe7b591b3dc8',NULL,NULL,'2025-09-28 12:59:37.257373',NULL,'partner_hcm_1@gmail.com','partner_hcm_1',NULL,'$2a$10$ICnT5oc80ZcRIkZxkqug/O430vXNLRRCUFjfxsxvY17p1Jm.VCBWm',NULL,NULL,'e4edf715-eab5-40a3-95f5-8c2de9c9d3d6',NULL,NULL,NULL,NULL,NULL,NULL),('7cf4c4e9-4546-481e-9cde-0beed1a5b26b',NULL,NULL,'2025-09-28 12:58:00.972732',NULL,'partner_nt_9@gmail.com','partner_nt_9',NULL,'$2a$10$qxP8SzTZSdqaaeFcLm4.k.eB50zhtvHOIAxBmiM/Wr21DF8qlvUka',NULL,NULL,'e4edf715-eab5-40a3-95f5-8c2de9c9d3d6',NULL,NULL,NULL,NULL,NULL,NULL),('7e4fcde3-7944-4d14-ad60-136b62009b9e',NULL,NULL,'2025-09-28 12:59:41.741485',NULL,'partner_hcm_2@gmail.com','partner_hcm_2',NULL,'$2a$10$sJ0qt1a1wH21op7A70NK8.oc45K0XTFego/O25mKABnUUCXMsNvxi',NULL,NULL,'e4edf715-eab5-40a3-95f5-8c2de9c9d3d6',NULL,NULL,NULL,NULL,NULL,NULL),('804e7011-7991-4e1d-913d-d843b6923d3d',NULL,NULL,'2025-09-13 14:40:11.071372',NULL,'admin@holidate.com','Admin',NULL,'$2a$10$I2Kna/AxYbS7DdI.Txn26eyUam3sH.DSR3DUZ9V6kONQLgCOPTAlG',NULL,NULL,'6c99242f-4928-4d73-9602-ccd944bf81a2',NULL,NULL,NULL,NULL,NULL,NULL),('853a1d78-2ebb-4eee-96cd-957878ec4524',NULL,NULL,'2025-09-28 12:58:58.438437',NULL,'partner_pt_7@gmail.com','partner_pt_7',NULL,'$2a$10$2uIirxpF4.2zVIX.r6jhJ.mLvm4OMqq97MKffh.vAvEzWDGrIeKEu',NULL,NULL,'e4edf715-eab5-40a3-95f5-8c2de9c9d3d6',NULL,NULL,NULL,NULL,NULL,NULL),('89ced1cc-c9c4-4bfc-80a6-b18e2f74a48d',NULL,NULL,'2025-09-28 13:02:29.110025',NULL,'partner_hn_2@gmail.com','partner_hn_2',NULL,'$2a$10$tnS.VAG8w0WiYtZX9EfKGuXs8BTb6Ba3HUIe9RICqFHpIkbOgTXOS',NULL,NULL,'e4edf715-eab5-40a3-95f5-8c2de9c9d3d6',NULL,NULL,NULL,NULL,NULL,NULL),('8c1da0c8-c7db-43ac-aab1-345b3eec9483',NULL,NULL,'2025-09-28 12:57:08.465789',NULL,'partner_nt_2@gmail.com','partner_nt_2',NULL,'$2a$10$UJQDfnPwa6XiHmexZYkTreqd.Yj8IqHwZ7wHb30wmZH1YBfdrvfwm',NULL,NULL,'e4edf715-eab5-40a3-95f5-8c2de9c9d3d6',NULL,NULL,NULL,NULL,NULL,NULL),('8e7e0db9-5434-4386-9aa8-0d25c00421ca',NULL,NULL,'2025-09-28 12:59:47.068044',NULL,'partner_hcm_3@gmail.com','partner_hcm_3',NULL,'$2a$10$mCELR59GD0nb13hg7gSfeeQ24fPVLGEyLmO2NeKfjQKeFQqLS9cGq',NULL,NULL,'e4edf715-eab5-40a3-95f5-8c2de9c9d3d6',NULL,NULL,NULL,NULL,NULL,NULL),('9103bbf1-6e43-40f6-827c-3fd64b55144f',NULL,NULL,'2025-09-28 13:01:22.178630',NULL,'partner_vt_4@gmail.com','partner_vt_4',NULL,'$2a$10$yTDC3gpcjqTBtfi3axsnU.sH266IjaC/yiI3gpB2lDGyaKGAnF9ES',NULL,NULL,'e4edf715-eab5-40a3-95f5-8c2de9c9d3d6',NULL,NULL,NULL,NULL,NULL,NULL),('9a1bdde6-b3c1-47c2-8a33-d68435d7d4eb',NULL,NULL,'2025-09-28 12:58:07.953846',NULL,'partner_nt_10@gmail.com','partner_nt_10',NULL,'$2a$10$Dwnk0qcJIvu6kChjyrxRcOmU9AjAk1rAAB.B7h4vXGBf5RYy2NVAy',NULL,NULL,'e4edf715-eab5-40a3-95f5-8c2de9c9d3d6',NULL,NULL,NULL,NULL,NULL,NULL),('9acb3732-c499-4a5d-bad9-36f5b986aa16',NULL,NULL,'2025-09-26 14:21:33.914096',NULL,'partner_dn_1@gmail.com','partner_dn_1',NULL,'$2a$10$8qhIq/8VtcVNeGY/Ggw8TufX0IhHkDxN0u.43VxCuhCyLNcawyh7y',NULL,NULL,'e4edf715-eab5-40a3-95f5-8c2de9c9d3d6',NULL,NULL,NULL,NULL,NULL,NULL),('9e3eb826-3b84-44dc-b415-06a7213de3b7',NULL,NULL,'2025-11-18 16:59:24.634532',NULL,'partner_v_2@gmail.com','partner_v_2',NULL,'$2a$10$SRE6NghzS2ZqOsumJS4dDuO5TQxOQbKPCah5Wp165CsIDMsvNYlN2',NULL,NULL,'e4edf715-eab5-40a3-95f5-8c2de9c9d3d6',NULL,NULL,NULL,NULL,NULL,NULL),('a47ac6df-3c70-40a0-8dcb-c1cbb553b212',NULL,NULL,'2025-09-28 13:01:43.476010',NULL,'partner_vt_8@gmail.com','partner_vt_8',NULL,'$2a$10$8poaS7RqDF6lw.QWpoOil.nbNnpTuL5uYNeLoeGCDa/omoFBF.GV2',NULL,NULL,'e4edf715-eab5-40a3-95f5-8c2de9c9d3d6',NULL,NULL,NULL,NULL,NULL,NULL),('a5807d7b-3ead-4859-8b4b-b8810df23d2a',NULL,NULL,'2025-09-26 14:22:19.185988',NULL,'partner_dn_4@gmail.com','partner_dn_4',NULL,'$2a$10$h11uvkqdqJlbtYsyNq.tCOWEGI4gRbB8FHyhBJlygPPJirmNTH5gi',NULL,NULL,'e4edf715-eab5-40a3-95f5-8c2de9c9d3d6',NULL,NULL,NULL,NULL,NULL,NULL),('a9a40c85-a35b-4a4c-b0b5-2dd8130f29cc',NULL,NULL,'2025-09-26 14:22:44.712167',NULL,'partner_dn_8@gmail.com','partner_dn_8',NULL,'$2a$10$YIHLV50TSi5VyN7Zo6GY8OiJymiq.jwil.Oo9HHp4ZZuFFVCGAz0y',NULL,NULL,'e4edf715-eab5-40a3-95f5-8c2de9c9d3d6',NULL,NULL,NULL,NULL,NULL,NULL),('ab4ffb9e-a4dc-43cb-b967-2d57de11584a',NULL,NULL,'2025-09-28 13:04:16.098070',NULL,'partner_hue_9@gmail.com','partner_hue_9',NULL,'$2a$10$MW7NvVaWI0XYDyoA3HsIS.2DjpdkJG8GuS5OCEDVj4cYfryFjIchO',NULL,NULL,'e4edf715-eab5-40a3-95f5-8c2de9c9d3d6',NULL,NULL,NULL,NULL,NULL,NULL),('ad4524ac-abc9-444e-ab86-b0babbd54a00',NULL,NULL,'2025-09-28 13:04:21.945753',NULL,'partner_hue_10@gmail.com','partner_hue_10',NULL,'$2a$10$2X7SNAFU4BZS1rRPuF4U5u/GCVIOfsqpyuYloI4/uakBCj9Sf6FKK',NULL,NULL,'e4edf715-eab5-40a3-95f5-8c2de9c9d3d6',NULL,NULL,NULL,NULL,NULL,NULL),('aeed9ed1-74cd-4826-8a57-96cc2ee9d0ea',NULL,NULL,'2025-10-21 05:35:00.934851',NULL,'phuctran27092004@gmail.com','Trần Văn Phúc',NULL,'$2a$10$O.2dJvTKDaFCtkRbS4NBZefDDzmsmvL23jMyKJJ/hV1Crg7VmCETq',NULL,'2025-10-21 05:49:39.077220','60f409dc-b164-47f3-8b77-5a42846e5dac',NULL,NULL,NULL,NULL,NULL,NULL),('afabdda4-4bcd-4994-b488-5b6da374e09a',NULL,NULL,'2025-09-28 13:03:33.057651',NULL,'partner_hue_1@gmail.com','partner_hue_1',NULL,'$2a$10$CoSSMTr7QVb4JXZwMvAHueNjygBebhlEd/.gnZS8kR/upEgUZy2Zm',NULL,NULL,'e4edf715-eab5-40a3-95f5-8c2de9c9d3d6',NULL,NULL,NULL,NULL,NULL,NULL),('b7321cbd-cbfd-4d21-b9b5-bcb57ff08759',NULL,NULL,'2025-11-18 16:44:05.349104',NULL,'partner_v_1@gmail.com','partner_v_1',NULL,'$2a$10$m73.dGBHGi6GAtD.2OA2GO0c/5blW4g1o7ozSCHNpRon3z.H5qjCS',NULL,NULL,'e4edf715-eab5-40a3-95f5-8c2de9c9d3d6',NULL,NULL,NULL,NULL,NULL,NULL),('b73c9cca-dba8-42d7-bd36-bc576242ba9b',NULL,NULL,'2025-09-26 14:22:25.822287',NULL,'partner_dn_5@gmail.com','partner_dn_5',NULL,'$2a$10$EbxIhLakLcF/cFEDdXYq.OT/EMwfXJOIjN9mpRRWKhSgYoKfPbGby',NULL,NULL,'e4edf715-eab5-40a3-95f5-8c2de9c9d3d6',NULL,NULL,NULL,NULL,NULL,NULL),('b8017b38-fe06-4f7c-8af1-010c7379bc61',NULL,NULL,'2025-11-18 17:04:21.036107',NULL,'partner_v_4@gmail.com','partner_v_4',NULL,'$2a$10$64vZ07.5oadWW.JX6OY9iOxnLpiSpt/qAPazp0y6A2Upm/5tVOhXe','0933561705',NULL,'e4edf715-eab5-40a3-95f5-8c2de9c9d3d6',NULL,NULL,NULL,NULL,NULL,NULL),('c1a5d041-8a1c-46e7-af24-b93ba90e5ed7',NULL,NULL,'2025-09-28 13:04:05.994838',NULL,'partner_hue_7@gmail.com','partner_hue_7',NULL,'$2a$10$HfAo6odAbNvXtwe6cv2zUOR1cQ.EQbJXjOwk/FTX9Fc2mVGLiaOdS',NULL,NULL,'e4edf715-eab5-40a3-95f5-8c2de9c9d3d6',NULL,NULL,NULL,NULL,NULL,NULL),('c3be1947-0515-4f04-8633-9b7356a7525f',NULL,NULL,'2025-09-28 13:03:11.940019',NULL,'partner_hn_9@gmail.com','partner_hn_9',NULL,'$2a$10$iVszag9QfShfer5DhCN6.e4kxTx5Pma0VMeUYVBXlBDYw/DqCmPEy',NULL,NULL,'e4edf715-eab5-40a3-95f5-8c2de9c9d3d6',NULL,NULL,NULL,NULL,NULL,NULL),('c9350a47-70c3-4ca4-abec-e4176ef3d720',NULL,NULL,'2025-09-28 13:02:55.092681',NULL,'partner_hn_6@gmail.com','partner_hn_6',NULL,'$2a$10$Yl.w.dmeliJiciykfgFQm.Kei66WWdwWyigI1H.53B0.YrQwSHwpK',NULL,NULL,'e4edf715-eab5-40a3-95f5-8c2de9c9d3d6',NULL,NULL,NULL,NULL,NULL,NULL),('c9635331-dfce-4e31-bf06-f6c9226eb400',NULL,NULL,'2025-09-28 13:01:38.048952',NULL,'partner_vt_7@gmail.com','partner_vt_7',NULL,'$2a$10$PxUvbu4Ew90E2X1tTMQWb.87sG7WiC.lSiKWK5/rEZnaMadALmXIC',NULL,NULL,'e4edf715-eab5-40a3-95f5-8c2de9c9d3d6',NULL,NULL,NULL,NULL,NULL,NULL),('cc896753-3b1a-47c0-af47-67fc588f483a',NULL,NULL,'2025-09-28 13:02:40.377344',NULL,'partner_hn_4@gmail.com','partner_hn_4',NULL,'$2a$10$DrVse0PxfbNxkmE3Y9PF1eNxorcD.CvDj72xma9PZs4U6DReEaMXu',NULL,NULL,'e4edf715-eab5-40a3-95f5-8c2de9c9d3d6',NULL,NULL,NULL,NULL,NULL,NULL),('d290ddb3-dee4-4e96-8979-ec8b8d18109c',NULL,NULL,'2025-09-28 13:04:00.996779',NULL,'partner_hue_6@gmail.com','partner_hue_6',NULL,'$2a$10$GsTmxXAMe98DOsbR8IsqgOr0vG3wLLdpA2YlQStnYHhh5MRnJvjbi',NULL,NULL,'e4edf715-eab5-40a3-95f5-8c2de9c9d3d6',NULL,NULL,NULL,NULL,NULL,NULL),('d70da15a-914a-4910-b7dd-e69e5e5f26c8',NULL,NULL,'2025-09-28 12:58:40.636134',NULL,'partner_pt_4@gmail.com','partner_pt_4',NULL,'$2a$10$79/g8V4C6xIyXrfTXAdjm.3FaEgKvsSI0RpT9LMw6wV9D9Ly1BqyW',NULL,NULL,'e4edf715-eab5-40a3-95f5-8c2de9c9d3d6',NULL,NULL,NULL,NULL,NULL,NULL),('df7e8bd2-e982-444b-b529-74ef2d1083c9',NULL,NULL,'2025-09-28 12:59:52.205191',NULL,'partner_hcm_4@gmail.com','partner_hcm_4',NULL,'$2a$10$VN6RAilXo7352Z.K.a8qbOF6j0SZ3Ls0joNWZvAGy4hcLZeeD8Csu',NULL,NULL,'e4edf715-eab5-40a3-95f5-8c2de9c9d3d6',NULL,NULL,NULL,NULL,NULL,NULL),('dfab2141-972b-4594-8573-d70bff2f2c0d',NULL,NULL,'2025-09-28 12:57:15.232895',NULL,'partner_nt_3@gmail.com','partner_nt_3',NULL,'$2a$10$1wrmPizRCatMf64awbISI.VmhcWa.WCg22oQDdeyTShmSXRb2ReCa',NULL,NULL,'e4edf715-eab5-40a3-95f5-8c2de9c9d3d6',NULL,NULL,NULL,NULL,NULL,NULL),('e0ed0946-9640-4059-8a95-56f35c634bc7',NULL,NULL,'2025-09-28 13:04:10.851878',NULL,'partner_hue_8@gmail.com','partner_hue_8',NULL,'$2a$10$cMFjarruyzpu3oiXIjmF2uWtKqHhg2gRGeOmdGlHN0l.YcYxuq/Am',NULL,NULL,'e4edf715-eab5-40a3-95f5-8c2de9c9d3d6',NULL,NULL,NULL,NULL,NULL,NULL),('e5988f91-5e10-4eb0-b7ce-1f7402ab5178',NULL,NULL,'2025-09-28 13:03:18.102315',NULL,'partner_hn_10@gmail.com','partner_hn_10',NULL,'$2a$10$xesDq9mM6CDSw5Ge5HWCd.9.YkHDhoL8WIm.APJq.bXw93dHcNLdi',NULL,NULL,'e4edf715-eab5-40a3-95f5-8c2de9c9d3d6',NULL,NULL,NULL,NULL,NULL,NULL),('e668d229-86a7-4d13-a724-a71fc5da18a3',NULL,NULL,'2025-09-26 14:22:39.220264',NULL,'partner_dn_7@gmail.com','partner_dn_7',NULL,'$2a$10$ZwphcV8W.ULTS2aeOZIh0eIvvNfGqkc1Y1Y2FijJsCbB1Ef8BVkqq',NULL,NULL,'e4edf715-eab5-40a3-95f5-8c2de9c9d3d6',NULL,NULL,NULL,NULL,NULL,NULL),('ea8b1105-d610-4d8c-9ff9-a71ed583d571',NULL,NULL,'2025-09-28 12:58:51.704425',NULL,'partner_pt_6@gmail.com','partner_pt_6',NULL,'$2a$10$PKdDEyv9eB4U98bo1VrdDu8noZ8USvp3O7UqPiuWvbtOK5XRTKYsq',NULL,NULL,'e4edf715-eab5-40a3-95f5-8c2de9c9d3d6',NULL,NULL,NULL,NULL,NULL,NULL),('eddc010d-74d0-4551-866a-9ac0f335d296',NULL,NULL,'2025-09-28 13:03:39.424666',NULL,'partner_hue_2@gmail.com','partner_hue_2',NULL,'$2a$10$TsmOtWoK1VRHMx7ezeRHBuzjSBHikfJiD3F4JJJXpsPXYwQLQ/Vb.',NULL,NULL,'e4edf715-eab5-40a3-95f5-8c2de9c9d3d6',NULL,NULL,NULL,NULL,NULL,NULL),('efab574c-4b18-482f-ba34-3644bc7379c4',NULL,NULL,'2025-09-28 12:58:22.224941',NULL,'partner_pt_1@gmail.com','partner_pt_1',NULL,'$2a$10$v4XFVJH/KGYR264rabZtC.aWumOStA7KRTvOYO5X3bSpWfpV8pS0m',NULL,NULL,'e4edf715-eab5-40a3-95f5-8c2de9c9d3d6',NULL,NULL,NULL,NULL,NULL,NULL),('f0a17ae3-87d1-4c35-b7cb-c6fa9f406091',NULL,NULL,'2025-09-14 16:53:27.359500',NULL,'abc@gmail.com','Pham Nguyen Minh Khang',NULL,'$2a$10$RY4.wLDBExb.U3K9YWbCkuEz8mIz33q728SFjDP6arzlnVvLgX50.',NULL,NULL,'60f409dc-b164-47f3-8b77-5a42846e5dac',NULL,NULL,NULL,NULL,NULL,NULL),('f0d12ef1-725b-4785-afde-3cc0f4d6a4c9',NULL,'https://lh3.googleusercontent.com/a/ACg8ocJu80Nk5iTzkzcY4snUmlyFzVcl-VpahWqI9UAD7RFEPzC3ZANR=s96-c','2025-10-17 15:29:00.717265',NULL,'phamminhkhangpy2003@gmail.com','Minh Khang Phạm',NULL,'$2a$10$.w3ohEc87TWtz2QI1ghmguCGzdQVumkDRWwrYvjBFSGQYciVeF2GW',NULL,'2025-10-17 15:33:17.762551','60f409dc-b164-47f3-8b77-5a42846e5dac',NULL,NULL,NULL,NULL,NULL,NULL),('f1174deb-4ebf-4ea5-bd9c-2e337e5841f4',NULL,NULL,'2025-09-28 12:59:08.833532',NULL,'partner_pt_9@gmail.com','partner_pt_9',NULL,'$2a$10$09eiNKFSZrqXhR8h8UN8a.1GnWqHV4iIdKZPdVZIEignNxzC8dJwy',NULL,NULL,'e4edf715-eab5-40a3-95f5-8c2de9c9d3d6',NULL,NULL,NULL,NULL,NULL,NULL),('f121dd68-8d4c-4764-a3bf-54611b249c2d',NULL,'https://lh3.googleusercontent.com/a/ACg8ocJXLxfYkUEaln32yUQRSgxtCSmuyD9psixK8mgMXtP9J-Ekmg=s96-c','2025-09-14 14:10:24.784616',NULL,'phuquocdkvn@gmail.com','Phu Quoc',NULL,NULL,NULL,NULL,'60f409dc-b164-47f3-8b77-5a42846e5dac',NULL,NULL,NULL,NULL,NULL,NULL),('f12f43d5-4359-4619-8288-78c8730b9e7b',NULL,NULL,'2025-09-28 12:59:03.497429',NULL,'partner_pt_8@gmail.com','partner_pt_8',NULL,'$2a$10$N3lq1qFyFCRlDYM78DuaFuKqQgR9sDa/2J54iTRlqRyk.ycHsLbQW',NULL,NULL,'e4edf715-eab5-40a3-95f5-8c2de9c9d3d6',NULL,NULL,NULL,NULL,NULL,NULL),('fa1f6096-cbd0-4ea4-a030-8195321a879e',NULL,NULL,'2025-09-28 12:57:26.560898',NULL,'partner_nt_5@gmail.com','partner_nt_5',NULL,'$2a$10$Txr3eSKAbtBeuchNJ3RSVOi2Ibk81m/6tJow/n8WXhT4ixIqkhiFy',NULL,NULL,'e4edf715-eab5-40a3-95f5-8c2de9c9d3d6',NULL,NULL,NULL,NULL,NULL,NULL),('fd0feb0b-aec0-4d20-9f5c-55912a074509',NULL,NULL,'2025-10-17 16:59:22.491390',NULL,'ph4@gmail.com','Kỳ Phương',NULL,'$2a$10$J.JwWuAI.cQqXj/mkl4vuO39qACMg5xx.qr3hyLPQkVOFJ0/j0V8K',NULL,NULL,'60f409dc-b164-47f3-8b77-5a42846e5dac',NULL,NULL,NULL,NULL,NULL,NULL),('fea3dedc-0f0a-42f3-9619-2868bce2020f',NULL,NULL,'2025-09-28 13:01:58.630383',NULL,'partner_vt_10@gmail.com','partner_vt_10',NULL,'$2a$10$Uguvph8sfexw.foefqGkY.IgsGP4FXzC6PORk/SPseEshsOcb3qbG',NULL,NULL,'e4edf715-eab5-40a3-95f5-8c2de9c9d3d6',NULL,NULL,NULL,NULL,NULL,NULL);
/*!40000 ALTER TABLE `users` ENABLE KEYS */;
UNLOCK TABLES;

--
-- Table structure for table `wards`
--

DROP TABLE IF EXISTS `wards`;
/*!40101 SET @saved_cs_client     = @@character_set_client */;
/*!50503 SET character_set_client = utf8mb4 */;
CREATE TABLE `wards` (
  `id` varchar(255) NOT NULL,
  `code` varchar(255) NOT NULL,
  `name` varchar(255) NOT NULL,
  `district_id` varchar(255) NOT NULL,
  PRIMARY KEY (`id`),
  KEY `idx_wards_district_id` (`district_id`),
  KEY `idx_wards_name` (`name`),
  CONSTRAINT `FKfjqt744bo800mb5uax74lav8k` FOREIGN KEY (`district_id`) REFERENCES `districts` (`id`)
) ENGINE=InnoDB DEFAULT CHARSET=utf8mb4 COLLATE=utf8mb4_0900_ai_ci;
/*!40101 SET character_set_client = @saved_cs_client */;

--
-- Dumping data for table `wards`
--

LOCK TABLES `wards` WRITE;
/*!40000 ALTER TABLE `wards` DISABLE KEYS */;
INSERT INTO `wards` VALUES ('035af78b-1eda-48c8-ac7b-65fba38edbbc','TS','đường Thi Sách','a6958d3a-9fc0-469c-a30e-27781bec75e0'),('04c708ab-97d4-11f0-a7b7-0a6aab4924ab','','Phường Thọ Quang','9d0e4548-97d2-11f0-a7b7-0a6aab4924ab'),('04c72b72-97d4-11f0-a7b7-0a6aab4924ab','','Phường Nại Hiên Đông','9d0e4548-97d2-11f0-a7b7-0a6aab4924ab'),('04c72cec-97d4-11f0-a7b7-0a6aab4924ab','','Phường Mân Thái','9d0e4548-97d2-11f0-a7b7-0a6aab4924ab'),('04c72dda-97d4-11f0-a7b7-0a6aab4924ab','','Phường An Hải Bắc','9d0e4548-97d2-11f0-a7b7-0a6aab4924ab'),('04c72f84-97d4-11f0-a7b7-0a6aab4924ab','','Phường Phước Mỹ','9d0e4548-97d2-11f0-a7b7-0a6aab4924ab'),('04c730c6-97d4-11f0-a7b7-0a6aab4924ab','','Phường An Hải Tây','9d0e4548-97d2-11f0-a7b7-0a6aab4924ab'),('04c7320f-97d4-11f0-a7b7-0a6aab4924ab','','Phường An Hải Đông','9d0e4548-97d2-11f0-a7b7-0a6aab4924ab'),('0c9e6ddc-8b86-4fe4-b434-d8cd61377480','PB','phường Bưởi','7098733d-9c3f-11f0-a7b7-0a6aab4924ab'),('0e9c8d35-9c3e-11f0-a7b7-0a6aab4924ab','','Phường Thắng Tam','0a9c78db-9c3e-11f0-a7b7-0a6aab4924ab'),('107f7b44-9c3e-11f0-a7b7-0a6aab4924ab','','Phường 2','0a9c78db-9c3e-11f0-a7b7-0a6aab4924ab'),('116f0b3d-9c3e-11f0-a7b7-0a6aab4924ab','','Phường 1','0a9c78db-9c3e-11f0-a7b7-0a6aab4924ab'),('12b5471a-9c3e-11f0-a7b7-0a6aab4924ab','','Phường 5','0a9c78db-9c3e-11f0-a7b7-0a6aab4924ab'),('15bc3391-9c40-11f0-a7b7-0a6aab4924ab','','Phường Phú Hội','116d8f52-9c40-11f0-a7b7-0a6aab4924ab'),('16cf9d77-9c40-11f0-a7b7-0a6aab4924ab','','Phường Vĩnh Ninh','116d8f52-9c40-11f0-a7b7-0a6aab4924ab'),('1a374d11-9c40-11f0-a7b7-0a6aab4924ab','','Phường Thuận Thành','116d8f52-9c40-11f0-a7b7-0a6aab4924ab'),('23d4ab73-483b-4bf0-a942-6f3f4a5d5d54','PHD','phường Hưng Dũng','95246789-3e3f-4669-af00-36b6581fc514'),('2aa9cc79-97d4-11f0-a7b7-0a6aab4924ab','','Phường Mỹ An','9d0e463c-97d2-11f0-a7b7-0a6aab4924ab'),('2aa9d01b-97d4-11f0-a7b7-0a6aab4924ab','','Phường Khuê Mỹ','9d0e463c-97d2-11f0-a7b7-0a6aab4924ab'),('2aa9d0ef-97d4-11f0-a7b7-0a6aab4924ab','','Phường Hoà Quý','9d0e463c-97d2-11f0-a7b7-0a6aab4924ab'),('2aa9d16d-97d4-11f0-a7b7-0a6aab4924ab','','Phường Hoà Hải','9d0e463c-97d2-11f0-a7b7-0a6aab4924ab'),('40ac9a42-47f1-47d5-a550-38b186085f8e','123123123','xã Quỳ Hợp','c1bca654-99be-426e-ba1a-88887219bd77'),('448f2972-97d4-11f0-a7b7-0a6aab4924ab','','Phường Hòa Hiệp Bắc','9d0e22ce-97d2-11f0-a7b7-0a6aab4924ab'),('448f2e55-97d4-11f0-a7b7-0a6aab4924ab','','Phường Hòa Hiệp Nam','9d0e22ce-97d2-11f0-a7b7-0a6aab4924ab'),('448f2f0d-97d4-11f0-a7b7-0a6aab4924ab','','Phường Hòa Khánh Bắc','9d0e22ce-97d2-11f0-a7b7-0a6aab4924ab'),('448f2f93-97d4-11f0-a7b7-0a6aab4924ab','','Phường Hòa Khánh Nam','9d0e22ce-97d2-11f0-a7b7-0a6aab4924ab'),('448f31c8-97d4-11f0-a7b7-0a6aab4924ab','','Phường Hòa Minh','9d0e22ce-97d2-11f0-a7b7-0a6aab4924ab'),('49621cd2-ea24-41c6-a0ca-bcdca9944163','P8X','Phường 8','8c60e3fd-d001-46d3-8c3f-7fdec5ed9362'),('58d01f0e-97ac-4975-8c1b-9c5f635d7497','XQT','xã Quỳnh Thanh','75f84d11-c43c-4f1c-afdf-ee4b781a3e41'),('60d7b795-9c39-11f0-a7b7-0a6aab4924ab','','Phường Lộc Thọ','3edb5675-9c39-11f0-a7b7-0a6aab4924ab'),('60d7bc7a-9c39-11f0-a7b7-0a6aab4924ab','','Phường Tân Lập','3edb5675-9c39-11f0-a7b7-0a6aab4924ab'),('60d7bd2e-9c39-11f0-a7b7-0a6aab4924ab','','Phường Vạn Thạnh','3edb5675-9c39-11f0-a7b7-0a6aab4924ab'),('60d7bdcd-9c39-11f0-a7b7-0a6aab4924ab','','Phường Xương Huân','3edb5675-9c39-11f0-a7b7-0a6aab4924ab'),('60d7be60-9c39-11f0-a7b7-0a6aab4924ab','','Phường Vĩnh Nguyên','3edb5675-9c39-11f0-a7b7-0a6aab4924ab'),('60d7bf17-9c39-11f0-a7b7-0a6aab4924ab','','Phường Vĩnh Hải','3edb5675-9c39-11f0-a7b7-0a6aab4924ab'),('6e2c36a2-97d4-11f0-a7b7-0a6aab4924ab','','Phường Khuê Trung','9d0e46d7-97d2-11f0-a7b7-0a6aab4924ab'),('6e2c3bea-97d4-11f0-a7b7-0a6aab4924ab','','Phường Hòa Phát','9d0e46d7-97d2-11f0-a7b7-0a6aab4924ab'),('6e2c3c9b-97d4-11f0-a7b7-0a6aab4924ab','','Phường Hòa An','9d0e46d7-97d2-11f0-a7b7-0a6aab4924ab'),('6e2c3d24-97d4-11f0-a7b7-0a6aab4924ab','','Phường Hòa Thọ Tây','9d0e46d7-97d2-11f0-a7b7-0a6aab4924ab'),('6e2c3e97-97d4-11f0-a7b7-0a6aab4924ab','','Phường Hòa Thọ Đông','9d0e46d7-97d2-11f0-a7b7-0a6aab4924ab'),('6e2c3f22-97d4-11f0-a7b7-0a6aab4924ab','','Phường Hòa Xuân','9d0e46d7-97d2-11f0-a7b7-0a6aab4924ab'),('7a1cbc26-9c3f-11f0-a7b7-0a6aab4924ab','','Phường Hàng Buồm','6f4c197a-9c3f-11f0-a7b7-0a6aab4924ab'),('7b50a9b8-9c3f-11f0-a7b7-0a6aab4924ab','','Phường Tràng Tiền','6f4c197a-9c3f-11f0-a7b7-0a6aab4924ab'),('7e15e2d6-9c3f-11f0-a7b7-0a6aab4924ab','','Phường Hàng Bông','6f4c197a-9c3f-11f0-a7b7-0a6aab4924ab'),('7fc0afb9-9c3f-11f0-a7b7-0a6aab4924ab','','Phường Quảng An','7098733d-9c3f-11f0-a7b7-0a6aab4924ab'),('833f32e5-9c3f-11f0-a7b7-0a6aab4924ab','','Phường Điện Biên','71ce30be-9c3f-11f0-a7b7-0a6aab4924ab'),('84ae5350-9c3f-11f0-a7b7-0a6aab4924ab','','Phường Ngọc Khánh','71ce30be-9c3f-11f0-a7b7-0a6aab4924ab'),('874f96be-9b46-11f0-a7b7-0a6aab4924ab','','Phường An Hải Nam','9d0e4548-97d2-11f0-a7b7-0a6aab4924ab'),('883589aa-9c3f-11f0-a7b7-0a6aab4924ab','','Phường Dịch Vọng Hậu','72e23da9-9c3f-11f0-a7b7-0a6aab4924ab'),('8a664b17-9c3f-11f0-a7b7-0a6aab4924ab','','Phường Mễ Trì','744b96c7-9c3f-11f0-a7b7-0a6aab4924ab'),('91be3f69-658b-4754-ab21-0208278b4082','BĐ','Bạch Đằng','e69d54c0-42d6-48fa-8573-6b9260fea7b9'),('a135e6ea-97d4-11f0-a7b7-0a6aab4924ab','','Xã Hòa Bắc','9d0e4755-97d2-11f0-a7b7-0a6aab4924ab'),('a135ea7b-97d4-11f0-a7b7-0a6aab4924ab','','Xã Hòa Liên','9d0e4755-97d2-11f0-a7b7-0a6aab4924ab'),('a135eb21-97d4-11f0-a7b7-0a6aab4924ab','','Xã Hòa Ninh','9d0e4755-97d2-11f0-a7b7-0a6aab4924ab'),('a135eb9d-97d4-11f0-a7b7-0a6aab4924ab','','Xã Hòa Sơn','9d0e4755-97d2-11f0-a7b7-0a6aab4924ab'),('a135ec15-97d4-11f0-a7b7-0a6aab4924ab','','Xã Hòa Nhơn','9d0e4755-97d2-11f0-a7b7-0a6aab4924ab'),('a135ec87-97d4-11f0-a7b7-0a6aab4924ab','','Xã Hòa Phú','9d0e4755-97d2-11f0-a7b7-0a6aab4924ab'),('a135ecf6-97d4-11f0-a7b7-0a6aab4924ab','','Xã Hòa Phong','9d0e4755-97d2-11f0-a7b7-0a6aab4924ab'),('a135ee3b-97d4-11f0-a7b7-0a6aab4924ab','','Xã Hòa Châu','9d0e4755-97d2-11f0-a7b7-0a6aab4924ab'),('a135eefb-97d4-11f0-a7b7-0a6aab4924ab','','Xã Hòa Tiến','9d0e4755-97d2-11f0-a7b7-0a6aab4924ab'),('a135f001-97d4-11f0-a7b7-0a6aab4924ab','','Xã Hòa Phước','9d0e4755-97d2-11f0-a7b7-0a6aab4924ab'),('a135f29c-97d4-11f0-a7b7-0a6aab4924ab','','Xã Hòa Khương','9d0e4755-97d2-11f0-a7b7-0a6aab4924ab'),('a2e41973-b411-49c3-88cb-9dad66bedfce','P2','Phường 2','3903b90e-7fe6-4b85-8354-2b704776b14a'),('a3b7488b-97d3-11f0-a7b7-0a6aab4924ab','','Phường Thạch Thang','9d0e4439-97d2-11f0-a7b7-0a6aab4924ab'),('a3b74c7e-97d3-11f0-a7b7-0a6aab4924ab','','Phường Hải Châu I','9d0e4439-97d2-11f0-a7b7-0a6aab4924ab'),('a3b74de7-97d3-11f0-a7b7-0a6aab4924ab','','Phường Hải Châu II','9d0e4439-97d2-11f0-a7b7-0a6aab4924ab'),('a3b74e7b-97d3-11f0-a7b7-0a6aab4924ab','','Phường Phước Ninh','9d0e4439-97d2-11f0-a7b7-0a6aab4924ab'),('a3b75040-97d3-11f0-a7b7-0a6aab4924ab','','Phường Hòa Thuận Tây','9d0e4439-97d2-11f0-a7b7-0a6aab4924ab'),('a3b75107-97d3-11f0-a7b7-0a6aab4924ab','','Phường Hòa Thuận Đông','9d0e4439-97d2-11f0-a7b7-0a6aab4924ab'),('a3b75188-97d3-11f0-a7b7-0a6aab4924ab','','Phường Nam Dương','9d0e4439-97d2-11f0-a7b7-0a6aab4924ab'),('a3b751fb-97d3-11f0-a7b7-0a6aab4924ab','','Phường Bình Hiên','9d0e4439-97d2-11f0-a7b7-0a6aab4924ab'),('a3b75273-97d3-11f0-a7b7-0a6aab4924ab','','Phường Bình Thuận','9d0e4439-97d2-11f0-a7b7-0a6aab4924ab'),('a3b752e6-97d3-11f0-a7b7-0a6aab4924ab','','Phường Hòa Cường Bắc','9d0e4439-97d2-11f0-a7b7-0a6aab4924ab'),('a3b75370-97d3-11f0-a7b7-0a6aab4924ab','','Phường Hòa Cường Nam','9d0e4439-97d2-11f0-a7b7-0a6aab4924ab'),('a3b753fe-97d3-11f0-a7b7-0a6aab4924ab','','Phường Thanh Bình','9d0e4439-97d2-11f0-a7b7-0a6aab4924ab'),('a3b75484-97d3-11f0-a7b7-0a6aab4924ab','','Phường Thuận Phước','9d0e4439-97d2-11f0-a7b7-0a6aab4924ab'),('cdd806a3-97c9-48e0-b155-6ff263b6617f','test code 1','Xã này test 1','c1bca654-99be-426e-ba1a-88887219bd77'),('d7ab9dcb-9c3b-11f0-a7b7-0a6aab4924ab','','Phường Hàm Tiến','b97ecc88-9c3b-11f0-a7b7-0a6aab4924ab'),('d94b2498-9c3b-11f0-a7b7-0a6aab4924ab','','Phường Mũi Né','b97ecc88-9c3b-11f0-a7b7-0a6aab4924ab'),('da671c7a-9c3b-11f0-a7b7-0a6aab4924ab','','Xã Tiến Thành','b97ecc88-9c3b-11f0-a7b7-0a6aab4924ab'),('dc84f2dc-9c3b-11f0-a7b7-0a6aab4924ab','','Phường Phú Thủy','b97ecc88-9c3b-11f0-a7b7-0a6aab4924ab'),('ddb0a2ab-9c3b-11f0-a7b7-0a6aab4924ab','','Phường Bình Hưng','b97ecc88-9c3b-11f0-a7b7-0a6aab4924ab'),('ddb28917-5212-435d-b02c-08e30d55a2a7','TP','Phường Tân Phú','eb9d9d7d-9c3c-11f0-a7b7-0a6aab4924ab'),('dee3fb08-9c3b-11f0-a7b7-0a6aab4924ab','','Phường Hưng Long','b97ecc88-9c3b-11f0-a7b7-0a6aab4924ab'),('e4245647-97d3-11f0-a7b7-0a6aab4924ab','','Phường Tam Thuận','9d0e4273-97d2-11f0-a7b7-0a6aab4924ab'),('e42459e6-97d3-11f0-a7b7-0a6aab4924ab','','Phường Thanh Khê Tây','9d0e4273-97d2-11f0-a7b7-0a6aab4924ab'),('e4245a80-97d3-11f0-a7b7-0a6aab4924ab','','Phường Thanh Khê Đông','9d0e4273-97d2-11f0-a7b7-0a6aab4924ab'),('e4245bcc-97d3-11f0-a7b7-0a6aab4924ab','','Phường Xuân Hà','9d0e4273-97d2-11f0-a7b7-0a6aab4924ab'),('e4245c7c-97d3-11f0-a7b7-0a6aab4924ab','','Phường Tân Chính','9d0e4273-97d2-11f0-a7b7-0a6aab4924ab'),('e4245d10-97d3-11f0-a7b7-0a6aab4924ab','','Phường Chính Gián','9d0e4273-97d2-11f0-a7b7-0a6aab4924ab'),('e4245d8e-97d3-11f0-a7b7-0a6aab4924ab','','Phường Vĩnh Trung','9d0e4273-97d2-11f0-a7b7-0a6aab4924ab'),('e4245e8f-97d3-11f0-a7b7-0a6aab4924ab','','Phường Thạc Gián','9d0e4273-97d2-11f0-a7b7-0a6aab4924ab'),('e4245f78-97d3-11f0-a7b7-0a6aab4924ab','','Phường An Khê','9d0e4273-97d2-11f0-a7b7-0a6aab4924ab'),('e4245fec-97d3-11f0-a7b7-0a6aab4924ab','','Phường Hòa Khê','9d0e4273-97d2-11f0-a7b7-0a6aab4924ab'),('ed95865f-b7c4-4323-827a-402eec4726f6','NTH','Nguyễn Thái Học','71ce30be-9c3f-11f0-a7b7-0a6aab4924ab'),('f47dd575-9c3c-11f0-a7b7-0a6aab4924ab','','Phường Bến Nghé','e4140ff0-9c3c-11f0-a7b7-0a6aab4924ab'),('f5a8a231-9c3c-11f0-a7b7-0a6aab4924ab','','Phường Bến Thành','e4140ff0-9c3c-11f0-a7b7-0a6aab4924ab'),('f7209bbe-9c3c-11f0-a7b7-0a6aab4924ab','','Phường Phạm Ngũ Lão','e4140ff0-9c3c-11f0-a7b7-0a6aab4924ab'),('f80a131c-80a2-41f6-97a3-559af225f5e4','test code','Xã này test','c1bca654-99be-426e-ba1a-88887219bd77'),('f86c3121-9c3c-11f0-a7b7-0a6aab4924ab','','Phường Võ Thị Sáu','e81c0f10-9c3c-11f0-a7b7-0a6aab4924ab'),('fbb2f621-9c3c-11f0-a7b7-0a6aab4924ab','','Phường 10','e9aa7450-9c3c-11f0-a7b7-0a6aab4924ab'),('fcdba4bd-9c3c-11f0-a7b7-0a6aab4924ab','','Phường Tân Phong','eb9d9d7d-9c3c-11f0-a7b7-0a6aab4924ab'),('fe0b995a-9c3c-11f0-a7b7-0a6aab4924ab','','Phường 2','ed1bbf4f-9c3c-11f0-a7b7-0a6aab4924ab'),('ff555780-9c3c-11f0-a7b7-0a6aab4924ab','','Phường Thảo Điền','ee929941-9c3c-11f0-a7b7-0a6aab4924ab');
/*!40000 ALTER TABLE `wards` ENABLE KEYS */;
UNLOCK TABLES;

--
-- Dumping routines for database 'holidate_db'
--
SET @@SESSION.SQL_LOG_BIN = @MYSQLDUMP_TEMP_LOG_BIN;
/*!40103 SET TIME_ZONE=@OLD_TIME_ZONE */;

/*!40101 SET SQL_MODE=@OLD_SQL_MODE */;
/*!40014 SET FOREIGN_KEY_CHECKS=@OLD_FOREIGN_KEY_CHECKS */;
/*!40014 SET UNIQUE_CHECKS=@OLD_UNIQUE_CHECKS */;
/*!40101 SET CHARACTER_SET_CLIENT=@OLD_CHARACTER_SET_CLIENT */;
/*!40101 SET CHARACTER_SET_RESULTS=@OLD_CHARACTER_SET_RESULTS */;
/*!40101 SET COLLATION_CONNECTION=@OLD_COLLATION_CONNECTION */;
/*!40111 SET SQL_NOTES=@OLD_SQL_NOTES */;

-- Dump completed on 2025-11-23 13:37:45
